nohup: ignoring input
cdi  warning (set_coordinates_varids): Coordinates variable number can't be assigned!
cdi  warning (set_coordinates_varids): Coordinates variable expver can't be assigned!
cdo    remapbil: Bilinear weights from lonlat (1440x721) to lonlat (360x128) grid
cdo    remapbil: Bilinear weights from lonlat (1440x721) to lonlat (360x128) grid, with source mask (686364)
cdi  warning (set_coordinates_varids): Coordinates variable number can't be assigned!
cdi  warning (set_coordinates_varids): Coordinates variable expver can't be assigned!
cdo    remapbil: Bilinear weights from lonlat (1440x721) to lonlat (360x128) grid
cdo    remapbil: Bilinear weights from lonlat (1440x721) to lonlat (360x128) grid, with source mask (686364)
cdi  warning (set_coordinates_varids): Coordinates variable number can't be assigned!
cdi  warning (set_coordinates_varids): Coordinates variable expver can't be assigned!
cdo    remapbil: Bilinear weights from lonlat (1440x721) to lonlat (360x128) grid
cdo    remapbil: Bilinear weights from lonlat (1440x721) to lonlat (360x128) grid, with source mask (686364)
cdi  warning (set_coordinates_varids): Coordinates variable number can't be assigned!
cdi  warning (set_coordinates_varids): Coordinates variable expver can't be assigned!
cdo    remapbil: Bilinear weights from lonlat (1440x721) to lonlat (360x128) grid
cdo    remapbil: Bilinear weights from lonlat (1440x721) to lonlat (360x128) grid, with source mask (686364)
cdi  warning (set_coordinates_varids): Coordinates variable number can't be assigned!
cdi  warning (set_coordinates_varids): Coordinates variable expver can't be assigned!
cdo    remapbil: Bilinear weights from lonlat (1440x721) to lonlat (360x128) grid
cdo    remapbil: Bilinear weights from lonlat (1440x721) to lonlat (360x128) grid, with source mask (686364)
cdi  warning (set_coordinates_varids): Coordinates variable number can't be assigned!
cdi  warning (set_coordinates_varids): Coordinates variable expver can't be assigned!
cdo    remapbil: Bilinear weights from lonlat (1440x721) to lonlat (360x128) grid
cdo    remapbil: Bilinear weights from lonlat (1440x721) to lonlat (360x128) grid, with source mask (686364)
cdi  warning (set_coordinates_varids): Coordinates variable number can't be assigned!
cdi  warning (set_coordinates_varids): Coordinates variable expver can't be assigned!
cdo    remapbil: Bilinear weights from lonlat (1440x721) to lonlat (360x128) grid
cdo    remapbil: Bilinear weights from lonlat (1440x721) to lonlat (360x128) grid, with source mask (686364)
cdi  warning (set_coordinates_varids): Coordinates variable number can't be assigned!
cdi  warning (set_coordinates_varids): Coordinates variable expver can't be assigned!
cdo    remapbil: Bilinear weights from lonlat (1440x721) to lonlat (360x128) grid
cdo    remapbil: Bilinear weights from lonlat (1440x721) to lonlat (360x128) grid, with source mask (686364)
cdi  warning (set_coordinates_varids): Coordinates variable number can't be assigned!
cdi  warning (set_coordinates_varids): Coordinates variable expver can't be assigned!
cdo    remapbil: Bilinear weights from lonlat (1440x721) to lonlat (360x128) grid
cdo    remapbil: Bilinear weights from lonlat (1440x721) to lonlat (360x128) grid, with source mask (686364)
cdi  warning (set_coordinates_varids): Coordinates variable number can't be assigned!
cdi  warning (set_coordinates_varids): Coordinates variable expver can't be assigned!
cdo    remapbil: Bilinear weights from lonlat (1440x721) to lonlat (360x128) grid
cdo    remapbil: Bilinear weights from lonlat (1440x721) to lonlat (360x128) grid, with source mask (686364)
cdi  warning (set_coordinates_varids): Coordinates variable number can't be assigned!
cdi  warning (set_coordinates_varids): Coordinates variable expver can't be assigned!
cdo    remapbil: Bilinear weights from lonlat (1440x721) to lonlat (360x128) grid
cdo    remapbil: Bilinear weights from lonlat (1440x721) to lonlat (360x128) grid, with source mask (686364)
cdi  warning (set_coordinates_varids): Coordinates variable number can't be assigned!
cdi  warning (set_coordinates_varids): Coordinates variable expver can't be assigned!
cdo    remapbil: Bilinear weights from lonlat (1440x721) to lonlat (360x128) grid
cdo    remapbil: Bilinear weights from lonlat (1440x721) to lonlat (360x128) grid, with source mask (686364)
cdi  warning (set_coordinates_varids): Coordinates variable number can't be assigned!
cdi  warning (set_coordinates_varids): Coordinates variable expver can't be assigned!
cdo    remapbil: Bilinear weights from lonlat (1440x721) to lonlat (360x128) grid
cdo    remapbil: Bilinear weights from lonlat (1440x721) to lonlat (360x128) grid, with source mask (686364)
cdi  warning (set_coordinates_varids): Coordinates variable number can't be assigned!
cdi  warning (set_coordinates_varids): Coordinates variable expver can't be assigned!
cdo    remapbil: Bilinear weights from lonlat (1440x721) to lonlat (360x128) grid
cdo    remapbil: Bilinear weights from lonlat (1440x721) to lonlat (360x128) grid, with source mask (686364)
cdi  warning (set_coordinates_varids): Coordinates variable number can't be assigned!
cdi  warning (set_coordinates_varids): Coordinates variable expver can't be assigned!
cdo    remapbil: Bilinear weights from lonlat (1440x721) to lonlat (360x128) grid
cdo    remapbil: Bilinear weights from lonlat (1440x721) to lonlat (360x128) grid, with source mask (686364)
cdi  warning (set_coordinates_varids): Coordinates variable number can't be assigned!
cdi  warning (set_coordinates_varids): Coordinates variable expver can't be assigned!
cdo    remapbil: Bilinear weights from lonlat (1440x721) to lonlat (360x128) grid
cdo    remapbil: Bilinear weights from lonlat (1440x721) to lonlat (360x128) grid, with source mask (686364)
cdi  warning (set_coordinates_varids): Coordinates variable number can't be assigned!
cdi  warning (set_coordinates_varids): Coordinates variable expver can't be assigned!
cdo    remapbil: Bilinear weights from lonlat (1440x721) to lonlat (360x128) grid
cdo    remapbil: Bilinear weights from lonlat (1440x721) to lonlat (360x128) grid, with source mask (686364)
cdi  warning (set_coordinates_varids): Coordinates variable number can't be assigned!
cdi  warning (set_coordinates_varids): Coordinates variable expver can't be assigned!
cdo    remapbil: Bilinear weights from lonlat (1440x721) to lonlat (360x128) grid
cdo    remapbil: Bilinear weights from lonlat (1440x721) to lonlat (360x128) grid, with source mask (686364)
cdi  warning (set_coordinates_varids): Coordinates variable number can't be assigned!
cdi  warning (set_coordinates_varids): Coordinates variable expver can't be assigned!
cdo    remapbil: Bilinear weights from lonlat (1440x721) to lonlat (360x128) grid
cdo    remapbil: Bilinear weights from lonlat (1440x721) to lonlat (360x128) grid, with source mask (686364)
cdi  warning (set_coordinates_varids): Coordinates variable number can't be assigned!
cdi  warning (set_coordinates_varids): Coordinates variable expver can't be assigned!
cdo    remapbil: Bilinear weights from lonlat (1440x721) to lonlat (360x128) grid
cdo    remapbil: Bilinear weights from lonlat (1440x721) to lonlat (360x128) grid, with source mask (686364)
cdi  warning (set_coordinates_varids): Coordinates variable number can't be assigned!
cdi  warning (set_coordinates_varids): Coordinates variable expver can't be assigned!
cdo    remapbil: Bilinear weights from lonlat (1440x721) to lonlat (360x128) grid
cdo    remapbil: Bilinear weights from lonlat (1440x721) to lonlat (360x128) grid, with source mask (686364)
cdi  warning (set_coordinates_varids): Coordinates variable number can't be assigned!
cdi  warning (set_coordinates_varids): Coordinates variable expver can't be assigned!
cdo    remapbil: Bilinear weights from lonlat (1440x721) to lonlat (360x128) grid
cdo    remapbil: Bilinear weights from lonlat (1440x721) to lonlat (360x128) grid, with source mask (686364)
cdi  warning (set_coordinates_varids): Coordinates variable number can't be assigned!
cdi  warning (set_coordinates_varids): Coordinates variable expver can't be assigned!
cdo    remapbil: Bilinear weights from lonlat (1440x721) to lonlat (360x128) grid
cdo    remapbil: Bilinear weights from lonlat (1440x721) to lonlat (360x128) grid, with source mask (686364)
cdi  warning (set_coordinates_varids): Coordinates variable number can't be assigned!
cdi  warning (set_coordinates_varids): Coordinates variable expver can't be assigned!
cdo    remapbil: Bilinear weights from lonlat (1440x721) to lonlat (360x128) grid
cdo    remapbil: Bilinear weights from lonlat (1440x721) to lonlat (360x128) grid, with source mask (686364)
cdi  warning (set_coordinates_varids): Coordinates variable number can't be assigned!
cdi  warning (set_coordinates_varids): Coordinates variable expver can't be assigned!
cdo    remapbil: Bilinear weights from lonlat (1440x721) to lonlat (360x128) grid
cdo    remapbil: Bilinear weights from lonlat (1440x721) to lonlat (360x128) grid, with source mask (686364)
cdi  warning (set_coordinates_varids): Coordinates variable number can't be assigned!
cdi  warning (set_coordinates_varids): Coordinates variable expver can't be assigned!
cdo    remapbil: Bilinear weights from lonlat (1440x721) to lonlat (360x128) grid
cdo    remapbil: Bilinear weights from lonlat (1440x721) to lonlat (360x128) grid, with source mask (686364)
cdi  warning (set_coordinates_varids): Coordinates variable number can't be assigned!
cdi  warning (set_coordinates_varids): Coordinates variable expver can't be assigned!
cdo    remapbil: Bilinear weights from lonlat (1440x721) to lonlat (360x128) grid
cdo    remapbil: Bilinear weights from lonlat (1440x721) to lonlat (360x128) grid, with source mask (686364)
cdi  warning (set_coordinates_varids): Coordinates variable number can't be assigned!
cdi  warning (set_coordinates_varids): Coordinates variable expver can't be assigned!
cdo    remapbil: Bilinear weights from lonlat (1440x721) to lonlat (360x128) grid
cdo    remapbil: Bilinear weights from lonlat (1440x721) to lonlat (360x128) grid, with source mask (686364)
cdi  warning (set_coordinates_varids): Coordinates variable number can't be assigned!
cdi  warning (set_coordinates_varids): Coordinates variable expver can't be assigned!
cdo    remapbil: Bilinear weights from lonlat (1440x721) to lonlat (360x128) grid
cdo    remapbil: Bilinear weights from lonlat (1440x721) to lonlat (360x128) grid, with source mask (686364)
cdi  warning (set_coordinates_varids): Coordinates variable number can't be assigned!
cdi  warning (set_coordinates_varids): Coordinates variable expver can't be assigned!
cdo    remapbil: Bilinear weights from lonlat (1440x721) to lonlat (360x128) grid
cdo    remapbil: Bilinear weights from lonlat (1440x721) to lonlat (360x128) grid, with source mask (686364)
cdi  warning (set_coordinates_varids): Coordinates variable number can't be assigned!
cdi  warning (set_coordinates_varids): Coordinates variable expver can't be assigned!
cdo    remapbil: Bilinear weights from lonlat (1440x721) to lonlat (360x128) grid
cdo    remapbil: Bilinear weights from lonlat (1440x721) to lonlat (360x128) grid, with source mask (686364)
cdi  warning (set_coordinates_varids): Coordinates variable number can't be assigned!
cdi  warning (set_coordinates_varids): Coordinates variable expver can't be assigned!
cdo    remapbil: Bilinear weights from lonlat (1440x721) to lonlat (360x128) grid
cdo    remapbil: Bilinear weights from lonlat (1440x721) to lonlat (360x128) grid, with source mask (686364)
cdi  warning (set_coordinates_varids): Coordinates variable number can't be assigned!
cdi  warning (set_coordinates_varids): Coordinates variable expver can't be assigned!
cdo    remapbil: Bilinear weights from lonlat (1440x721) to lonlat (360x128) grid
cdo    remapbil: Bilinear weights from lonlat (1440x721) to lonlat (360x128) grid, with source mask (686364)
cdi  warning (set_coordinates_varids): Coordinates variable number can't be assigned!
cdi  warning (set_coordinates_varids): Coordinates variable expver can't be assigned!
cdo    remapbil: Bilinear weights from lonlat (1440x721) to lonlat (360x128) grid
cdo    remapbil: Bilinear weights from lonlat (1440x721) to lonlat (360x128) grid, with source mask (686364)
cdi  warning (set_coordinates_varids): Coordinates variable number can't be assigned!
cdi  warning (set_coordinates_varids): Coordinates variable expver can't be assigned!
cdo    remapbil: Bilinear weights from lonlat (1440x721) to lonlat (360x128) grid
cdo    remapbil: Bilinear weights from lonlat (1440x721) to lonlat (360x128) grid, with source mask (686364)
cdi  warning (set_coordinates_varids): Coordinates variable number can't be assigned!
cdi  warning (set_coordinates_varids): Coordinates variable expver can't be assigned!
cdo    remapbil: Bilinear weights from lonlat (1440x721) to lonlat (360x128) grid
cdo    remapbil: Bilinear weights from lonlat (1440x721) to lonlat (360x128) grid, with source mask (686364)
cdi  warning (set_coordinates_varids): Coordinates variable number can't be assigned!
cdi  warning (set_coordinates_varids): Coordinates variable expver can't be assigned!
cdo    remapbil: Bilinear weights from lonlat (1440x721) to lonlat (360x128) grid
cdo    remapbil: Bilinear weights from lonlat (1440x721) to lonlat (360x128) grid, with source mask (686364)
cdi  warning (set_coordinates_varids): Coordinates variable number can't be assigned!
cdi  warning (set_coordinates_varids): Coordinates variable expver can't be assigned!
cdo    remapbil: Bilinear weights from lonlat (1440x721) to lonlat (360x128) grid
cdo    remapbil: Bilinear weights from lonlat (1440x721) to lonlat (360x128) grid, with source mask (686364)
cdi  warning (set_coordinates_varids): Coordinates variable number can't be assigned!
cdi  warning (set_coordinates_varids): Coordinates variable expver can't be assigned!
cdo    remapbil: Bilinear weights from lonlat (1440x721) to lonlat (360x128) grid
cdo    remapbil: Bilinear weights from lonlat (1440x721) to lonlat (360x128) grid, with source mask (686364)
cdi  warning (set_coordinates_varids): Coordinates variable number can't be assigned!
cdi  warning (set_coordinates_varids): Coordinates variable expver can't be assigned!
cdo    remapbil: Bilinear weights from lonlat (1440x721) to lonlat (360x128) grid
cdo    remapbil: Bilinear weights from lonlat (1440x721) to lonlat (360x128) grid, with source mask (686364)
cdi  warning (set_coordinates_varids): Coordinates variable number can't be assigned!
cdi  warning (set_coordinates_varids): Coordinates variable expver can't be assigned!
cdo    remapbil: Bilinear weights from lonlat (1440x721) to lonlat (360x128) grid
cdo    remapbil: Bilinear weights from lonlat (1440x721) to lonlat (360x128) grid, with source mask (686364)
cdi  warning (set_coordinates_varids): Coordinates variable number can't be assigned!
cdi  warning (set_coordinates_varids): Coordinates variable expver can't be assigned!
cdo    remapbil: Bilinear weights from lonlat (1440x721) to lonlat (360x128) grid
cdo    remapbil: Bilinear weights from lonlat (1440x721) to lonlat (360x128) grid, with source mask (686364)
cdi  warning (set_coordinates_varids): Coordinates variable number can't be assigned!
cdi  warning (set_coordinates_varids): Coordinates variable expver can't be assigned!
cdo    remapbil: Bilinear weights from lonlat (1440x721) to lonlat (360x128) grid
cdo    remapbil: Bilinear weights from lonlat (1440x721) to lonlat (360x128) grid, with source mask (686364)
cdi  warning (set_coordinates_varids): Coordinates variable number can't be assigned!
cdi  warning (set_coordinates_varids): Coordinates variable expver can't be assigned!
cdo    remapbil: Bilinear weights from lonlat (1440x721) to lonlat (360x128) grid
cdo    remapbil: Bilinear weights from lonlat (1440x721) to lonlat (360x128) grid, with source mask (686364)
cdi  warning (set_coordinates_varids): Coordinates variable number can't be assigned!
cdi  warning (set_coordinates_varids): Coordinates variable expver can't be assigned!
cdo    remapbil: Bilinear weights from lonlat (1440x721) to lonlat (360x128) grid
cdo    remapbil: Bilinear weights from lonlat (1440x721) to lonlat (360x128) grid, with source mask (686364)
cdi  warning (set_coordinates_varids): Coordinates variable number can't be assigned!
cdi  warning (set_coordinates_varids): Coordinates variable expver can't be assigned!
cdo    remapbil: Bilinear weights from lonlat (1440x721) to lonlat (360x128) grid
cdo    remapbil: Bilinear weights from lonlat (1440x721) to lonlat (360x128) grid, with source mask (686364)
cdi  warning (set_coordinates_varids): Coordinates variable number can't be assigned!
cdi  warning (set_coordinates_varids): Coordinates variable expver can't be assigned!
cdo    remapbil: Bilinear weights from lonlat (1440x721) to lonlat (360x128) grid
cdo    remapbil: Bilinear weights from lonlat (1440x721) to lonlat (360x128) grid, with source mask (686364)
cdi  warning (set_coordinates_varids): Coordinates variable number can't be assigned!
cdi  warning (set_coordinates_varids): Coordinates variable expver can't be assigned!
cdo    remapbil: Bilinear weights from lonlat (1440x721) to lonlat (360x128) grid
cdo    remapbil: Bilinear weights from lonlat (1440x721) to lonlat (360x128) grid, with source mask (686364)
cdi  warning (set_coordinates_varids): Coordinates variable number can't be assigned!
cdi  warning (set_coordinates_varids): Coordinates variable expver can't be assigned!
cdo    remapbil: Bilinear weights from lonlat (1440x721) to lonlat (360x128) grid
cdo    remapbil: Bilinear weights from lonlat (1440x721) to lonlat (360x128) grid, with source mask (686364)
cdi  warning (set_coordinates_varids): Coordinates variable number can't be assigned!
cdi  warning (set_coordinates_varids): Coordinates variable expver can't be assigned!
cdo    remapbil: Bilinear weights from lonlat (1440x721) to lonlat (360x128) grid
cdo    remapbil: Bilinear weights from lonlat (1440x721) to lonlat (360x128) grid, with source mask (686364)
cdi  warning (set_coordinates_varids): Coordinates variable number can't be assigned!
cdi  warning (set_coordinates_varids): Coordinates variable expver can't be assigned!
cdo    remapbil: Bilinear weights from lonlat (1440x721) to lonlat (360x128) grid
cdo    remapbil: Bilinear weights from lonlat (1440x721) to lonlat (360x128) grid, with source mask (686364)
cdi  warning (set_coordinates_varids): Coordinates variable number can't be assigned!
cdi  warning (set_coordinates_varids): Coordinates variable expver can't be assigned!
cdo    remapbil: Bilinear weights from lonlat (1440x721) to lonlat (360x128) grid
cdo    remapbil: Bilinear weights from lonlat (1440x721) to lonlat (360x128) grid, with source mask (686364)
cdi  warning (set_coordinates_varids): Coordinates variable number can't be assigned!
cdi  warning (set_coordinates_varids): Coordinates variable expver can't be assigned!
cdo    remapbil: Bilinear weights from lonlat (1440x721) to lonlat (360x128) grid
cdo    remapbil: Bilinear weights from lonlat (1440x721) to lonlat (360x128) grid, with source mask (686364)
cdi  warning (set_coordinates_varids): Coordinates variable number can't be assigned!
cdi  warning (set_coordinates_varids): Coordinates variable expver can't be assigned!
cdo    remapbil: Bilinear weights from lonlat (1440x721) to lonlat (360x128) grid
cdo    remapbil: Bilinear weights from lonlat (1440x721) to lonlat (360x128) grid, with source mask (686364)
cdi  warning (set_coordinates_varids): Coordinates variable number can't be assigned!
cdi  warning (set_coordinates_varids): Coordinates variable expver can't be assigned!
cdo    remapbil: Bilinear weights from lonlat (1440x721) to lonlat (360x128) grid
cdo    remapbil: Bilinear weights from lonlat (1440x721) to lonlat (360x128) grid, with source mask (686364)
cdi  warning (set_coordinates_varids): Coordinates variable number can't be assigned!
cdi  warning (set_coordinates_varids): Coordinates variable expver can't be assigned!
cdo    remapbil: Bilinear weights from lonlat (1440x721) to lonlat (360x128) grid
cdo    remapbil: Bilinear weights from lonlat (1440x721) to lonlat (360x128) grid, with source mask (686364)
cdi  warning (set_coordinates_varids): Coordinates variable number can't be assigned!
cdi  warning (set_coordinates_varids): Coordinates variable expver can't be assigned!
cdo    remapbil: Bilinear weights from lonlat (1440x721) to lonlat (360x128) grid
cdo    remapbil: Bilinear weights from lonlat (1440x721) to lonlat (360x128) grid, with source mask (686364)
cdi  warning (set_coordinates_varids): Coordinates variable number can't be assigned!
cdi  warning (set_coordinates_varids): Coordinates variable expver can't be assigned!
cdo    remapbil: Bilinear weights from lonlat (1440x721) to lonlat (360x128) grid
cdo    remapbil: Bilinear weights from lonlat (1440x721) to lonlat (360x128) grid, with source mask (686364)
cdi  warning (set_coordinates_varids): Coordinates variable number can't be assigned!
cdi  warning (set_coordinates_varids): Coordinates variable expver can't be assigned!
cdo    remapbil: Bilinear weights from lonlat (1440x721) to lonlat (360x128) grid
cdo    remapbil: Bilinear weights from lonlat (1440x721) to lonlat (360x128) grid, with source mask (686364)
cdi  warning (set_coordinates_varids): Coordinates variable number can't be assigned!
cdi  warning (set_coordinates_varids): Coordinates variable expver can't be assigned!
cdo    remapbil: Bilinear weights from lonlat (1440x721) to lonlat (360x128) grid
cdo    remapbil: Bilinear weights from lonlat (1440x721) to lonlat (360x128) grid, with source mask (686364)
cdi  warning (set_coordinates_varids): Coordinates variable number can't be assigned!
cdi  warning (set_coordinates_varids): Coordinates variable expver can't be assigned!
cdo    remapbil: Bilinear weights from lonlat (1440x721) to lonlat (360x128) grid
cdo    remapbil: Bilinear weights from lonlat (1440x721) to lonlat (360x128) grid, with source mask (686364)
cdi  warning (set_coordinates_varids): Coordinates variable number can't be assigned!
cdi  warning (set_coordinates_varids): Coordinates variable expver can't be assigned!
cdo    remapbil: Bilinear weights from lonlat (1440x721) to lonlat (360x128) grid
cdo    remapbil: Bilinear weights from lonlat (1440x721) to lonlat (360x128) grid, with source mask (686364)
cdi  warning (set_coordinates_varids): Coordinates variable number can't be assigned!
cdi  warning (set_coordinates_varids): Coordinates variable expver can't be assigned!
cdo    remapbil: Bilinear weights from lonlat (1440x721) to lonlat (360x128) grid
cdo    remapbil: Bilinear weights from lonlat (1440x721) to lonlat (360x128) grid, with source mask (686364)
cdi  warning (set_coordinates_varids): Coordinates variable number can't be assigned!
cdi  warning (set_coordinates_varids): Coordinates variable expver can't be assigned!
cdo    remapbil: Bilinear weights from lonlat (1440x721) to lonlat (360x128) grid
cdo    remapbil: Bilinear weights from lonlat (1440x721) to lonlat (360x128) grid, with source mask (686364)
cdi  warning (set_coordinates_varids): Coordinates variable number can't be assigned!
cdi  warning (set_coordinates_varids): Coordinates variable expver can't be assigned!
cdo    remapbil: Bilinear weights from lonlat (1440x721) to lonlat (360x128) grid
cdo    remapbil: Bilinear weights from lonlat (1440x721) to lonlat (360x128) grid, with source mask (686364)
cdi  warning (set_coordinates_varids): Coordinates variable number can't be assigned!
cdi  warning (set_coordinates_varids): Coordinates variable expver can't be assigned!
cdo    remapbil: Bilinear weights from lonlat (1440x721) to lonlat (360x128) grid
cdo    remapbil: Bilinear weights from lonlat (1440x721) to lonlat (360x128) grid, with source mask (686364)
cdi  warning (set_coordinates_varids): Coordinates variable number can't be assigned!
cdi  warning (set_coordinates_varids): Coordinates variable expver can't be assigned!
cdo    remapbil: Bilinear weights from lonlat (1440x721) to lonlat (360x128) grid
cdo    remapbil: Bilinear weights from lonlat (1440x721) to lonlat (360x128) grid, with source mask (686364)
cdi  warning (set_coordinates_varids): Coordinates variable number can't be assigned!
cdi  warning (set_coordinates_varids): Coordinates variable expver can't be assigned!
cdo    remapbil: Bilinear weights from lonlat (1440x721) to lonlat (360x128) grid
cdo    remapbil: Bilinear weights from lonlat (1440x721) to lonlat (360x128) grid, with source mask (686364)
cdi  warning (set_coordinates_varids): Coordinates variable number can't be assigned!
cdi  warning (set_coordinates_varids): Coordinates variable expver can't be assigned!
cdo    remapbil: Bilinear weights from lonlat (1440x721) to lonlat (360x128) grid
cdo    remapbil: Bilinear weights from lonlat (1440x721) to lonlat (360x128) grid, with source mask (686364)
cdi  warning (set_coordinates_varids): Coordinates variable number can't be assigned!
cdi  warning (set_coordinates_varids): Coordinates variable expver can't be assigned!
cdo    remapbil: Bilinear weights from lonlat (1440x721) to lonlat (360x128) grid
cdo    remapbil: Bilinear weights from lonlat (1440x721) to lonlat (360x128) grid, with source mask (686364)
cdi  warning (set_coordinates_varids): Coordinates variable number can't be assigned!
cdi  warning (set_coordinates_varids): Coordinates variable expver can't be assigned!
cdo    remapbil: Bilinear weights from lonlat (1440x721) to lonlat (360x128) grid
cdo    remapbil: Bilinear weights from lonlat (1440x721) to lonlat (360x128) grid, with source mask (686364)
cdi  warning (set_coordinates_varids): Coordinates variable number can't be assigned!
cdi  warning (set_coordinates_varids): Coordinates variable expver can't be assigned!
cdo    remapbil: Bilinear weights from lonlat (1440x721) to lonlat (360x128) grid
cdo    remapbil: Bilinear weights from lonlat (1440x721) to lonlat (360x128) grid, with source mask (686364)
cdi  warning (set_coordinates_varids): Coordinates variable number can't be assigned!
cdi  warning (set_coordinates_varids): Coordinates variable expver can't be assigned!
cdo    remapbil: Bilinear weights from lonlat (1440x721) to lonlat (360x128) grid
cdo    remapbil: Bilinear weights from lonlat (1440x721) to lonlat (360x128) grid, with source mask (686364)
cdi  warning (set_coordinates_varids): Coordinates variable number can't be assigned!
cdi  warning (set_coordinates_varids): Coordinates variable expver can't be assigned!
cdo    remapbil: Bilinear weights from lonlat (1440x721) to lonlat (360x128) grid
cdo    remapbil: Bilinear weights from lonlat (1440x721) to lonlat (360x128) grid, with source mask (686364)
cdi  warning (set_coordinates_varids): Coordinates variable number can't be assigned!
cdi  warning (set_coordinates_varids): Coordinates variable expver can't be assigned!
cdo    remapbil: Bilinear weights from lonlat (1440x721) to lonlat (360x128) grid
cdo    remapbil: Bilinear weights from lonlat (1440x721) to lonlat (360x128) grid, with source mask (686364)
cdi  warning (set_coordinates_varids): Coordinates variable number can't be assigned!
cdi  warning (set_coordinates_varids): Coordinates variable expver can't be assigned!
cdo    remapbil: Bilinear weights from lonlat (1440x721) to lonlat (360x128) grid
cdo    remapbil: Bilinear weights from lonlat (1440x721) to lonlat (360x128) grid, with source mask (686364)
cdi  warning (set_coordinates_varids): Coordinates variable number can't be assigned!
cdi  warning (set_coordinates_varids): Coordinates variable expver can't be assigned!
cdo    remapbil: Bilinear weights from lonlat (1440x721) to lonlat (360x128) grid
cdo    remapbil: Bilinear weights from lonlat (1440x721) to lonlat (360x128) grid, with source mask (686364)
cdi  warning (set_coordinates_varids): Coordinates variable number can't be assigned!
cdi  warning (set_coordinates_varids): Coordinates variable expver can't be assigned!
cdo    remapbil: Bilinear weights from lonlat (1440x721) to lonlat (360x128) grid
cdo    remapbil: Bilinear weights from lonlat (1440x721) to lonlat (360x128) grid, with source mask (686364)
cdi  warning (set_coordinates_varids): Coordinates variable number can't be assigned!
cdi  warning (set_coordinates_varids): Coordinates variable expver can't be assigned!
cdo    remapbil: Bilinear weights from lonlat (1440x721) to lonlat (360x128) grid
cdo    remapbil: Bilinear weights from lonlat (1440x721) to lonlat (360x128) grid, with source mask (686364)
cdi  warning (set_coordinates_varids): Coordinates variable number can't be assigned!
cdi  warning (set_coordinates_varids): Coordinates variable expver can't be assigned!
cdo    remapbil: Bilinear weights from lonlat (1440x721) to lonlat (360x128) grid
cdo    remapbil: Bilinear weights from lonlat (1440x721) to lonlat (360x128) grid, with source mask (686364)
cdi  warning (set_coordinates_varids): Coordinates variable number can't be assigned!
cdi  warning (set_coordinates_varids): Coordinates variable expver can't be assigned!
cdo    remapbil: Bilinear weights from lonlat (1440x721) to lonlat (360x128) grid
cdo    remapbil: Bilinear weights from lonlat (1440x721) to lonlat (360x128) grid, with source mask (686364)
cdi  warning (set_coordinates_varids): Coordinates variable number can't be assigned!
cdi  warning (set_coordinates_varids): Coordinates variable expver can't be assigned!
cdo    remapbil: Bilinear weights from lonlat (1440x721) to lonlat (360x128) grid
cdo    remapbil: Bilinear weights from lonlat (1440x721) to lonlat (360x128) grid, with source mask (686364)
cdi  warning (set_coordinates_varids): Coordinates variable number can't be assigned!
cdi  warning (set_coordinates_varids): Coordinates variable expver can't be assigned!
cdo    remapbil: Bilinear weights from lonlat (1440x721) to lonlat (360x128) grid
cdo    remapbil: Bilinear weights from lonlat (1440x721) to lonlat (360x128) grid, with source mask (686364)
cdi  warning (set_coordinates_varids): Coordinates variable number can't be assigned!
cdi  warning (set_coordinates_varids): Coordinates variable expver can't be assigned!
cdo    remapbil: Bilinear weights from lonlat (1440x721) to lonlat (360x128) grid
cdo    remapbil: Bilinear weights from lonlat (1440x721) to lonlat (360x128) grid, with source mask (686364)
cdi  warning (set_coordinates_varids): Coordinates variable number can't be assigned!
cdi  warning (set_coordinates_varids): Coordinates variable expver can't be assigned!
cdo    remapbil: Bilinear weights from lonlat (1440x721) to lonlat (360x128) grid
cdo    remapbil: Bilinear weights from lonlat (1440x721) to lonlat (360x128) grid, with source mask (686364)
cdi  warning (set_coordinates_varids): Coordinates variable number can't be assigned!
cdi  warning (set_coordinates_varids): Coordinates variable expver can't be assigned!
cdo    remapbil: Bilinear weights from lonlat (1440x721) to lonlat (360x128) grid
cdo    remapbil: Bilinear weights from lonlat (1440x721) to lonlat (360x128) grid, with source mask (686364)
cdi  warning (set_coordinates_varids): Coordinates variable number can't be assigned!
cdi  warning (set_coordinates_varids): Coordinates variable expver can't be assigned!
cdo    remapbil: Bilinear weights from lonlat (1440x721) to lonlat (360x128) grid
cdo    remapbil: Bilinear weights from lonlat (1440x721) to lonlat (360x128) grid, with source mask (686364)
cdi  warning (set_coordinates_varids): Coordinates variable number can't be assigned!
cdi  warning (set_coordinates_varids): Coordinates variable expver can't be assigned!
cdo    remapbil: Bilinear weights from lonlat (1440x721) to lonlat (360x128) grid
cdo    remapbil: Bilinear weights from lonlat (1440x721) to lonlat (360x128) grid, with source mask (686364)
cdi  warning (set_coordinates_varids): Coordinates variable number can't be assigned!
cdi  warning (set_coordinates_varids): Coordinates variable expver can't be assigned!
cdo    remapbil: Bilinear weights from lonlat (1440x721) to lonlat (360x128) grid
cdo    remapbil: Bilinear weights from lonlat (1440x721) to lonlat (360x128) grid, with source mask (686364)
cdi  warning (set_coordinates_varids): Coordinates variable number can't be assigned!
cdi  warning (set_coordinates_varids): Coordinates variable expver can't be assigned!
cdo    remapbil: Bilinear weights from lonlat (1440x721) to lonlat (360x128) grid
cdo    remapbil: Bilinear weights from lonlat (1440x721) to lonlat (360x128) grid, with source mask (686364)
cdi  warning (set_coordinates_varids): Coordinates variable number can't be assigned!
cdi  warning (set_coordinates_varids): Coordinates variable expver can't be assigned!
cdo    remapbil: Bilinear weights from lonlat (1440x721) to lonlat (360x128) grid
cdo    remapbil: Bilinear weights from lonlat (1440x721) to lonlat (360x128) grid, with source mask (686364)
cdi  warning (set_coordinates_varids): Coordinates variable number can't be assigned!
cdi  warning (set_coordinates_varids): Coordinates variable expver can't be assigned!
cdo    remapbil: Bilinear weights from lonlat (1440x721) to lonlat (360x128) grid
cdo    remapbil: Bilinear weights from lonlat (1440x721) to lonlat (360x128) grid, with source mask (686364)
cdi  warning (set_coordinates_varids): Coordinates variable number can't be assigned!
cdi  warning (set_coordinates_varids): Coordinates variable expver can't be assigned!
cdo    remapbil: Bilinear weights from lonlat (1440x721) to lonlat (360x128) grid
cdo    remapbil: Bilinear weights from lonlat (1440x721) to lonlat (360x128) grid, with source mask (686364)
cdi  warning (set_coordinates_varids): Coordinates variable number can't be assigned!
cdi  warning (set_coordinates_varids): Coordinates variable expver can't be assigned!
cdo    remapbil: Bilinear weights from lonlat (1440x721) to lonlat (360x128) grid
cdo    remapbil: Bilinear weights from lonlat (1440x721) to lonlat (360x128) grid, with source mask (686364)
cdi  warning (set_coordinates_varids): Coordinates variable number can't be assigned!
cdi  warning (set_coordinates_varids): Coordinates variable expver can't be assigned!
cdo    remapbil: Bilinear weights from lonlat (1440x721) to lonlat (360x128) grid
cdo    remapbil: Bilinear weights from lonlat (1440x721) to lonlat (360x128) grid, with source mask (686364)
cdi  warning (set_coordinates_varids): Coordinates variable number can't be assigned!
cdi  warning (set_coordinates_varids): Coordinates variable expver can't be assigned!
cdo    remapbil: Bilinear weights from lonlat (1440x721) to lonlat (360x128) grid
cdo    remapbil: Bilinear weights from lonlat (1440x721) to lonlat (360x128) grid, with source mask (686364)
cdi  warning (set_coordinates_varids): Coordinates variable number can't be assigned!
cdi  warning (set_coordinates_varids): Coordinates variable expver can't be assigned!
cdo    remapbil: Bilinear weights from lonlat (1440x721) to lonlat (360x128) grid
cdo    remapbil: Bilinear weights from lonlat (1440x721) to lonlat (360x128) grid, with source mask (686364)
cdi  warning (set_coordinates_varids): Coordinates variable number can't be assigned!
cdi  warning (set_coordinates_varids): Coordinates variable expver can't be assigned!
cdo    remapbil: Bilinear weights from lonlat (1440x721) to lonlat (360x128) grid
cdo    remapbil: Bilinear weights from lonlat (1440x721) to lonlat (360x128) grid, with source mask (686364)
cdi  warning (set_coordinates_varids): Coordinates variable number can't be assigned!
cdi  warning (set_coordinates_varids): Coordinates variable expver can't be assigned!
cdo    remapbil: Bilinear weights from lonlat (1440x721) to lonlat (360x128) grid
cdo    remapbil: Bilinear weights from lonlat (1440x721) to lonlat (360x128) grid, with source mask (686364)
cdi  warning (set_coordinates_varids): Coordinates variable number can't be assigned!
cdi  warning (set_coordinates_varids): Coordinates variable expver can't be assigned!
cdo    remapbil: Bilinear weights from lonlat (1440x721) to lonlat (360x128) grid
cdo    remapbil: Bilinear weights from lonlat (1440x721) to lonlat (360x128) grid, with source mask (686364)
cdi  warning (set_coordinates_varids): Coordinates variable number can't be assigned!
cdi  warning (set_coordinates_varids): Coordinates variable expver can't be assigned!
cdo    remapbil: Bilinear weights from lonlat (1440x721) to lonlat (360x128) grid
cdo    remapbil: Bilinear weights from lonlat (1440x721) to lonlat (360x128) grid, with source mask (686364)
cdi  warning (set_coordinates_varids): Coordinates variable number can't be assigned!
cdi  warning (set_coordinates_varids): Coordinates variable expver can't be assigned!
cdo    remapbil: Bilinear weights from lonlat (1440x721) to lonlat (360x128) grid
cdo    remapbil: Bilinear weights from lonlat (1440x721) to lonlat (360x128) grid, with source mask (686364)
cdi  warning (set_coordinates_varids): Coordinates variable number can't be assigned!
cdi  warning (set_coordinates_varids): Coordinates variable expver can't be assigned!
cdo    remapbil: Bilinear weights from lonlat (1440x721) to lonlat (360x128) grid
cdo    remapbil: Bilinear weights from lonlat (1440x721) to lonlat (360x128) grid, with source mask (686364)
cdi  warning (set_coordinates_varids): Coordinates variable number can't be assigned!
cdi  warning (set_coordinates_varids): Coordinates variable expver can't be assigned!
cdo    remapbil: Bilinear weights from lonlat (1440x721) to lonlat (360x128) grid
cdo    remapbil: Bilinear weights from lonlat (1440x721) to lonlat (360x128) grid, with source mask (686364)
cdi  warning (set_coordinates_varids): Coordinates variable number can't be assigned!
cdi  warning (set_coordinates_varids): Coordinates variable expver can't be assigned!
cdo    remapbil: Bilinear weights from lonlat (1440x721) to lonlat (360x128) grid
cdo    remapbil: Bilinear weights from lonlat (1440x721) to lonlat (360x128) grid, with source mask (686364)
cdi  warning (set_coordinates_varids): Coordinates variable number can't be assigned!
cdi  warning (set_coordinates_varids): Coordinates variable expver can't be assigned!
cdo    remapbil: Bilinear weights from lonlat (1440x721) to lonlat (360x128) grid
cdo    remapbil: Bilinear weights from lonlat (1440x721) to lonlat (360x128) grid, with source mask (686364)
cdi  warning (set_coordinates_varids): Coordinates variable number can't be assigned!
cdi  warning (set_coordinates_varids): Coordinates variable expver can't be assigned!
cdo    remapbil: Bilinear weights from lonlat (1440x721) to lonlat (360x128) grid
cdo    remapbil: Bilinear weights from lonlat (1440x721) to lonlat (360x128) grid, with source mask (686364)
cdi  warning (set_coordinates_varids): Coordinates variable number can't be assigned!
cdi  warning (set_coordinates_varids): Coordinates variable expver can't be assigned!
cdo    remapbil: Bilinear weights from lonlat (1440x721) to lonlat (360x128) grid
cdo    remapbil: Bilinear weights from lonlat (1440x721) to lonlat (360x128) grid, with source mask (686364)
cdi  warning (set_coordinates_varids): Coordinates variable number can't be assigned!
cdi  warning (set_coordinates_varids): Coordinates variable expver can't be assigned!
cdo    remapbil: Bilinear weights from lonlat (1440x721) to lonlat (360x128) grid
cdo    remapbil: Bilinear weights from lonlat (1440x721) to lonlat (360x128) grid, with source mask (686364)
cdi  warning (set_coordinates_varids): Coordinates variable number can't be assigned!
cdi  warning (set_coordinates_varids): Coordinates variable expver can't be assigned!
cdo    remapbil: Bilinear weights from lonlat (1440x721) to lonlat (360x128) grid
cdo    remapbil: Bilinear weights from lonlat (1440x721) to lonlat (360x128) grid, with source mask (686364)
cdi  warning (set_coordinates_varids): Coordinates variable number can't be assigned!
cdi  warning (set_coordinates_varids): Coordinates variable expver can't be assigned!
cdo    remapbil: Bilinear weights from lonlat (1440x721) to lonlat (360x128) grid
cdo    remapbil: Bilinear weights from lonlat (1440x721) to lonlat (360x128) grid, with source mask (686364)
cdi  warning (set_coordinates_varids): Coordinates variable number can't be assigned!
cdi  warning (set_coordinates_varids): Coordinates variable expver can't be assigned!
cdo    remapbil: Bilinear weights from lonlat (1440x721) to lonlat (360x128) grid
cdo    remapbil: Bilinear weights from lonlat (1440x721) to lonlat (360x128) grid, with source mask (686364)
cdi  warning (set_coordinates_varids): Coordinates variable number can't be assigned!
cdi  warning (set_coordinates_varids): Coordinates variable expver can't be assigned!
cdo    remapbil: Bilinear weights from lonlat (1440x721) to lonlat (360x128) grid
cdo    remapbil: Bilinear weights from lonlat (1440x721) to lonlat (360x128) grid, with source mask (686364)
cdi  warning (set_coordinates_varids): Coordinates variable number can't be assigned!
cdi  warning (set_coordinates_varids): Coordinates variable expver can't be assigned!
cdo    remapbil: Bilinear weights from lonlat (1440x721) to lonlat (360x128) grid
cdo    remapbil: Bilinear weights from lonlat (1440x721) to lonlat (360x128) grid, with source mask (686364)
cdi  warning (set_coordinates_varids): Coordinates variable number can't be assigned!
cdi  warning (set_coordinates_varids): Coordinates variable expver can't be assigned!
cdo    remapbil: Bilinear weights from lonlat (1440x721) to lonlat (360x128) grid
cdo    remapbil: Bilinear weights from lonlat (1440x721) to lonlat (360x128) grid, with source mask (686364)
cdi  warning (set_coordinates_varids): Coordinates variable number can't be assigned!
cdi  warning (set_coordinates_varids): Coordinates variable expver can't be assigned!
cdo    remapbil: Bilinear weights from lonlat (1440x721) to lonlat (360x128) grid
cdo    remapbil: Bilinear weights from lonlat (1440x721) to lonlat (360x128) grid, with source mask (686364)
cdi  warning (set_coordinates_varids): Coordinates variable number can't be assigned!
cdi  warning (set_coordinates_varids): Coordinates variable expver can't be assigned!
cdo    remapbil: Bilinear weights from lonlat (1440x721) to lonlat (360x128) grid
cdo    remapbil: Bilinear weights from lonlat (1440x721) to lonlat (360x128) grid, with source mask (686364)
cdi  warning (set_coordinates_varids): Coordinates variable number can't be assigned!
cdi  warning (set_coordinates_varids): Coordinates variable expver can't be assigned!
cdo    remapbil: Bilinear weights from lonlat (1440x721) to lonlat (360x128) grid
cdo    remapbil: Bilinear weights from lonlat (1440x721) to lonlat (360x128) grid, with source mask (686364)
cdi  warning (set_coordinates_varids): Coordinates variable number can't be assigned!
cdi  warning (set_coordinates_varids): Coordinates variable expver can't be assigned!
cdo    remapbil: Bilinear weights from lonlat (1440x721) to lonlat (360x128) grid
cdo    remapbil: Bilinear weights from lonlat (1440x721) to lonlat (360x128) grid, with source mask (686364)
cdi  warning (set_coordinates_varids): Coordinates variable number can't be assigned!
cdi  warning (set_coordinates_varids): Coordinates variable expver can't be assigned!
cdo    remapbil: Bilinear weights from lonlat (1440x721) to lonlat (360x128) grid
cdo    remapbil: Bilinear weights from lonlat (1440x721) to lonlat (360x128) grid, with source mask (686364)
[1/384] /workspace/lutianyou/program/download/era5/era5_1993_01.nc
[2/384] /workspace/lutianyou/program/download/era5/era5_1993_02.nc
[3/384] /workspace/lutianyou/program/download/era5/era5_1993_03.nc
[4/384] /workspace/lutianyou/program/download/era5/era5_1993_04.nc
[5/384] /workspace/lutianyou/program/download/era5/era5_1993_05.nc
[6/384] /workspace/lutianyou/program/download/era5/era5_1993_06.nc
[7/384] /workspace/lutianyou/program/download/era5/era5_1993_07.nc
[8/384] /workspace/lutianyou/program/download/era5/era5_1993_08.nc
[9/384] /workspace/lutianyou/program/download/era5/era5_1993_09.nc
[10/384] /workspace/lutianyou/program/download/era5/era5_1993_10.nc
[11/384] /workspace/lutianyou/program/download/era5/era5_1993_11.nc
[12/384] /workspace/lutianyou/program/download/era5/era5_1993_12.nc
[13/384] /workspace/lutianyou/program/download/era5/era5_1994_01.nc
[14/384] /workspace/lutianyou/program/download/era5/era5_1994_02.nc
[15/384] /workspace/lutianyou/program/download/era5/era5_1994_03.nc
[16/384] /workspace/lutianyou/program/download/era5/era5_1994_04.nc
[17/384] /workspace/lutianyou/program/download/era5/era5_1994_05.nc
[18/384] /workspace/lutianyou/program/download/era5/era5_1994_06.nc
[19/384] /workspace/lutianyou/program/download/era5/era5_1994_07.nc
[20/384] /workspace/lutianyou/program/download/era5/era5_1994_08.nc
[21/384] /workspace/lutianyou/program/download/era5/era5_1994_09.nc
[22/384] /workspace/lutianyou/program/download/era5/era5_1994_10.nc
[23/384] /workspace/lutianyou/program/download/era5/era5_1994_11.nc
[24/384] /workspace/lutianyou/program/download/era5/era5_1994_12.nc
[25/384] /workspace/lutianyou/program/download/era5/era5_1995_01.nc
[26/384] /workspace/lutianyou/program/download/era5/era5_1995_02.nc
[27/384] /workspace/lutianyou/program/download/era5/era5_1995_03.nc
[28/384] /workspace/lutianyou/program/download/era5/era5_1995_04.nc
[29/384] /workspace/lutianyou/program/download/era5/era5_1995_05.nc
[30/384] /workspace/lutianyou/program/download/era5/era5_1995_06.nc
[31/384] /workspace/lutianyou/program/download/era5/era5_1995_07.nc
[32/384] /workspace/lutianyou/program/download/era5/era5_1995_08.nc
[33/384] /workspace/lutianyou/program/download/era5/era5_1995_09.nc
[34/384] /workspace/lutianyou/program/download/era5/era5_1995_10.nc
[35/384] /workspace/lutianyou/program/download/era5/era5_1995_11.nc
[36/384] /workspace/lutianyou/program/download/era5/era5_1995_12.nc
[37/384] /workspace/lutianyou/program/download/era5/era5_1996_01.nc
[38/384] /workspace/lutianyou/program/download/era5/era5_1996_02.nc
[39/384] /workspace/lutianyou/program/download/era5/era5_1996_03.nc
[40/384] /workspace/lutianyou/program/download/era5/era5_1996_04.nc
[41/384] /workspace/lutianyou/program/download/era5/era5_1996_05.nc
[42/384] /workspace/lutianyou/program/download/era5/era5_1996_06.nc
[43/384] /workspace/lutianyou/program/download/era5/era5_1996_07.nc
[44/384] /workspace/lutianyou/program/download/era5/era5_1996_08.nc
[45/384] /workspace/lutianyou/program/download/era5/era5_1996_09.nc
[46/384] /workspace/lutianyou/program/download/era5/era5_1996_10.nc
[47/384] /workspace/lutianyou/program/download/era5/era5_1996_11.nc
[48/384] /workspace/lutianyou/program/download/era5/era5_1996_12.nc
[49/384] /workspace/lutianyou/program/download/era5/era5_1997_01.nc
[50/384] /workspace/lutianyou/program/download/era5/era5_1997_02.nc
[51/384] /workspace/lutianyou/program/download/era5/era5_1997_03.nc
[52/384] /workspace/lutianyou/program/download/era5/era5_1997_04.nc
[53/384] /workspace/lutianyou/program/download/era5/era5_1997_05.nc
[54/384] /workspace/lutianyou/program/download/era5/era5_1997_06.nc
[55/384] /workspace/lutianyou/program/download/era5/era5_1997_07.nc
[56/384] /workspace/lutianyou/program/download/era5/era5_1997_08.nc
[57/384] /workspace/lutianyou/program/download/era5/era5_1997_09.nc
[58/384] /workspace/lutianyou/program/download/era5/era5_1997_10.nc
[59/384] /workspace/lutianyou/program/download/era5/era5_1997_11.nc
[60/384] /workspace/lutianyou/program/download/era5/era5_1997_12.nc
[61/384] /workspace/lutianyou/program/download/era5/era5_1998_01.nc
[62/384] /workspace/lutianyou/program/download/era5/era5_1998_02.nc
[63/384] /workspace/lutianyou/program/download/era5/era5_1998_03.nc
[64/384] /workspace/lutianyou/program/download/era5/era5_1998_04.nc
[65/384] /workspace/lutianyou/program/download/era5/era5_1998_05.nc
[66/384] /workspace/lutianyou/program/download/era5/era5_1998_06.nc
[67/384] /workspace/lutianyou/program/download/era5/era5_1998_07.nc
[68/384] /workspace/lutianyou/program/download/era5/era5_1998_08.nc
[69/384] /workspace/lutianyou/program/download/era5/era5_1998_09.nc
[70/384] /workspace/lutianyou/program/download/era5/era5_1998_10.nc
[71/384] /workspace/lutianyou/program/download/era5/era5_1998_11.nc
[72/384] /workspace/lutianyou/program/download/era5/era5_1998_12.nc
[73/384] /workspace/lutianyou/program/download/era5/era5_1999_01.nc
[74/384] /workspace/lutianyou/program/download/era5/era5_1999_02.nc
[75/384] /workspace/lutianyou/program/download/era5/era5_1999_03.nc
[76/384] /workspace/lutianyou/program/download/era5/era5_1999_04.nc
[77/384] /workspace/lutianyou/program/download/era5/era5_1999_05.nc
[78/384] /workspace/lutianyou/program/download/era5/era5_1999_06.nc
[79/384] /workspace/lutianyou/program/download/era5/era5_1999_07.nc
[80/384] /workspace/lutianyou/program/download/era5/era5_1999_08.nc
[81/384] /workspace/lutianyou/program/download/era5/era5_1999_09.nc
[82/384] /workspace/lutianyou/program/download/era5/era5_1999_10.nc
[83/384] /workspace/lutianyou/program/download/era5/era5_1999_11.nc
[84/384] /workspace/lutianyou/program/download/era5/era5_1999_12.nc
[85/384] /workspace/lutianyou/program/download/era5/era5_2000_01.nc
[86/384] /workspace/lutianyou/program/download/era5/era5_2000_02.nc
[87/384] /workspace/lutianyou/program/download/era5/era5_2000_03.nc
[88/384] /workspace/lutianyou/program/download/era5/era5_2000_04.nc
[89/384] /workspace/lutianyou/program/download/era5/era5_2000_05.nc
[90/384] /workspace/lutianyou/program/download/era5/era5_2000_06.nc
[91/384] /workspace/lutianyou/program/download/era5/era5_2000_07.nc
[92/384] /workspace/lutianyou/program/download/era5/era5_2000_08.nc
[93/384] /workspace/lutianyou/program/download/era5/era5_2000_09.nc
[94/384] /workspace/lutianyou/program/download/era5/era5_2000_10.nc
[95/384] /workspace/lutianyou/program/download/era5/era5_2000_11.nc
[96/384] /workspace/lutianyou/program/download/era5/era5_2000_12.nc
[97/384] /workspace/lutianyou/program/download/era5/era5_2001_01.nc
[98/384] /workspace/lutianyou/program/download/era5/era5_2001_02.nc
[99/384] /workspace/lutianyou/program/download/era5/era5_2001_03.nc
[100/384] /workspace/lutianyou/program/download/era5/era5_2001_04.nc
[101/384] /workspace/lutianyou/program/download/era5/era5_2001_05.nc
[102/384] /workspace/lutianyou/program/download/era5/era5_2001_06.nc
[103/384] /workspace/lutianyou/program/download/era5/era5_2001_07.nc
[104/384] /workspace/lutianyou/program/download/era5/era5_2001_08.nc
[105/384] /workspace/lutianyou/program/download/era5/era5_2001_09.nc
[106/384] /workspace/lutianyou/program/download/era5/era5_2001_10.nc
[107/384] /workspace/lutianyou/program/download/era5/era5_2001_11.nc
[108/384] /workspace/lutianyou/program/download/era5/era5_2001_12.nc
[109/384] /workspace/lutianyou/program/download/era5/era5_2002_01.nc
[110/384] /workspace/lutianyou/program/download/era5/era5_2002_02.nc
[111/384] /workspace/lutianyou/program/download/era5/era5_2002_03.nc
[112/384] /workspace/lutianyou/program/download/era5/era5_2002_04.nc
[113/384] /workspace/lutianyou/program/download/era5/era5_2002_05.nc
[114/384] /workspace/lutianyou/program/download/era5/era5_2002_06.nc
[115/384] /workspace/lutianyou/program/download/era5/era5_2002_07.nc
[116/384] /workspace/lutianyou/program/download/era5/era5_2002_08.nc
[117/384] /workspace/lutianyou/program/download/era5/era5_2002_09.nc
[118/384] /workspace/lutianyou/program/download/era5/era5_2002_10.nc
[119/384] /workspace/lutianyou/program/download/era5/era5_2002_11.nc
[120/384] /workspace/lutianyou/program/download/era5/era5_2002_12.nc
cdi  warning (set_coordinates_varids): Coordinates variable number can't be assigned!
cdi  warning (set_coordinates_varids): Coordinates variable expver can't be assigned!
cdo    remapbil: Bilinear weights from lonlat (1440x721) to lonlat (360x128) grid
cdo    remapbil: Bilinear weights from lonlat (1440x721) to lonlat (360x128) grid, with source mask (686364)
cdi  warning (set_coordinates_varids): Coordinates variable number can't be assigned!
cdi  warning (set_coordinates_varids): Coordinates variable expver can't be assigned!
cdo    remapbil: Bilinear weights from lonlat (1440x721) to lonlat (360x128) grid
cdo    remapbil: Bilinear weights from lonlat (1440x721) to lonlat (360x128) grid, with source mask (686364)
cdi  warning (set_coordinates_varids): Coordinates variable number can't be assigned!
cdi  warning (set_coordinates_varids): Coordinates variable expver can't be assigned!
cdo    remapbil: Bilinear weights from lonlat (1440x721) to lonlat (360x128) grid
cdo    remapbil: Bilinear weights from lonlat (1440x721) to lonlat (360x128) grid, with source mask (686364)
cdi  warning (set_coordinates_varids): Coordinates variable number can't be assigned!
cdi  warning (set_coordinates_varids): Coordinates variable expver can't be assigned!
cdo    remapbil: Bilinear weights from lonlat (1440x721) to lonlat (360x128) grid
cdo    remapbil: Bilinear weights from lonlat (1440x721) to lonlat (360x128) grid, with source mask (686364)
cdi  warning (set_coordinates_varids): Coordinates variable number can't be assigned!
cdi  warning (set_coordinates_varids): Coordinates variable expver can't be assigned!
cdo    remapbil: Bilinear weights from lonlat (1440x721) to lonlat (360x128) grid
cdo    remapbil: Bilinear weights from lonlat (1440x721) to lonlat (360x128) grid, with source mask (686364)
cdi  warning (set_coordinates_varids): Coordinates variable number can't be assigned!
cdi  warning (set_coordinates_varids): Coordinates variable expver can't be assigned!
cdo    remapbil: Bilinear weights from lonlat (1440x721) to lonlat (360x128) grid
cdo    remapbil: Bilinear weights from lonlat (1440x721) to lonlat (360x128) grid, with source mask (686364)
cdi  warning (set_coordinates_varids): Coordinates variable number can't be assigned!
cdi  warning (set_coordinates_varids): Coordinates variable expver can't be assigned!
cdo    remapbil: Bilinear weights from lonlat (1440x721) to lonlat (360x128) grid
cdo    remapbil: Bilinear weights from lonlat (1440x721) to lonlat (360x128) grid, with source mask (686364)
cdi  warning (set_coordinates_varids): Coordinates variable number can't be assigned!
cdi  warning (set_coordinates_varids): Coordinates variable expver can't be assigned!
cdo    remapbil: Bilinear weights from lonlat (1440x721) to lonlat (360x128) grid
cdo    remapbil: Bilinear weights from lonlat (1440x721) to lonlat (360x128) grid, with source mask (686364)
cdi  warning (set_coordinates_varids): Coordinates variable number can't be assigned!
cdi  warning (set_coordinates_varids): Coordinates variable expver can't be assigned!
cdo    remapbil: Bilinear weights from lonlat (1440x721) to lonlat (360x128) grid
cdo    remapbil: Bilinear weights from lonlat (1440x721) to lonlat (360x128) grid, with source mask (686364)
cdi  warning (set_coordinates_varids): Coordinates variable number can't be assigned!
cdi  warning (set_coordinates_varids): Coordinates variable expver can't be assigned!
cdo    remapbil: Bilinear weights from lonlat (1440x721) to lonlat (360x128) grid
cdo    remapbil: Bilinear weights from lonlat (1440x721) to lonlat (360x128) grid, with source mask (686364)
cdi  warning (set_coordinates_varids): Coordinates variable number can't be assigned!
cdi  warning (set_coordinates_varids): Coordinates variable expver can't be assigned!
cdo    remapbil: Bilinear weights from lonlat (1440x721) to lonlat (360x128) grid
cdo    remapbil: Bilinear weights from lonlat (1440x721) to lonlat (360x128) grid, with source mask (686364)
cdi  warning (set_coordinates_varids): Coordinates variable number can't be assigned!
cdi  warning (set_coordinates_varids): Coordinates variable expver can't be assigned!
cdo    remapbil: Bilinear weights from lonlat (1440x721) to lonlat (360x128) grid
cdo    remapbil: Bilinear weights from lonlat (1440x721) to lonlat (360x128) grid, with source mask (686364)
cdi  warning (set_coordinates_varids): Coordinates variable number can't be assigned!
cdi  warning (set_coordinates_varids): Coordinates variable expver can't be assigned!
cdo    remapbil: Bilinear weights from lonlat (1440x721) to lonlat (360x128) grid
cdo    remapbil: Bilinear weights from lonlat (1440x721) to lonlat (360x128) grid, with source mask (686364)
cdi  warning (set_coordinates_varids): Coordinates variable number can't be assigned!
cdi  warning (set_coordinates_varids): Coordinates variable expver can't be assigned!
cdo    remapbil: Bilinear weights from lonlat (1440x721) to lonlat (360x128) grid
cdo    remapbil: Bilinear weights from lonlat (1440x721) to lonlat (360x128) grid, with source mask (686364)
cdi  warning (set_coordinates_varids): Coordinates variable number can't be assigned!
cdi  warning (set_coordinates_varids): Coordinates variable expver can't be assigned!
cdo    remapbil: Bilinear weights from lonlat (1440x721) to lonlat (360x128) grid
cdo    remapbil: Bilinear weights from lonlat (1440x721) to lonlat (360x128) grid, with source mask (686364)
cdi  warning (set_coordinates_varids): Coordinates variable number can't be assigned!
cdi  warning (set_coordinates_varids): Coordinates variable expver can't be assigned!
cdo    remapbil: Bilinear weights from lonlat (1440x721) to lonlat (360x128) grid
cdo    remapbil: Bilinear weights from lonlat (1440x721) to lonlat (360x128) grid, with source mask (686364)
cdi  warning (set_coordinates_varids): Coordinates variable number can't be assigned!
cdi  warning (set_coordinates_varids): Coordinates variable expver can't be assigned!
cdo    remapbil: Bilinear weights from lonlat (1440x721) to lonlat (360x128) grid
cdo    remapbil: Bilinear weights from lonlat (1440x721) to lonlat (360x128) grid, with source mask (686364)
cdi  warning (set_coordinates_varids): Coordinates variable number can't be assigned!
cdi  warning (set_coordinates_varids): Coordinates variable expver can't be assigned!
cdo    remapbil: Bilinear weights from lonlat (1440x721) to lonlat (360x128) grid
cdo    remapbil: Bilinear weights from lonlat (1440x721) to lonlat (360x128) grid, with source mask (686364)
cdi  warning (set_coordinates_varids): Coordinates variable number can't be assigned!
cdi  warning (set_coordinates_varids): Coordinates variable expver can't be assigned!
cdo    remapbil: Bilinear weights from lonlat (1440x721) to lonlat (360x128) grid
cdo    remapbil: Bilinear weights from lonlat (1440x721) to lonlat (360x128) grid, with source mask (686364)
cdi  warning (set_coordinates_varids): Coordinates variable number can't be assigned!
cdi  warning (set_coordinates_varids): Coordinates variable expver can't be assigned!
cdo    remapbil: Bilinear weights from lonlat (1440x721) to lonlat (360x128) grid
cdo    remapbil: Bilinear weights from lonlat (1440x721) to lonlat (360x128) grid, with source mask (686364)
cdi  warning (set_coordinates_varids): Coordinates variable number can't be assigned!
cdi  warning (set_coordinates_varids): Coordinates variable expver can't be assigned!
cdo    remapbil: Bilinear weights from lonlat (1440x721) to lonlat (360x128) grid
cdo    remapbil: Bilinear weights from lonlat (1440x721) to lonlat (360x128) grid, with source mask (686364)
cdi  warning (set_coordinates_varids): Coordinates variable number can't be assigned!
cdi  warning (set_coordinates_varids): Coordinates variable expver can't be assigned!
cdo    remapbil: Bilinear weights from lonlat (1440x721) to lonlat (360x128) grid
cdo    remapbil: Bilinear weights from lonlat (1440x721) to lonlat (360x128) grid, with source mask (686364)
cdi  warning (set_coordinates_varids): Coordinates variable number can't be assigned!
cdi  warning (set_coordinates_varids): Coordinates variable expver can't be assigned!
cdo    remapbil: Bilinear weights from lonlat (1440x721) to lonlat (360x128) grid
cdo    remapbil: Bilinear weights from lonlat (1440x721) to lonlat (360x128) grid, with source mask (686364)
cdi  warning (set_coordinates_varids): Coordinates variable number can't be assigned!
cdi  warning (set_coordinates_varids): Coordinates variable expver can't be assigned!
cdo    remapbil: Bilinear weights from lonlat (1440x721) to lonlat (360x128) grid
cdo    remapbil: Bilinear weights from lonlat (1440x721) to lonlat (360x128) grid, with source mask (686364)
cdi  warning (set_coordinates_varids): Coordinates variable number can't be assigned!
cdi  warning (set_coordinates_varids): Coordinates variable expver can't be assigned!
cdo    remapbil: Bilinear weights from lonlat (1440x721) to lonlat (360x128) grid
cdo    remapbil: Bilinear weights from lonlat (1440x721) to lonlat (360x128) grid, with source mask (686364)
cdi  warning (set_coordinates_varids): Coordinates variable number can't be assigned!
cdi  warning (set_coordinates_varids): Coordinates variable expver can't be assigned!
cdo    remapbil: Bilinear weights from lonlat (1440x721) to lonlat (360x128) grid
cdo    remapbil: Bilinear weights from lonlat (1440x721) to lonlat (360x128) grid, with source mask (686364)
cdi  warning (set_coordinates_varids): Coordinates variable number can't be assigned!
cdi  warning (set_coordinates_varids): Coordinates variable expver can't be assigned!
cdo    remapbil: Bilinear weights from lonlat (1440x721) to lonlat (360x128) grid
cdo    remapbil: Bilinear weights from lonlat (1440x721) to lonlat (360x128) grid, with source mask (686364)
cdi  warning (set_coordinates_varids): Coordinates variable number can't be assigned!
cdi  warning (set_coordinates_varids): Coordinates variable expver can't be assigned!
cdo    remapbil: Bilinear weights from lonlat (1440x721) to lonlat (360x128) grid
cdo    remapbil: Bilinear weights from lonlat (1440x721) to lonlat (360x128) grid, with source mask (686364)
cdi  warning (set_coordinates_varids): Coordinates variable number can't be assigned!
cdi  warning (set_coordinates_varids): Coordinates variable expver can't be assigned!
cdo    remapbil: Bilinear weights from lonlat (1440x721) to lonlat (360x128) grid
cdo    remapbil: Bilinear weights from lonlat (1440x721) to lonlat (360x128) grid, with source mask (686364)
cdi  warning (set_coordinates_varids): Coordinates variable number can't be assigned!
cdi  warning (set_coordinates_varids): Coordinates variable expver can't be assigned!
cdo    remapbil: Bilinear weights from lonlat (1440x721) to lonlat (360x128) grid
cdo    remapbil: Bilinear weights from lonlat (1440x721) to lonlat (360x128) grid, with source mask (686364)
cdi  warning (set_coordinates_varids): Coordinates variable number can't be assigned!
cdi  warning (set_coordinates_varids): Coordinates variable expver can't be assigned!
cdo    remapbil: Bilinear weights from lonlat (1440x721) to lonlat (360x128) grid
cdo    remapbil: Bilinear weights from lonlat (1440x721) to lonlat (360x128) grid, with source mask (686364)
cdi  warning (set_coordinates_varids): Coordinates variable number can't be assigned!
cdi  warning (set_coordinates_varids): Coordinates variable expver can't be assigned!
cdo    remapbil: Bilinear weights from lonlat (1440x721) to lonlat (360x128) grid
cdo    remapbil: Bilinear weights from lonlat (1440x721) to lonlat (360x128) grid, with source mask (686364)
cdi  warning (set_coordinates_varids): Coordinates variable number can't be assigned!
cdi  warning (set_coordinates_varids): Coordinates variable expver can't be assigned!
cdo    remapbil: Bilinear weights from lonlat (1440x721) to lonlat (360x128) grid
cdo    remapbil: Bilinear weights from lonlat (1440x721) to lonlat (360x128) grid, with source mask (686364)
cdi  warning (set_coordinates_varids): Coordinates variable number can't be assigned!
cdi  warning (set_coordinates_varids): Coordinates variable expver can't be assigned!
cdo    remapbil: Bilinear weights from lonlat (1440x721) to lonlat (360x128) grid
cdo    remapbil: Bilinear weights from lonlat (1440x721) to lonlat (360x128) grid, with source mask (686364)
cdi  warning (set_coordinates_varids): Coordinates variable number can't be assigned!
cdi  warning (set_coordinates_varids): Coordinates variable expver can't be assigned!
cdo    remapbil: Bilinear weights from lonlat (1440x721) to lonlat (360x128) grid
cdo    remapbil: Bilinear weights from lonlat (1440x721) to lonlat (360x128) grid, with source mask (686364)
cdi  warning (set_coordinates_varids): Coordinates variable number can't be assigned!
cdi  warning (set_coordinates_varids): Coordinates variable expver can't be assigned!
cdo    remapbil: Bilinear weights from lonlat (1440x721) to lonlat (360x128) grid
cdo    remapbil: Bilinear weights from lonlat (1440x721) to lonlat (360x128) grid, with source mask (686364)
cdi  warning (set_coordinates_varids): Coordinates variable number can't be assigned!
cdi  warning (set_coordinates_varids): Coordinates variable expver can't be assigned!
cdo    remapbil: Bilinear weights from lonlat (1440x721) to lonlat (360x128) grid
cdo    remapbil: Bilinear weights from lonlat (1440x721) to lonlat (360x128) grid, with source mask (686364)
cdi  warning (set_coordinates_varids): Coordinates variable number can't be assigned!
cdi  warning (set_coordinates_varids): Coordinates variable expver can't be assigned!
cdo    remapbil: Bilinear weights from lonlat (1440x721) to lonlat (360x128) grid
cdo    remapbil: Bilinear weights from lonlat (1440x721) to lonlat (360x128) grid, with source mask (686364)
cdi  warning (set_coordinates_varids): Coordinates variable number can't be assigned!
cdi  warning (set_coordinates_varids): Coordinates variable expver can't be assigned!
cdo    remapbil: Bilinear weights from lonlat (1440x721) to lonlat (360x128) grid
cdo    remapbil: Bilinear weights from lonlat (1440x721) to lonlat (360x128) grid, with source mask (686364)
cdi  warning (set_coordinates_varids): Coordinates variable number can't be assigned!
cdi  warning (set_coordinates_varids): Coordinates variable expver can't be assigned!
cdo    remapbil: Bilinear weights from lonlat (1440x721) to lonlat (360x128) grid
cdo    remapbil: Bilinear weights from lonlat (1440x721) to lonlat (360x128) grid, with source mask (686364)
cdi  warning (set_coordinates_varids): Coordinates variable number can't be assigned!
cdi  warning (set_coordinates_varids): Coordinates variable expver can't be assigned!
cdo    remapbil: Bilinear weights from lonlat (1440x721) to lonlat (360x128) grid
cdo    remapbil: Bilinear weights from lonlat (1440x721) to lonlat (360x128) grid, with source mask (686364)
cdi  warning (set_coordinates_varids): Coordinates variable number can't be assigned!
cdi  warning (set_coordinates_varids): Coordinates variable expver can't be assigned!
cdo    remapbil: Bilinear weights from lonlat (1440x721) to lonlat (360x128) grid
cdo    remapbil: Bilinear weights from lonlat (1440x721) to lonlat (360x128) grid, with source mask (686364)
cdi  warning (set_coordinates_varids): Coordinates variable number can't be assigned!
cdi  warning (set_coordinates_varids): Coordinates variable expver can't be assigned!
cdo    remapbil: Bilinear weights from lonlat (1440x721) to lonlat (360x128) grid
cdo    remapbil: Bilinear weights from lonlat (1440x721) to lonlat (360x128) grid, with source mask (686364)
cdi  warning (set_coordinates_varids): Coordinates variable number can't be assigned!
cdi  warning (set_coordinates_varids): Coordinates variable expver can't be assigned!
cdo    remapbil: Bilinear weights from lonlat (1440x721) to lonlat (360x128) grid
cdo    remapbil: Bilinear weights from lonlat (1440x721) to lonlat (360x128) grid, with source mask (686364)
cdi  warning (set_coordinates_varids): Coordinates variable number can't be assigned!
cdi  warning (set_coordinates_varids): Coordinates variable expver can't be assigned!
cdo    remapbil: Bilinear weights from lonlat (1440x721) to lonlat (360x128) grid
cdo    remapbil: Bilinear weights from lonlat (1440x721) to lonlat (360x128) grid, with source mask (686364)
cdi  warning (set_coordinates_varids): Coordinates variable number can't be assigned!
cdi  warning (set_coordinates_varids): Coordinates variable expver can't be assigned!
cdo    remapbil: Bilinear weights from lonlat (1440x721) to lonlat (360x128) grid
cdo    remapbil: Bilinear weights from lonlat (1440x721) to lonlat (360x128) grid, with source mask (686364)
cdi  warning (set_coordinates_varids): Coordinates variable number can't be assigned!
cdi  warning (set_coordinates_varids): Coordinates variable expver can't be assigned!
cdo    remapbil: Bilinear weights from lonlat (1440x721) to lonlat (360x128) grid
cdo    remapbil: Bilinear weights from lonlat (1440x721) to lonlat (360x128) grid, with source mask (686364)
cdi  warning (set_coordinates_varids): Coordinates variable number can't be assigned!
cdi  warning (set_coordinates_varids): Coordinates variable expver can't be assigned!
cdo    remapbil: Bilinear weights from lonlat (1440x721) to lonlat (360x128) grid
cdo    remapbil: Bilinear weights from lonlat (1440x721) to lonlat (360x128) grid, with source mask (686364)
cdi  warning (set_coordinates_varids): Coordinates variable number can't be assigned!
cdi  warning (set_coordinates_varids): Coordinates variable expver can't be assigned!
cdo    remapbil: Bilinear weights from lonlat (1440x721) to lonlat (360x128) grid
cdo    remapbil: Bilinear weights from lonlat (1440x721) to lonlat (360x128) grid, with source mask (686364)
cdi  warning (set_coordinates_varids): Coordinates variable number can't be assigned!
cdi  warning (set_coordinates_varids): Coordinates variable expver can't be assigned!
cdo    remapbil: Bilinear weights from lonlat (1440x721) to lonlat (360x128) grid
cdo    remapbil: Bilinear weights from lonlat (1440x721) to lonlat (360x128) grid, with source mask (686364)
cdi  warning (set_coordinates_varids): Coordinates variable number can't be assigned!
cdi  warning (set_coordinates_varids): Coordinates variable expver can't be assigned!
cdo    remapbil: Bilinear weights from lonlat (1440x721) to lonlat (360x128) grid
cdo    remapbil: Bilinear weights from lonlat (1440x721) to lonlat (360x128) grid, with source mask (686364)
cdi  warning (set_coordinates_varids): Coordinates variable number can't be assigned!
cdi  warning (set_coordinates_varids): Coordinates variable expver can't be assigned!
cdo    remapbil: Bilinear weights from lonlat (1440x721) to lonlat (360x128) grid
cdo    remapbil: Bilinear weights from lonlat (1440x721) to lonlat (360x128) grid, with source mask (686364)
cdi  warning (set_coordinates_varids): Coordinates variable number can't be assigned!
cdi  warning (set_coordinates_varids): Coordinates variable expver can't be assigned!
cdo    remapbil: Bilinear weights from lonlat (1440x721) to lonlat (360x128) grid
cdo    remapbil: Bilinear weights from lonlat (1440x721) to lonlat (360x128) grid, with source mask (686364)
cdi  warning (set_coordinates_varids): Coordinates variable number can't be assigned!
cdi  warning (set_coordinates_varids): Coordinates variable expver can't be assigned!
cdo    remapbil: Bilinear weights from lonlat (1440x721) to lonlat (360x128) grid
cdo    remapbil: Bilinear weights from lonlat (1440x721) to lonlat (360x128) grid, with source mask (686364)
cdi  warning (set_coordinates_varids): Coordinates variable number can't be assigned!
cdi  warning (set_coordinates_varids): Coordinates variable expver can't be assigned!
cdo    remapbil: Bilinear weights from lonlat (1440x721) to lonlat (360x128) grid
cdo    remapbil: Bilinear weights from lonlat (1440x721) to lonlat (360x128) grid, with source mask (686364)
cdi  warning (set_coordinates_varids): Coordinates variable number can't be assigned!
cdi  warning (set_coordinates_varids): Coordinates variable expver can't be assigned!
cdo    remapbil: Bilinear weights from lonlat (1440x721) to lonlat (360x128) grid
cdo    remapbil: Bilinear weights from lonlat (1440x721) to lonlat (360x128) grid, with source mask (686364)
cdi  warning (set_coordinates_varids): Coordinates variable number can't be assigned!
cdi  warning (set_coordinates_varids): Coordinates variable expver can't be assigned!
cdo    remapbil: Bilinear weights from lonlat (1440x721) to lonlat (360x128) grid
cdo    remapbil: Bilinear weights from lonlat (1440x721) to lonlat (360x128) grid, with source mask (686364)
cdi  warning (set_coordinates_varids): Coordinates variable number can't be assigned!
cdi  warning (set_coordinates_varids): Coordinates variable expver can't be assigned!
cdo    remapbil: Bilinear weights from lonlat (1440x721) to lonlat (360x128) grid
cdo    remapbil: Bilinear weights from lonlat (1440x721) to lonlat (360x128) grid, with source mask (686364)
cdi  warning (set_coordinates_varids): Coordinates variable number can't be assigned!
cdi  warning (set_coordinates_varids): Coordinates variable expver can't be assigned!
cdo    remapbil: Bilinear weights from lonlat (1440x721) to lonlat (360x128) grid
cdo    remapbil: Bilinear weights from lonlat (1440x721) to lonlat (360x128) grid, with source mask (686364)
cdi  warning (set_coordinates_varids): Coordinates variable number can't be assigned!
cdi  warning (set_coordinates_varids): Coordinates variable expver can't be assigned!
cdo    remapbil: Bilinear weights from lonlat (1440x721) to lonlat (360x128) grid
cdo    remapbil: Bilinear weights from lonlat (1440x721) to lonlat (360x128) grid, with source mask (686364)
cdi  warning (set_coordinates_varids): Coordinates variable number can't be assigned!
cdi  warning (set_coordinates_varids): Coordinates variable expver can't be assigned!
cdo    remapbil: Bilinear weights from lonlat (1440x721) to lonlat (360x128) grid
cdo    remapbil: Bilinear weights from lonlat (1440x721) to lonlat (360x128) grid, with source mask (686364)
cdi  warning (set_coordinates_varids): Coordinates variable number can't be assigned!
cdi  warning (set_coordinates_varids): Coordinates variable expver can't be assigned!
cdo    remapbil: Bilinear weights from lonlat (1440x721) to lonlat (360x128) grid
cdo    remapbil: Bilinear weights from lonlat (1440x721) to lonlat (360x128) grid, with source mask (686364)
cdi  warning (set_coordinates_varids): Coordinates variable number can't be assigned!
cdi  warning (set_coordinates_varids): Coordinates variable expver can't be assigned!
cdo    remapbil: Bilinear weights from lonlat (1440x721) to lonlat (360x128) grid
cdo    remapbil: Bilinear weights from lonlat (1440x721) to lonlat (360x128) grid, with source mask (686364)
cdi  warning (set_coordinates_varids): Coordinates variable number can't be assigned!
cdi  warning (set_coordinates_varids): Coordinates variable expver can't be assigned!
cdo    remapbil: Bilinear weights from lonlat (1440x721) to lonlat (360x128) grid
cdo    remapbil: Bilinear weights from lonlat (1440x721) to lonlat (360x128) grid, with source mask (686364)
cdi  warning (set_coordinates_varids): Coordinates variable number can't be assigned!
cdi  warning (set_coordinates_varids): Coordinates variable expver can't be assigned!
cdo    remapbil: Bilinear weights from lonlat (1440x721) to lonlat (360x128) grid
cdo    remapbil: Bilinear weights from lonlat (1440x721) to lonlat (360x128) grid, with source mask (686364)
cdi  warning (set_coordinates_varids): Coordinates variable number can't be assigned!
cdi  warning (set_coordinates_varids): Coordinates variable expver can't be assigned!
cdo    remapbil: Bilinear weights from lonlat (1440x721) to lonlat (360x128) grid
cdo    remapbil: Bilinear weights from lonlat (1440x721) to lonlat (360x128) grid, with source mask (686364)
cdi  warning (set_coordinates_varids): Coordinates variable number can't be assigned!
cdi  warning (set_coordinates_varids): Coordinates variable expver can't be assigned!
cdo    remapbil: Bilinear weights from lonlat (1440x721) to lonlat (360x128) grid
cdo    remapbil: Bilinear weights from lonlat (1440x721) to lonlat (360x128) grid, with source mask (686364)
cdi  warning (set_coordinates_varids): Coordinates variable number can't be assigned!
cdi  warning (set_coordinates_varids): Coordinates variable expver can't be assigned!
cdo    remapbil: Bilinear weights from lonlat (1440x721) to lonlat (360x128) grid
cdo    remapbil: Bilinear weights from lonlat (1440x721) to lonlat (360x128) grid, with source mask (686364)
cdi  warning (set_coordinates_varids): Coordinates variable number can't be assigned!
cdi  warning (set_coordinates_varids): Coordinates variable expver can't be assigned!
cdo    remapbil: Bilinear weights from lonlat (1440x721) to lonlat (360x128) grid
cdo    remapbil: Bilinear weights from lonlat (1440x721) to lonlat (360x128) grid, with source mask (686364)
cdi  warning (set_coordinates_varids): Coordinates variable number can't be assigned!
cdi  warning (set_coordinates_varids): Coordinates variable expver can't be assigned!
cdo    remapbil: Bilinear weights from lonlat (1440x721) to lonlat (360x128) grid
cdo    remapbil: Bilinear weights from lonlat (1440x721) to lonlat (360x128) grid, with source mask (686364)
cdi  warning (set_coordinates_varids): Coordinates variable number can't be assigned!
cdi  warning (set_coordinates_varids): Coordinates variable expver can't be assigned!
cdo    remapbil: Bilinear weights from lonlat (1440x721) to lonlat (360x128) grid
cdo    remapbil: Bilinear weights from lonlat (1440x721) to lonlat (360x128) grid, with source mask (686364)
cdi  warning (set_coordinates_varids): Coordinates variable number can't be assigned!
cdi  warning (set_coordinates_varids): Coordinates variable expver can't be assigned!
cdo    remapbil: Bilinear weights from lonlat (1440x721) to lonlat (360x128) grid
cdo    remapbil: Bilinear weights from lonlat (1440x721) to lonlat (360x128) grid, with source mask (686364)
cdi  warning (set_coordinates_varids): Coordinates variable number can't be assigned!
cdi  warning (set_coordinates_varids): Coordinates variable expver can't be assigned!
cdo    remapbil: Bilinear weights from lonlat (1440x721) to lonlat (360x128) grid
cdo    remapbil: Bilinear weights from lonlat (1440x721) to lonlat (360x128) grid, with source mask (686364)
cdi  warning (set_coordinates_varids): Coordinates variable number can't be assigned!
cdi  warning (set_coordinates_varids): Coordinates variable expver can't be assigned!
cdo    remapbil: Bilinear weights from lonlat (1440x721) to lonlat (360x128) grid
cdo    remapbil: Bilinear weights from lonlat (1440x721) to lonlat (360x128) grid, with source mask (686364)
cdi  warning (set_coordinates_varids): Coordinates variable number can't be assigned!
cdi  warning (set_coordinates_varids): Coordinates variable expver can't be assigned!
cdo    remapbil: Bilinear weights from lonlat (1440x721) to lonlat (360x128) grid
cdo    remapbil: Bilinear weights from lonlat (1440x721) to lonlat (360x128) grid, with source mask (686364)
cdi  warning (set_coordinates_varids): Coordinates variable number can't be assigned!
cdi  warning (set_coordinates_varids): Coordinates variable expver can't be assigned!
cdo    remapbil: Bilinear weights from lonlat (1440x721) to lonlat (360x128) grid
cdo    remapbil: Bilinear weights from lonlat (1440x721) to lonlat (360x128) grid, with source mask (686364)
cdi  warning (set_coordinates_varids): Coordinates variable number can't be assigned!
cdi  warning (set_coordinates_varids): Coordinates variable expver can't be assigned!
cdo    remapbil: Bilinear weights from lonlat (1440x721) to lonlat (360x128) grid
cdo    remapbil: Bilinear weights from lonlat (1440x721) to lonlat (360x128) grid, with source mask (686364)
cdi  warning (set_coordinates_varids): Coordinates variable number can't be assigned!
cdi  warning (set_coordinates_varids): Coordinates variable expver can't be assigned!
cdo    remapbil: Bilinear weights from lonlat (1440x721) to lonlat (360x128) grid
cdo    remapbil: Bilinear weights from lonlat (1440x721) to lonlat (360x128) grid, with source mask (686364)
cdi  warning (set_coordinates_varids): Coordinates variable number can't be assigned!
cdi  warning (set_coordinates_varids): Coordinates variable expver can't be assigned!
cdo    remapbil: Bilinear weights from lonlat (1440x721) to lonlat (360x128) grid
cdo    remapbil: Bilinear weights from lonlat (1440x721) to lonlat (360x128) grid, with source mask (686364)
cdi  warning (set_coordinates_varids): Coordinates variable number can't be assigned!
cdi  warning (set_coordinates_varids): Coordinates variable expver can't be assigned!
cdo    remapbil: Bilinear weights from lonlat (1440x721) to lonlat (360x128) grid
cdo    remapbil: Bilinear weights from lonlat (1440x721) to lonlat (360x128) grid, with source mask (686364)
cdi  warning (set_coordinates_varids): Coordinates variable number can't be assigned!
cdi  warning (set_coordinates_varids): Coordinates variable expver can't be assigned!
cdo    remapbil: Bilinear weights from lonlat (1440x721) to lonlat (360x128) grid
cdo    remapbil: Bilinear weights from lonlat (1440x721) to lonlat (360x128) grid, with source mask (686364)
cdi  warning (set_coordinates_varids): Coordinates variable number can't be assigned!
cdi  warning (set_coordinates_varids): Coordinates variable expver can't be assigned!
cdo    remapbil: Bilinear weights from lonlat (1440x721) to lonlat (360x128) grid
cdo    remapbil: Bilinear weights from lonlat (1440x721) to lonlat (360x128) grid, with source mask (686364)
cdi  warning (set_coordinates_varids): Coordinates variable number can't be assigned!
cdi  warning (set_coordinates_varids): Coordinates variable expver can't be assigned!
cdo    remapbil: Bilinear weights from lonlat (1440x721) to lonlat (360x128) grid
cdo    remapbil: Bilinear weights from lonlat (1440x721) to lonlat (360x128) grid, with source mask (686364)
cdi  warning (set_coordinates_varids): Coordinates variable number can't be assigned!
cdi  warning (set_coordinates_varids): Coordinates variable expver can't be assigned!
cdo    remapbil: Bilinear weights from lonlat (1440x721) to lonlat (360x128) grid
cdo    remapbil: Bilinear weights from lonlat (1440x721) to lonlat (360x128) grid, with source mask (686364)
cdi  warning (set_coordinates_varids): Coordinates variable number can't be assigned!
cdi  warning (set_coordinates_varids): Coordinates variable expver can't be assigned!
cdo    remapbil: Bilinear weights from lonlat (1440x721) to lonlat (360x128) grid
cdo    remapbil: Bilinear weights from lonlat (1440x721) to lonlat (360x128) grid, with source mask (686364)
cdi  warning (set_coordinates_varids): Coordinates variable number can't be assigned!
cdi  warning (set_coordinates_varids): Coordinates variable expver can't be assigned!
cdo    remapbil: Bilinear weights from lonlat (1440x721) to lonlat (360x128) grid
cdo    remapbil: Bilinear weights from lonlat (1440x721) to lonlat (360x128) grid, with source mask (686364)
cdi  warning (set_coordinates_varids): Coordinates variable number can't be assigned!
cdi  warning (set_coordinates_varids): Coordinates variable expver can't be assigned!
cdo    remapbil: Bilinear weights from lonlat (1440x721) to lonlat (360x128) grid
cdo    remapbil: Bilinear weights from lonlat (1440x721) to lonlat (360x128) grid, with source mask (686364)
cdi  warning (set_coordinates_varids): Coordinates variable number can't be assigned!
cdi  warning (set_coordinates_varids): Coordinates variable expver can't be assigned!
cdo    remapbil: Bilinear weights from lonlat (1440x721) to lonlat (360x128) grid
cdo    remapbil: Bilinear weights from lonlat (1440x721) to lonlat (360x128) grid, with source mask (686364)
cdi  warning (set_coordinates_varids): Coordinates variable number can't be assigned!
cdi  warning (set_coordinates_varids): Coordinates variable expver can't be assigned!
cdo    remapbil: Bilinear weights from lonlat (1440x721) to lonlat (360x128) grid
cdo    remapbil: Bilinear weights from lonlat (1440x721) to lonlat (360x128) grid, with source mask (686364)
cdi  warning (set_coordinates_varids): Coordinates variable number can't be assigned!
cdi  warning (set_coordinates_varids): Coordinates variable expver can't be assigned!
cdo    remapbil: Bilinear weights from lonlat (1440x721) to lonlat (360x128) grid
cdo    remapbil: Bilinear weights from lonlat (1440x721) to lonlat (360x128) grid, with source mask (686364)
cdi  warning (set_coordinates_varids): Coordinates variable number can't be assigned!
cdi  warning (set_coordinates_varids): Coordinates variable expver can't be assigned!
cdo    remapbil: Bilinear weights from lonlat (1440x721) to lonlat (360x128) grid
cdo    remapbil: Bilinear weights from lonlat (1440x721) to lonlat (360x128) grid, with source mask (686364)
cdi  warning (set_coordinates_varids): Coordinates variable number can't be assigned!
cdi  warning (set_coordinates_varids): Coordinates variable expver can't be assigned!
cdo    remapbil: Bilinear weights from lonlat (1440x721) to lonlat (360x128) grid
cdo    remapbil: Bilinear weights from lonlat (1440x721) to lonlat (360x128) grid, with source mask (686364)
cdi  warning (set_coordinates_varids): Coordinates variable number can't be assigned!
cdi  warning (set_coordinates_varids): Coordinates variable expver can't be assigned!
cdo    remapbil: Bilinear weights from lonlat (1440x721) to lonlat (360x128) grid
cdo    remapbil: Bilinear weights from lonlat (1440x721) to lonlat (360x128) grid, with source mask (686364)
cdi  warning (set_coordinates_varids): Coordinates variable number can't be assigned!
cdi  warning (set_coordinates_varids): Coordinates variable expver can't be assigned!
cdo    remapbil: Bilinear weights from lonlat (1440x721) to lonlat (360x128) grid
cdo    remapbil: Bilinear weights from lonlat (1440x721) to lonlat (360x128) grid, with source mask (686364)
cdi  warning (set_coordinates_varids): Coordinates variable number can't be assigned!
cdi  warning (set_coordinates_varids): Coordinates variable expver can't be assigned!
cdo    remapbil: Bilinear weights from lonlat (1440x721) to lonlat (360x128) grid
cdo    remapbil: Bilinear weights from lonlat (1440x721) to lonlat (360x128) grid, with source mask (686364)
cdi  warning (set_coordinates_varids): Coordinates variable number can't be assigned!
cdi  warning (set_coordinates_varids): Coordinates variable expver can't be assigned!
cdo    remapbil: Bilinear weights from lonlat (1440x721) to lonlat (360x128) grid
cdo    remapbil: Bilinear weights from lonlat (1440x721) to lonlat (360x128) grid, with source mask (686364)
cdi  warning (set_coordinates_varids): Coordinates variable number can't be assigned!
cdi  warning (set_coordinates_varids): Coordinates variable expver can't be assigned!
cdo    remapbil: Bilinear weights from lonlat (1440x721) to lonlat (360x128) grid
cdo    remapbil: Bilinear weights from lonlat (1440x721) to lonlat (360x128) grid, with source mask (686364)
cdi  warning (set_coordinates_varids): Coordinates variable number can't be assigned!
cdi  warning (set_coordinates_varids): Coordinates variable expver can't be assigned!
cdo    remapbil: Bilinear weights from lonlat (1440x721) to lonlat (360x128) grid
cdo    remapbil: Bilinear weights from lonlat (1440x721) to lonlat (360x128) grid, with source mask (686364)
cdi  warning (set_coordinates_varids): Coordinates variable number can't be assigned!
cdi  warning (set_coordinates_varids): Coordinates variable expver can't be assigned!
cdo    remapbil: Bilinear weights from lonlat (1440x721) to lonlat (360x128) grid
cdo    remapbil: Bilinear weights from lonlat (1440x721) to lonlat (360x128) grid, with source mask (686364)
cdi  warning (set_coordinates_varids): Coordinates variable number can't be assigned!
cdi  warning (set_coordinates_varids): Coordinates variable expver can't be assigned!
cdo    remapbil: Bilinear weights from lonlat (1440x721) to lonlat (360x128) grid
cdo    remapbil: Bilinear weights from lonlat (1440x721) to lonlat (360x128) grid, with source mask (686364)
cdi  warning (set_coordinates_varids): Coordinates variable number can't be assigned!
cdi  warning (set_coordinates_varids): Coordinates variable expver can't be assigned!
cdo    remapbil: Bilinear weights from lonlat (1440x721) to lonlat (360x128) grid
cdo    remapbil: Bilinear weights from lonlat (1440x721) to lonlat (360x128) grid, with source mask (686364)
cdi  warning (set_coordinates_varids): Coordinates variable number can't be assigned!
cdi  warning (set_coordinates_varids): Coordinates variable expver can't be assigned!
cdo    remapbil: Bilinear weights from lonlat (1440x721) to lonlat (360x128) grid
cdo    remapbil: Bilinear weights from lonlat (1440x721) to lonlat (360x128) grid, with source mask (686364)
cdi  warning (set_coordinates_varids): Coordinates variable number can't be assigned!
cdi  warning (set_coordinates_varids): Coordinates variable expver can't be assigned!
cdo    remapbil: Bilinear weights from lonlat (1440x721) to lonlat (360x128) grid
cdo    remapbil: Bilinear weights from lonlat (1440x721) to lonlat (360x128) grid, with source mask (686364)
cdi  warning (set_coordinates_varids): Coordinates variable number can't be assigned!
cdi  warning (set_coordinates_varids): Coordinates variable expver can't be assigned!
cdo    remapbil: Bilinear weights from lonlat (1440x721) to lonlat (360x128) grid
cdo    remapbil: Bilinear weights from lonlat (1440x721) to lonlat (360x128) grid, with source mask (686364)
cdi  warning (set_coordinates_varids): Coordinates variable number can't be assigned!
cdi  warning (set_coordinates_varids): Coordinates variable expver can't be assigned!
cdo    remapbil: Bilinear weights from lonlat (1440x721) to lonlat (360x128) grid
cdo    remapbil: Bilinear weights from lonlat (1440x721) to lonlat (360x128) grid, with source mask (686364)
cdi  warning (set_coordinates_varids): Coordinates variable number can't be assigned!
cdi  warning (set_coordinates_varids): Coordinates variable expver can't be assigned!
cdo    remapbil: Bilinear weights from lonlat (1440x721) to lonlat (360x128) grid
cdo    remapbil: Bilinear weights from lonlat (1440x721) to lonlat (360x128) grid, with source mask (686364)
cdi  warning (set_coordinates_varids): Coordinates variable number can't be assigned!
cdi  warning (set_coordinates_varids): Coordinates variable expver can't be assigned!
cdo    remapbil: Bilinear weights from lonlat (1440x721) to lonlat (360x128) grid
cdo    remapbil: Bilinear weights from lonlat (1440x721) to lonlat (360x128) grid, with source mask (686364)
cdi  warning (set_coordinates_varids): Coordinates variable number can't be assigned!
cdi  warning (set_coordinates_varids): Coordinates variable expver can't be assigned!
cdo    remapbil: Bilinear weights from lonlat (1440x721) to lonlat (360x128) grid
cdo    remapbil: Bilinear weights from lonlat (1440x721) to lonlat (360x128) grid, with source mask (686364)
cdi  warning (set_coordinates_varids): Coordinates variable number can't be assigned!
cdi  warning (set_coordinates_varids): Coordinates variable expver can't be assigned!
cdo    remapbil: Bilinear weights from lonlat (1440x721) to lonlat (360x128) grid
cdo    remapbil: Bilinear weights from lonlat (1440x721) to lonlat (360x128) grid, with source mask (686364)
cdi  warning (set_coordinates_varids): Coordinates variable number can't be assigned!
cdi  warning (set_coordinates_varids): Coordinates variable expver can't be assigned!
cdo    remapbil: Bilinear weights from lonlat (1440x721) to lonlat (360x128) grid
cdo    remapbil: Bilinear weights from lonlat (1440x721) to lonlat (360x128) grid, with source mask (686364)
cdi  warning (set_coordinates_varids): Coordinates variable number can't be assigned!
cdi  warning (set_coordinates_varids): Coordinates variable expver can't be assigned!
cdo    remapbil: Bilinear weights from lonlat (1440x721) to lonlat (360x128) grid
cdo    remapbil: Bilinear weights from lonlat (1440x721) to lonlat (360x128) grid, with source mask (686364)
cdi  warning (set_coordinates_varids): Coordinates variable number can't be assigned!
cdi  warning (set_coordinates_varids): Coordinates variable expver can't be assigned!
cdo    remapbil: Bilinear weights from lonlat (1440x721) to lonlat (360x128) grid
cdo    remapbil: Bilinear weights from lonlat (1440x721) to lonlat (360x128) grid, with source mask (686364)
cdi  warning (set_coordinates_varids): Coordinates variable number can't be assigned!
cdi  warning (set_coordinates_varids): Coordinates variable expver can't be assigned!
cdo    remapbil: Bilinear weights from lonlat (1440x721) to lonlat (360x128) grid
cdo    remapbil: Bilinear weights from lonlat (1440x721) to lonlat (360x128) grid, with source mask (686364)
cdi  warning (set_coordinates_varids): Coordinates variable number can't be assigned!
cdi  warning (set_coordinates_varids): Coordinates variable expver can't be assigned!
cdo    remapbil: Bilinear weights from lonlat (1440x721) to lonlat (360x128) grid
cdo    remapbil: Bilinear weights from lonlat (1440x721) to lonlat (360x128) grid, with source mask (686364)
cdi  warning (set_coordinates_varids): Coordinates variable number can't be assigned!
cdi  warning (set_coordinates_varids): Coordinates variable expver can't be assigned!
cdo    remapbil: Bilinear weights from lonlat (1440x721) to lonlat (360x128) grid
cdo    remapbil: Bilinear weights from lonlat (1440x721) to lonlat (360x128) grid, with source mask (686364)
cdi  warning (set_coordinates_varids): Coordinates variable number can't be assigned!
cdi  warning (set_coordinates_varids): Coordinates variable expver can't be assigned!
cdo    remapbil: Bilinear weights from lonlat (1440x721) to lonlat (360x128) grid
cdo    remapbil: Bilinear weights from lonlat (1440x721) to lonlat (360x128) grid, with source mask (686364)
cdi  warning (set_coordinates_varids): Coordinates variable number can't be assigned!
cdi  warning (set_coordinates_varids): Coordinates variable expver can't be assigned!
cdo    remapbil: Bilinear weights from lonlat (1440x721) to lonlat (360x128) grid
cdo    remapbil: Bilinear weights from lonlat (1440x721) to lonlat (360x128) grid, with source mask (686364)
cdi  warning (set_coordinates_varids): Coordinates variable number can't be assigned!
cdi  warning (set_coordinates_varids): Coordinates variable expver can't be assigned!
cdo    remapbil: Bilinear weights from lonlat (1440x721) to lonlat (360x128) grid
cdo    remapbil: Bilinear weights from lonlat (1440x721) to lonlat (360x128) grid, with source mask (686364)
[121/384] /workspace/lutianyou/program/download/era5/era5_2003_01.nc
[122/384] /workspace/lutianyou/program/download/era5/era5_2003_02.nc
[123/384] /workspace/lutianyou/program/download/era5/era5_2003_03.nc
[124/384] /workspace/lutianyou/program/download/era5/era5_2003_04.nc
[125/384] /workspace/lutianyou/program/download/era5/era5_2003_05.nc
[126/384] /workspace/lutianyou/program/download/era5/era5_2003_06.nc
[127/384] /workspace/lutianyou/program/download/era5/era5_2003_07.nc
[128/384] /workspace/lutianyou/program/download/era5/era5_2003_08.nc
[129/384] /workspace/lutianyou/program/download/era5/era5_2003_09.nc
[130/384] /workspace/lutianyou/program/download/era5/era5_2003_10.nc
[131/384] /workspace/lutianyou/program/download/era5/era5_2003_11.nc
[132/384] /workspace/lutianyou/program/download/era5/era5_2003_12.nc
[133/384] /workspace/lutianyou/program/download/era5/era5_2004_01.nc
[134/384] /workspace/lutianyou/program/download/era5/era5_2004_02.nc
[135/384] /workspace/lutianyou/program/download/era5/era5_2004_03.nc
[136/384] /workspace/lutianyou/program/download/era5/era5_2004_04.nc
[137/384] /workspace/lutianyou/program/download/era5/era5_2004_05.nc
[138/384] /workspace/lutianyou/program/download/era5/era5_2004_06.nc
[139/384] /workspace/lutianyou/program/download/era5/era5_2004_07.nc
[140/384] /workspace/lutianyou/program/download/era5/era5_2004_08.nc
[141/384] /workspace/lutianyou/program/download/era5/era5_2004_09.nc
[142/384] /workspace/lutianyou/program/download/era5/era5_2004_10.nc
[143/384] /workspace/lutianyou/program/download/era5/era5_2004_11.nc
[144/384] /workspace/lutianyou/program/download/era5/era5_2004_12.nc
[145/384] /workspace/lutianyou/program/download/era5/era5_2005_01.nc
[146/384] /workspace/lutianyou/program/download/era5/era5_2005_02.nc
[147/384] /workspace/lutianyou/program/download/era5/era5_2005_03.nc
[148/384] /workspace/lutianyou/program/download/era5/era5_2005_04.nc
[149/384] /workspace/lutianyou/program/download/era5/era5_2005_05.nc
[150/384] /workspace/lutianyou/program/download/era5/era5_2005_06.nc
[151/384] /workspace/lutianyou/program/download/era5/era5_2005_07.nc
[152/384] /workspace/lutianyou/program/download/era5/era5_2005_08.nc
[153/384] /workspace/lutianyou/program/download/era5/era5_2005_09.nc
[154/384] /workspace/lutianyou/program/download/era5/era5_2005_10.nc
[155/384] /workspace/lutianyou/program/download/era5/era5_2005_11.nc
[156/384] /workspace/lutianyou/program/download/era5/era5_2005_12.nc
[157/384] /workspace/lutianyou/program/download/era5/era5_2006_01.nc
[158/384] /workspace/lutianyou/program/download/era5/era5_2006_02.nc
[159/384] /workspace/lutianyou/program/download/era5/era5_2006_03.nc
[160/384] /workspace/lutianyou/program/download/era5/era5_2006_04.nc
[161/384] /workspace/lutianyou/program/download/era5/era5_2006_05.nc
[162/384] /workspace/lutianyou/program/download/era5/era5_2006_06.nc
[163/384] /workspace/lutianyou/program/download/era5/era5_2006_07.nc
[164/384] /workspace/lutianyou/program/download/era5/era5_2006_08.nc
[165/384] /workspace/lutianyou/program/download/era5/era5_2006_09.nc
[166/384] /workspace/lutianyou/program/download/era5/era5_2006_10.nc
[167/384] /workspace/lutianyou/program/download/era5/era5_2006_11.nc
[168/384] /workspace/lutianyou/program/download/era5/era5_2006_12.nc
[169/384] /workspace/lutianyou/program/download/era5/era5_2007_01.nc
[170/384] /workspace/lutianyou/program/download/era5/era5_2007_02.nc
[171/384] /workspace/lutianyou/program/download/era5/era5_2007_03.nc
[172/384] /workspace/lutianyou/program/download/era5/era5_2007_04.nc
[173/384] /workspace/lutianyou/program/download/era5/era5_2007_05.nc
[174/384] /workspace/lutianyou/program/download/era5/era5_2007_06.nc
[175/384] /workspace/lutianyou/program/download/era5/era5_2007_07.nc
[176/384] /workspace/lutianyou/program/download/era5/era5_2007_08.nc
[177/384] /workspace/lutianyou/program/download/era5/era5_2007_09.nc
[178/384] /workspace/lutianyou/program/download/era5/era5_2007_10.nc
[179/384] /workspace/lutianyou/program/download/era5/era5_2007_11.nc
[180/384] /workspace/lutianyou/program/download/era5/era5_2007_12.nc
[181/384] /workspace/lutianyou/program/download/era5/era5_2008_01.nc
[182/384] /workspace/lutianyou/program/download/era5/era5_2008_02.nc
[183/384] /workspace/lutianyou/program/download/era5/era5_2008_03.nc
[184/384] /workspace/lutianyou/program/download/era5/era5_2008_04.nc
[185/384] /workspace/lutianyou/program/download/era5/era5_2008_05.nc
[186/384] /workspace/lutianyou/program/download/era5/era5_2008_06.nc
[187/384] /workspace/lutianyou/program/download/era5/era5_2008_07.nc
[188/384] /workspace/lutianyou/program/download/era5/era5_2008_08.nc
[189/384] /workspace/lutianyou/program/download/era5/era5_2008_09.nc
[190/384] /workspace/lutianyou/program/download/era5/era5_2008_10.nc
[191/384] /workspace/lutianyou/program/download/era5/era5_2008_11.nc
[192/384] /workspace/lutianyou/program/download/era5/era5_2008_12.nc
[193/384] /workspace/lutianyou/program/download/era5/era5_2009_01.nc
[194/384] /workspace/lutianyou/program/download/era5/era5_2009_02.nc
[195/384] /workspace/lutianyou/program/download/era5/era5_2009_03.nc
[196/384] /workspace/lutianyou/program/download/era5/era5_2009_04.nc
[197/384] /workspace/lutianyou/program/download/era5/era5_2009_05.nc
[198/384] /workspace/lutianyou/program/download/era5/era5_2009_06.nc
[199/384] /workspace/lutianyou/program/download/era5/era5_2009_07.nc
[200/384] /workspace/lutianyou/program/download/era5/era5_2009_08.nc
[201/384] /workspace/lutianyou/program/download/era5/era5_2009_09.nc
[202/384] /workspace/lutianyou/program/download/era5/era5_2009_10.nc
[203/384] /workspace/lutianyou/program/download/era5/era5_2009_11.nc
[204/384] /workspace/lutianyou/program/download/era5/era5_2009_12.nc
[205/384] /workspace/lutianyou/program/download/era5/era5_2010_01.nc
[206/384] /workspace/lutianyou/program/download/era5/era5_2010_02.nc
[207/384] /workspace/lutianyou/program/download/era5/era5_2010_03.nc
[208/384] /workspace/lutianyou/program/download/era5/era5_2010_04.nc
[209/384] /workspace/lutianyou/program/download/era5/era5_2010_05.nc
[210/384] /workspace/lutianyou/program/download/era5/era5_2010_06.nc
[211/384] /workspace/lutianyou/program/download/era5/era5_2010_07.nc
[212/384] /workspace/lutianyou/program/download/era5/era5_2010_08.nc
[213/384] /workspace/lutianyou/program/download/era5/era5_2010_09.nc
[214/384] /workspace/lutianyou/program/download/era5/era5_2010_10.nc
[215/384] /workspace/lutianyou/program/download/era5/era5_2010_11.nc
[216/384] /workspace/lutianyou/program/download/era5/era5_2010_12.nc
[217/384] /workspace/lutianyou/program/download/era5/era5_2011_01.nc
[218/384] /workspace/lutianyou/program/download/era5/era5_2011_02.nc
[219/384] /workspace/lutianyou/program/download/era5/era5_2011_03.nc
[220/384] /workspace/lutianyou/program/download/era5/era5_2011_04.nc
[221/384] /workspace/lutianyou/program/download/era5/era5_2011_05.nc
[222/384] /workspace/lutianyou/program/download/era5/era5_2011_06.nc
[223/384] /workspace/lutianyou/program/download/era5/era5_2011_07.nc
[224/384] /workspace/lutianyou/program/download/era5/era5_2011_08.nc
[225/384] /workspace/lutianyou/program/download/era5/era5_2011_09.nc
[226/384] /workspace/lutianyou/program/download/era5/era5_2011_10.nc
[227/384] /workspace/lutianyou/program/download/era5/era5_2011_11.nc
[228/384] /workspace/lutianyou/program/download/era5/era5_2011_12.nc
[229/384] /workspace/lutianyou/program/download/era5/era5_2012_01.nc
[230/384] /workspace/lutianyou/program/download/era5/era5_2012_02.nc
[231/384] /workspace/lutianyou/program/download/era5/era5_2012_03.nc
[232/384] /workspace/lutianyou/program/download/era5/era5_2012_04.nc
[233/384] /workspace/lutianyou/program/download/era5/era5_2012_05.nc
[234/384] /workspace/lutianyou/program/download/era5/era5_2012_06.nc
[235/384] /workspace/lutianyou/program/download/era5/era5_2012_07.nc
[236/384] /workspace/lutianyou/program/download/era5/era5_2012_08.nc
[237/384] /workspace/lutianyou/program/download/era5/era5_2012_09.nc
[238/384] /workspace/lutianyou/program/download/era5/era5_2012_10.nc
cdi  warning (set_coordinates_varids): Coordinates variable number can't be assigned!
cdi  warning (set_coordinates_varids): Coordinates variable expver can't be assigned!
cdo    remapbil: Bilinear weights from lonlat (1440x721) to lonlat (360x128) grid
cdo    remapbil: Bilinear weights from lonlat (1440x721) to lonlat (360x128) grid, with source mask (686364)
cdi  warning (set_coordinates_varids): Coordinates variable number can't be assigned!
cdi  warning (set_coordinates_varids): Coordinates variable expver can't be assigned!
cdo    remapbil: Bilinear weights from lonlat (1440x721) to lonlat (360x128) grid
cdo    remapbil: Bilinear weights from lonlat (1440x721) to lonlat (360x128) grid, with source mask (686364)
cdi  warning (set_coordinates_varids): Coordinates variable number can't be assigned!
cdi  warning (set_coordinates_varids): Coordinates variable expver can't be assigned!
cdo    remapbil: Bilinear weights from lonlat (1440x721) to lonlat (360x128) grid
cdo    remapbil: Bilinear weights from lonlat (1440x721) to lonlat (360x128) grid, with source mask (686364)
cdi  warning (set_coordinates_varids): Coordinates variable number can't be assigned!
cdi  warning (set_coordinates_varids): Coordinates variable expver can't be assigned!
cdo    remapbil: Bilinear weights from lonlat (1440x721) to lonlat (360x128) grid
cdo    remapbil: Bilinear weights from lonlat (1440x721) to lonlat (360x128) grid, with source mask (686364)
cdi  warning (set_coordinates_varids): Coordinates variable number can't be assigned!
cdi  warning (set_coordinates_varids): Coordinates variable expver can't be assigned!
cdo    remapbil: Bilinear weights from lonlat (1440x721) to lonlat (360x128) grid
cdo    remapbil: Bilinear weights from lonlat (1440x721) to lonlat (360x128) grid, with source mask (686364)
cdi  warning (set_coordinates_varids): Coordinates variable number can't be assigned!
cdi  warning (set_coordinates_varids): Coordinates variable expver can't be assigned!
cdo    remapbil: Bilinear weights from lonlat (1440x721) to lonlat (360x128) grid
cdo    remapbil: Bilinear weights from lonlat (1440x721) to lonlat (360x128) grid, with source mask (686364)
cdi  warning (set_coordinates_varids): Coordinates variable number can't be assigned!
cdi  warning (set_coordinates_varids): Coordinates variable expver can't be assigned!
cdo    remapbil: Bilinear weights from lonlat (1440x721) to lonlat (360x128) grid
cdo    remapbil: Bilinear weights from lonlat (1440x721) to lonlat (360x128) grid, with source mask (686364)
cdi  warning (set_coordinates_varids): Coordinates variable number can't be assigned!
cdi  warning (set_coordinates_varids): Coordinates variable expver can't be assigned!
cdo    remapbil: Bilinear weights from lonlat (1440x721) to lonlat (360x128) grid
cdo    remapbil: Bilinear weights from lonlat (1440x721) to lonlat (360x128) grid, with source mask (686364)
cdi  warning (set_coordinates_varids): Coordinates variable number can't be assigned!
cdi  warning (set_coordinates_varids): Coordinates variable expver can't be assigned!
cdo    remapbil: Bilinear weights from lonlat (1440x721) to lonlat (360x128) grid
cdo    remapbil: Bilinear weights from lonlat (1440x721) to lonlat (360x128) grid, with source mask (686364)
cdi  warning (set_coordinates_varids): Coordinates variable number can't be assigned!
cdi  warning (set_coordinates_varids): Coordinates variable expver can't be assigned!
cdo    remapbil: Bilinear weights from lonlat (1440x721) to lonlat (360x128) grid
cdo    remapbil: Bilinear weights from lonlat (1440x721) to lonlat (360x128) grid, with source mask (686364)
cdi  warning (set_coordinates_varids): Coordinates variable number can't be assigned!
cdi  warning (set_coordinates_varids): Coordinates variable expver can't be assigned!
cdo    remapbil: Bilinear weights from lonlat (1440x721) to lonlat (360x128) grid
cdo    remapbil: Bilinear weights from lonlat (1440x721) to lonlat (360x128) grid, with source mask (686364)
cdi  warning (set_coordinates_varids): Coordinates variable number can't be assigned!
cdi  warning (set_coordinates_varids): Coordinates variable expver can't be assigned!
cdo    remapbil: Bilinear weights from lonlat (1440x721) to lonlat (360x128) grid
cdo    remapbil: Bilinear weights from lonlat (1440x721) to lonlat (360x128) grid, with source mask (686364)
cdi  warning (set_coordinates_varids): Coordinates variable number can't be assigned!
cdi  warning (set_coordinates_varids): Coordinates variable expver can't be assigned!
cdo    remapbil: Bilinear weights from lonlat (1440x721) to lonlat (360x128) grid
cdo    remapbil: Bilinear weights from lonlat (1440x721) to lonlat (360x128) grid, with source mask (686364)
cdi  warning (set_coordinates_varids): Coordinates variable number can't be assigned!
cdi  warning (set_coordinates_varids): Coordinates variable expver can't be assigned!
cdo    remapbil: Bilinear weights from lonlat (1440x721) to lonlat (360x128) grid
cdo    remapbil: Bilinear weights from lonlat (1440x721) to lonlat (360x128) grid, with source mask (686364)
cdi  warning (set_coordinates_varids): Coordinates variable number can't be assigned!
cdi  warning (set_coordinates_varids): Coordinates variable expver can't be assigned!
cdo    remapbil: Bilinear weights from lonlat (1440x721) to lonlat (360x128) grid
cdo    remapbil: Bilinear weights from lonlat (1440x721) to lonlat (360x128) grid, with source mask (686364)
cdi  warning (set_coordinates_varids): Coordinates variable number can't be assigned!
cdi  warning (set_coordinates_varids): Coordinates variable expver can't be assigned!
cdo    remapbil: Bilinear weights from lonlat (1440x721) to lonlat (360x128) grid
cdo    remapbil: Bilinear weights from lonlat (1440x721) to lonlat (360x128) grid, with source mask (686364)
cdi  warning (set_coordinates_varids): Coordinates variable number can't be assigned!
cdi  warning (set_coordinates_varids): Coordinates variable expver can't be assigned!
cdo    remapbil: Bilinear weights from lonlat (1440x721) to lonlat (360x128) grid
cdo    remapbil: Bilinear weights from lonlat (1440x721) to lonlat (360x128) grid, with source mask (686364)
cdi  warning (set_coordinates_varids): Coordinates variable number can't be assigned!
cdi  warning (set_coordinates_varids): Coordinates variable expver can't be assigned!
cdo    remapbil: Bilinear weights from lonlat (1440x721) to lonlat (360x128) grid
cdo    remapbil: Bilinear weights from lonlat (1440x721) to lonlat (360x128) grid, with source mask (686364)
cdi  warning (set_coordinates_varids): Coordinates variable number can't be assigned!
cdi  warning (set_coordinates_varids): Coordinates variable expver can't be assigned!
cdo    remapbil: Bilinear weights from lonlat (1440x721) to lonlat (360x128) grid
cdo    remapbil: Bilinear weights from lonlat (1440x721) to lonlat (360x128) grid, with source mask (686364)
cdi  warning (set_coordinates_varids): Coordinates variable number can't be assigned!
cdi  warning (set_coordinates_varids): Coordinates variable expver can't be assigned!
cdo    remapbil: Bilinear weights from lonlat (1440x721) to lonlat (360x128) grid
cdo    remapbil: Bilinear weights from lonlat (1440x721) to lonlat (360x128) grid, with source mask (686364)
cdi  warning (set_coordinates_varids): Coordinates variable number can't be assigned!
cdi  warning (set_coordinates_varids): Coordinates variable expver can't be assigned!
cdo    remapbil: Bilinear weights from lonlat (1440x721) to lonlat (360x128) grid
cdo    remapbil: Bilinear weights from lonlat (1440x721) to lonlat (360x128) grid, with source mask (686364)
cdi  warning (set_coordinates_varids): Coordinates variable number can't be assigned!
cdi  warning (set_coordinates_varids): Coordinates variable expver can't be assigned!
cdo    remapbil: Bilinear weights from lonlat (1440x721) to lonlat (360x128) grid
cdo    remapbil: Bilinear weights from lonlat (1440x721) to lonlat (360x128) grid, with source mask (686364)
cdi  warning (set_coordinates_varids): Coordinates variable number can't be assigned!
cdi  warning (set_coordinates_varids): Coordinates variable expver can't be assigned!
cdo    remapbil: Bilinear weights from lonlat (1440x721) to lonlat (360x128) grid
cdo    remapbil: Bilinear weights from lonlat (1440x721) to lonlat (360x128) grid, with source mask (686364)
cdi  warning (set_coordinates_varids): Coordinates variable number can't be assigned!
cdi  warning (set_coordinates_varids): Coordinates variable expver can't be assigned!
cdo    remapbil: Bilinear weights from lonlat (1440x721) to lonlat (360x128) grid
cdo    remapbil: Bilinear weights from lonlat (1440x721) to lonlat (360x128) grid, with source mask (686364)
cdi  warning (set_coordinates_varids): Coordinates variable number can't be assigned!
cdi  warning (set_coordinates_varids): Coordinates variable expver can't be assigned!
cdo    remapbil: Bilinear weights from lonlat (1440x721) to lonlat (360x128) grid
cdo    remapbil: Bilinear weights from lonlat (1440x721) to lonlat (360x128) grid, with source mask (686364)
cdi  warning (set_coordinates_varids): Coordinates variable number can't be assigned!
cdi  warning (set_coordinates_varids): Coordinates variable expver can't be assigned!
cdo    remapbil: Bilinear weights from lonlat (1440x721) to lonlat (360x128) grid
cdo    remapbil: Bilinear weights from lonlat (1440x721) to lonlat (360x128) grid, with source mask (686364)
cdi  warning (set_coordinates_varids): Coordinates variable number can't be assigned!
cdi  warning (set_coordinates_varids): Coordinates variable expver can't be assigned!
cdo    remapbil: Bilinear weights from lonlat (1440x721) to lonlat (360x128) grid
cdo    remapbil: Bilinear weights from lonlat (1440x721) to lonlat (360x128) grid, with source mask (686364)
cdi  warning (set_coordinates_varids): Coordinates variable number can't be assigned!
cdi  warning (set_coordinates_varids): Coordinates variable expver can't be assigned!
cdo    remapbil: Bilinear weights from lonlat (1440x721) to lonlat (360x128) grid
cdo    remapbil: Bilinear weights from lonlat (1440x721) to lonlat (360x128) grid, with source mask (686364)
cdi  warning (set_coordinates_varids): Coordinates variable number can't be assigned!
cdi  warning (set_coordinates_varids): Coordinates variable expver can't be assigned!
cdo    remapbil: Bilinear weights from lonlat (1440x721) to lonlat (360x128) grid
cdo    remapbil: Bilinear weights from lonlat (1440x721) to lonlat (360x128) grid, with source mask (686364)
cdi  warning (set_coordinates_varids): Coordinates variable number can't be assigned!
cdi  warning (set_coordinates_varids): Coordinates variable expver can't be assigned!
cdo    remapbil: Bilinear weights from lonlat (1440x721) to lonlat (360x128) grid
cdo    remapbil: Bilinear weights from lonlat (1440x721) to lonlat (360x128) grid, with source mask (686364)
cdi  warning (set_coordinates_varids): Coordinates variable number can't be assigned!
cdi  warning (set_coordinates_varids): Coordinates variable expver can't be assigned!
cdo    remapbil: Bilinear weights from lonlat (1440x721) to lonlat (360x128) grid
cdo    remapbil: Bilinear weights from lonlat (1440x721) to lonlat (360x128) grid, with source mask (686364)
cdi  warning (set_coordinates_varids): Coordinates variable number can't be assigned!
cdi  warning (set_coordinates_varids): Coordinates variable expver can't be assigned!
cdo    remapbil: Bilinear weights from lonlat (1440x721) to lonlat (360x128) grid
cdo    remapbil: Bilinear weights from lonlat (1440x721) to lonlat (360x128) grid, with source mask (686364)
cdi  warning (set_coordinates_varids): Coordinates variable number can't be assigned!
cdi  warning (set_coordinates_varids): Coordinates variable expver can't be assigned!
cdo    remapbil: Bilinear weights from lonlat (1440x721) to lonlat (360x128) grid
cdo    remapbil: Bilinear weights from lonlat (1440x721) to lonlat (360x128) grid, with source mask (686364)
cdi  warning (set_coordinates_varids): Coordinates variable number can't be assigned!
cdi  warning (set_coordinates_varids): Coordinates variable expver can't be assigned!
cdo    remapbil: Bilinear weights from lonlat (1440x721) to lonlat (360x128) grid
cdo    remapbil: Bilinear weights from lonlat (1440x721) to lonlat (360x128) grid, with source mask (686364)
cdi  warning (set_coordinates_varids): Coordinates variable number can't be assigned!
cdi  warning (set_coordinates_varids): Coordinates variable expver can't be assigned!
cdo    remapbil: Bilinear weights from lonlat (1440x721) to lonlat (360x128) grid
cdo    remapbil: Bilinear weights from lonlat (1440x721) to lonlat (360x128) grid, with source mask (686364)
cdi  warning (set_coordinates_varids): Coordinates variable number can't be assigned!
cdi  warning (set_coordinates_varids): Coordinates variable expver can't be assigned!
cdo    remapbil: Bilinear weights from lonlat (1440x721) to lonlat (360x128) grid
cdo    remapbil: Bilinear weights from lonlat (1440x721) to lonlat (360x128) grid, with source mask (686364)
cdi  warning (set_coordinates_varids): Coordinates variable number can't be assigned!
cdi  warning (set_coordinates_varids): Coordinates variable expver can't be assigned!
cdo    remapbil: Bilinear weights from lonlat (1440x721) to lonlat (360x128) grid
cdo    remapbil: Bilinear weights from lonlat (1440x721) to lonlat (360x128) grid, with source mask (686364)
cdi  warning (set_coordinates_varids): Coordinates variable number can't be assigned!
cdi  warning (set_coordinates_varids): Coordinates variable expver can't be assigned!
cdo    remapbil: Bilinear weights from lonlat (1440x721) to lonlat (360x128) grid
cdo    remapbil: Bilinear weights from lonlat (1440x721) to lonlat (360x128) grid, with source mask (686364)
cdi  warning (set_coordinates_varids): Coordinates variable number can't be assigned!
cdi  warning (set_coordinates_varids): Coordinates variable expver can't be assigned!
cdo    remapbil: Bilinear weights from lonlat (1440x721) to lonlat (360x128) grid
cdo    remapbil: Bilinear weights from lonlat (1440x721) to lonlat (360x128) grid, with source mask (686364)
cdi  warning (set_coordinates_varids): Coordinates variable number can't be assigned!
cdi  warning (set_coordinates_varids): Coordinates variable expver can't be assigned!
cdo    remapbil: Bilinear weights from lonlat (1440x721) to lonlat (360x128) grid
cdo    remapbil: Bilinear weights from lonlat (1440x721) to lonlat (360x128) grid, with source mask (686364)
cdi  warning (set_coordinates_varids): Coordinates variable number can't be assigned!
cdi  warning (set_coordinates_varids): Coordinates variable expver can't be assigned!
cdo    remapbil: Bilinear weights from lonlat (1440x721) to lonlat (360x128) grid
cdo    remapbil: Bilinear weights from lonlat (1440x721) to lonlat (360x128) grid, with source mask (686364)
cdi  warning (set_coordinates_varids): Coordinates variable number can't be assigned!
cdi  warning (set_coordinates_varids): Coordinates variable expver can't be assigned!
cdo    remapbil: Bilinear weights from lonlat (1440x721) to lonlat (360x128) grid
cdo    remapbil: Bilinear weights from lonlat (1440x721) to lonlat (360x128) grid, with source mask (686364)
cdi  warning (set_coordinates_varids): Coordinates variable number can't be assigned!
cdi  warning (set_coordinates_varids): Coordinates variable expver can't be assigned!
cdo    remapbil: Bilinear weights from lonlat (1440x721) to lonlat (360x128) grid
cdo    remapbil: Bilinear weights from lonlat (1440x721) to lonlat (360x128) grid, with source mask (686364)
cdi  warning (set_coordinates_varids): Coordinates variable number can't be assigned!
cdi  warning (set_coordinates_varids): Coordinates variable expver can't be assigned!
cdo    remapbil: Bilinear weights from lonlat (1440x721) to lonlat (360x128) grid
cdo    remapbil: Bilinear weights from lonlat (1440x721) to lonlat (360x128) grid, with source mask (686364)
cdi  warning (set_coordinates_varids): Coordinates variable number can't be assigned!
cdi  warning (set_coordinates_varids): Coordinates variable expver can't be assigned!
cdo    remapbil: Bilinear weights from lonlat (1440x721) to lonlat (360x128) grid
cdo    remapbil: Bilinear weights from lonlat (1440x721) to lonlat (360x128) grid, with source mask (686364)
cdi  warning (set_coordinates_varids): Coordinates variable number can't be assigned!
cdi  warning (set_coordinates_varids): Coordinates variable expver can't be assigned!
cdo    remapbil: Bilinear weights from lonlat (1440x721) to lonlat (360x128) grid
cdo    remapbil: Bilinear weights from lonlat (1440x721) to lonlat (360x128) grid, with source mask (686364)
cdi  warning (set_coordinates_varids): Coordinates variable number can't be assigned!
cdi  warning (set_coordinates_varids): Coordinates variable expver can't be assigned!
cdo    remapbil: Bilinear weights from lonlat (1440x721) to lonlat (360x128) grid
cdo    remapbil: Bilinear weights from lonlat (1440x721) to lonlat (360x128) grid, with source mask (686364)
cdi  warning (set_coordinates_varids): Coordinates variable number can't be assigned!
cdi  warning (set_coordinates_varids): Coordinates variable expver can't be assigned!
cdo    remapbil: Bilinear weights from lonlat (1440x721) to lonlat (360x128) grid
cdo    remapbil: Bilinear weights from lonlat (1440x721) to lonlat (360x128) grid, with source mask (686364)
cdi  warning (set_coordinates_varids): Coordinates variable number can't be assigned!
cdi  warning (set_coordinates_varids): Coordinates variable expver can't be assigned!
cdo    remapbil: Bilinear weights from lonlat (1440x721) to lonlat (360x128) grid
cdo    remapbil: Bilinear weights from lonlat (1440x721) to lonlat (360x128) grid, with source mask (686364)
cdi  warning (set_coordinates_varids): Coordinates variable number can't be assigned!
cdi  warning (set_coordinates_varids): Coordinates variable expver can't be assigned!
cdo    remapbil: Bilinear weights from lonlat (1440x721) to lonlat (360x128) grid
cdo    remapbil: Bilinear weights from lonlat (1440x721) to lonlat (360x128) grid, with source mask (686364)
cdi  warning (set_coordinates_varids): Coordinates variable number can't be assigned!
cdi  warning (set_coordinates_varids): Coordinates variable expver can't be assigned!
cdo    remapbil: Bilinear weights from lonlat (1440x721) to lonlat (360x128) grid
cdo    remapbil: Bilinear weights from lonlat (1440x721) to lonlat (360x128) grid, with source mask (686364)
cdi  warning (set_coordinates_varids): Coordinates variable number can't be assigned!
cdi  warning (set_coordinates_varids): Coordinates variable expver can't be assigned!
cdo    remapbil: Bilinear weights from lonlat (1440x721) to lonlat (360x128) grid
cdo    remapbil: Bilinear weights from lonlat (1440x721) to lonlat (360x128) grid, with source mask (686364)
cdi  warning (set_coordinates_varids): Coordinates variable number can't be assigned!
cdi  warning (set_coordinates_varids): Coordinates variable expver can't be assigned!
cdo    remapbil: Bilinear weights from lonlat (1440x721) to lonlat (360x128) grid
cdo    remapbil: Bilinear weights from lonlat (1440x721) to lonlat (360x128) grid, with source mask (686364)
cdi  warning (set_coordinates_varids): Coordinates variable number can't be assigned!
cdi  warning (set_coordinates_varids): Coordinates variable expver can't be assigned!
cdo    remapbil: Bilinear weights from lonlat (1440x721) to lonlat (360x128) grid
cdo    remapbil: Bilinear weights from lonlat (1440x721) to lonlat (360x128) grid, with source mask (686364)
cdi  warning (set_coordinates_varids): Coordinates variable number can't be assigned!
cdi  warning (set_coordinates_varids): Coordinates variable expver can't be assigned!
cdo    remapbil: Bilinear weights from lonlat (1440x721) to lonlat (360x128) grid
cdo    remapbil: Bilinear weights from lonlat (1440x721) to lonlat (360x128) grid, with source mask (686364)
cdi  warning (set_coordinates_varids): Coordinates variable number can't be assigned!
cdi  warning (set_coordinates_varids): Coordinates variable expver can't be assigned!
cdo    remapbil: Bilinear weights from lonlat (1440x721) to lonlat (360x128) grid
cdo    remapbil: Bilinear weights from lonlat (1440x721) to lonlat (360x128) grid, with source mask (686364)
cdi  warning (set_coordinates_varids): Coordinates variable number can't be assigned!
cdi  warning (set_coordinates_varids): Coordinates variable expver can't be assigned!
cdo    remapbil: Bilinear weights from lonlat (1440x721) to lonlat (360x128) grid
cdo    remapbil: Bilinear weights from lonlat (1440x721) to lonlat (360x128) grid, with source mask (686364)
cdi  warning (set_coordinates_varids): Coordinates variable number can't be assigned!
cdi  warning (set_coordinates_varids): Coordinates variable expver can't be assigned!
cdo    remapbil: Bilinear weights from lonlat (1440x721) to lonlat (360x128) grid
cdo    remapbil: Bilinear weights from lonlat (1440x721) to lonlat (360x128) grid, with source mask (686364)
cdi  warning (set_coordinates_varids): Coordinates variable number can't be assigned!
cdi  warning (set_coordinates_varids): Coordinates variable expver can't be assigned!
cdo    remapbil: Bilinear weights from lonlat (1440x721) to lonlat (360x128) grid
cdo    remapbil: Bilinear weights from lonlat (1440x721) to lonlat (360x128) grid, with source mask (686364)
cdi  warning (set_coordinates_varids): Coordinates variable number can't be assigned!
cdi  warning (set_coordinates_varids): Coordinates variable expver can't be assigned!
cdo    remapbil: Bilinear weights from lonlat (1440x721) to lonlat (360x128) grid
cdo    remapbil: Bilinear weights from lonlat (1440x721) to lonlat (360x128) grid, with source mask (686364)
cdi  warning (set_coordinates_varids): Coordinates variable number can't be assigned!
cdi  warning (set_coordinates_varids): Coordinates variable expver can't be assigned!
cdo    remapbil: Bilinear weights from lonlat (1440x721) to lonlat (360x128) grid
cdo    remapbil: Bilinear weights from lonlat (1440x721) to lonlat (360x128) grid, with source mask (686364)
cdi  warning (set_coordinates_varids): Coordinates variable number can't be assigned!
cdi  warning (set_coordinates_varids): Coordinates variable expver can't be assigned!
cdo    remapbil: Bilinear weights from lonlat (1440x721) to lonlat (360x128) grid
cdo    remapbil: Bilinear weights from lonlat (1440x721) to lonlat (360x128) grid, with source mask (686364)
cdi  warning (set_coordinates_varids): Coordinates variable number can't be assigned!
cdi  warning (set_coordinates_varids): Coordinates variable expver can't be assigned!
cdo    remapbil: Bilinear weights from lonlat (1440x721) to lonlat (360x128) grid
cdo    remapbil: Bilinear weights from lonlat (1440x721) to lonlat (360x128) grid, with source mask (686364)
cdi  warning (set_coordinates_varids): Coordinates variable number can't be assigned!
cdi  warning (set_coordinates_varids): Coordinates variable expver can't be assigned!
cdo    remapbil: Bilinear weights from lonlat (1440x721) to lonlat (360x128) grid
cdo    remapbil: Bilinear weights from lonlat (1440x721) to lonlat (360x128) grid, with source mask (686364)
cdi  warning (set_coordinates_varids): Coordinates variable number can't be assigned!
cdi  warning (set_coordinates_varids): Coordinates variable expver can't be assigned!
cdo    remapbil: Bilinear weights from lonlat (1440x721) to lonlat (360x128) grid
cdo    remapbil: Bilinear weights from lonlat (1440x721) to lonlat (360x128) grid, with source mask (686364)
cdi  warning (set_coordinates_varids): Coordinates variable number can't be assigned!
cdi  warning (set_coordinates_varids): Coordinates variable expver can't be assigned!
cdo    remapbil: Bilinear weights from lonlat (1440x721) to lonlat (360x128) grid
cdo    remapbil: Bilinear weights from lonlat (1440x721) to lonlat (360x128) grid, with source mask (686364)
cdi  warning (set_coordinates_varids): Coordinates variable number can't be assigned!
cdi  warning (set_coordinates_varids): Coordinates variable expver can't be assigned!
cdo    remapbil: Bilinear weights from lonlat (1440x721) to lonlat (360x128) grid
cdo    remapbil: Bilinear weights from lonlat (1440x721) to lonlat (360x128) grid, with source mask (686364)
cdi  warning (set_coordinates_varids): Coordinates variable number can't be assigned!
cdi  warning (set_coordinates_varids): Coordinates variable expver can't be assigned!
cdo    remapbil: Bilinear weights from lonlat (1440x721) to lonlat (360x128) grid
cdo    remapbil: Bilinear weights from lonlat (1440x721) to lonlat (360x128) grid, with source mask (686364)
cdi  warning (set_coordinates_varids): Coordinates variable number can't be assigned!
cdi  warning (set_coordinates_varids): Coordinates variable expver can't be assigned!
cdo    remapbil: Bilinear weights from lonlat (1440x721) to lonlat (360x128) grid
cdo    remapbil: Bilinear weights from lonlat (1440x721) to lonlat (360x128) grid, with source mask (686364)
cdi  warning (set_coordinates_varids): Coordinates variable number can't be assigned!
cdi  warning (set_coordinates_varids): Coordinates variable expver can't be assigned!
cdo    remapbil: Bilinear weights from lonlat (1440x721) to lonlat (360x128) grid
cdo    remapbil: Bilinear weights from lonlat (1440x721) to lonlat (360x128) grid, with source mask (686364)
cdi  warning (set_coordinates_varids): Coordinates variable number can't be assigned!
cdi  warning (set_coordinates_varids): Coordinates variable expver can't be assigned!
cdo    remapbil: Bilinear weights from lonlat (1440x721) to lonlat (360x128) grid
cdo    remapbil: Bilinear weights from lonlat (1440x721) to lonlat (360x128) grid, with source mask (686364)
cdi  warning (set_coordinates_varids): Coordinates variable number can't be assigned!
cdi  warning (set_coordinates_varids): Coordinates variable expver can't be assigned!
cdo    remapbil: Bilinear weights from lonlat (1440x721) to lonlat (360x128) grid
cdo    remapbil: Bilinear weights from lonlat (1440x721) to lonlat (360x128) grid, with source mask (686364)
cdi  warning (set_coordinates_varids): Coordinates variable number can't be assigned!
cdi  warning (set_coordinates_varids): Coordinates variable expver can't be assigned!
cdo    remapbil: Bilinear weights from lonlat (1440x721) to lonlat (360x128) grid
cdo    remapbil: Bilinear weights from lonlat (1440x721) to lonlat (360x128) grid, with source mask (686364)
cdi  warning (set_coordinates_varids): Coordinates variable number can't be assigned!
cdi  warning (set_coordinates_varids): Coordinates variable expver can't be assigned!
cdo    remapbil: Bilinear weights from lonlat (1440x721) to lonlat (360x128) grid
cdo    remapbil: Bilinear weights from lonlat (1440x721) to lonlat (360x128) grid, with source mask (686364)
cdi  warning (set_coordinates_varids): Coordinates variable number can't be assigned!
cdi  warning (set_coordinates_varids): Coordinates variable expver can't be assigned!
cdo    remapbil: Bilinear weights from lonlat (1440x721) to lonlat (360x128) grid
cdo    remapbil: Bilinear weights from lonlat (1440x721) to lonlat (360x128) grid, with source mask (686364)
cdi  warning (set_coordinates_varids): Coordinates variable number can't be assigned!
cdi  warning (set_coordinates_varids): Coordinates variable expver can't be assigned!
cdo    remapbil: Bilinear weights from lonlat (1440x721) to lonlat (360x128) grid
cdo    remapbil: Bilinear weights from lonlat (1440x721) to lonlat (360x128) grid, with source mask (686364)
cdi  warning (set_coordinates_varids): Coordinates variable number can't be assigned!
cdi  warning (set_coordinates_varids): Coordinates variable expver can't be assigned!
cdo    remapbil: Bilinear weights from lonlat (1440x721) to lonlat (360x128) grid
cdo    remapbil: Bilinear weights from lonlat (1440x721) to lonlat (360x128) grid, with source mask (686364)
cdi  warning (set_coordinates_varids): Coordinates variable number can't be assigned!
cdi  warning (set_coordinates_varids): Coordinates variable expver can't be assigned!
cdo    remapbil: Bilinear weights from lonlat (1440x721) to lonlat (360x128) grid
cdo    remapbil: Bilinear weights from lonlat (1440x721) to lonlat (360x128) grid, with source mask (686364)
cdi  warning (set_coordinates_varids): Coordinates variable number can't be assigned!
cdi  warning (set_coordinates_varids): Coordinates variable expver can't be assigned!
cdo    remapbil: Bilinear weights from lonlat (1440x721) to lonlat (360x128) grid
cdo    remapbil: Bilinear weights from lonlat (1440x721) to lonlat (360x128) grid, with source mask (686364)
cdi  warning (set_coordinates_varids): Coordinates variable number can't be assigned!
cdi  warning (set_coordinates_varids): Coordinates variable expver can't be assigned!
cdo    remapbil: Bilinear weights from lonlat (1440x721) to lonlat (360x128) grid
cdo    remapbil: Bilinear weights from lonlat (1440x721) to lonlat (360x128) grid, with source mask (686364)
cdi  warning (set_coordinates_varids): Coordinates variable number can't be assigned!
cdi  warning (set_coordinates_varids): Coordinates variable expver can't be assigned!
cdo    remapbil: Bilinear weights from lonlat (1440x721) to lonlat (360x128) grid
cdo    remapbil: Bilinear weights from lonlat (1440x721) to lonlat (360x128) grid, with source mask (686364)
cdi  warning (set_coordinates_varids): Coordinates variable number can't be assigned!
cdi  warning (set_coordinates_varids): Coordinates variable expver can't be assigned!
cdo    remapbil: Bilinear weights from lonlat (1440x721) to lonlat (360x128) grid
cdo    remapbil: Bilinear weights from lonlat (1440x721) to lonlat (360x128) grid, with source mask (686364)
cdi  warning (set_coordinates_varids): Coordinates variable number can't be assigned!
cdi  warning (set_coordinates_varids): Coordinates variable expver can't be assigned!
cdo    remapbil: Bilinear weights from lonlat (1440x721) to lonlat (360x128) grid
cdo    remapbil: Bilinear weights from lonlat (1440x721) to lonlat (360x128) grid, with source mask (686364)
cdi  warning (set_coordinates_varids): Coordinates variable number can't be assigned!
cdi  warning (set_coordinates_varids): Coordinates variable expver can't be assigned!
cdo    remapbil: Bilinear weights from lonlat (1440x721) to lonlat (360x128) grid
cdo    remapbil: Bilinear weights from lonlat (1440x721) to lonlat (360x128) grid, with source mask (686364)
cdi  warning (set_coordinates_varids): Coordinates variable number can't be assigned!
cdi  warning (set_coordinates_varids): Coordinates variable expver can't be assigned!
cdo    remapbil: Bilinear weights from lonlat (1440x721) to lonlat (360x128) grid
cdo    remapbil: Bilinear weights from lonlat (1440x721) to lonlat (360x128) grid, with source mask (686364)
cdi  warning (set_coordinates_varids): Coordinates variable number can't be assigned!
cdi  warning (set_coordinates_varids): Coordinates variable expver can't be assigned!
cdo    remapbil: Bilinear weights from lonlat (1440x721) to lonlat (360x128) grid
cdo    remapbil: Bilinear weights from lonlat (1440x721) to lonlat (360x128) grid, with source mask (686364)
cdi  warning (set_coordinates_varids): Coordinates variable number can't be assigned!
cdi  warning (set_coordinates_varids): Coordinates variable expver can't be assigned!
cdo    remapbil: Bilinear weights from lonlat (1440x721) to lonlat (360x128) grid
cdo    remapbil: Bilinear weights from lonlat (1440x721) to lonlat (360x128) grid, with source mask (686364)
cdi  warning (set_coordinates_varids): Coordinates variable number can't be assigned!
cdi  warning (set_coordinates_varids): Coordinates variable expver can't be assigned!
cdo    remapbil: Bilinear weights from lonlat (1440x721) to lonlat (360x128) grid
cdo    remapbil: Bilinear weights from lonlat (1440x721) to lonlat (360x128) grid, with source mask (686364)
cdi  warning (set_coordinates_varids): Coordinates variable number can't be assigned!
cdi  warning (set_coordinates_varids): Coordinates variable expver can't be assigned!
cdo    remapbil: Bilinear weights from lonlat (1440x721) to lonlat (360x128) grid
cdo    remapbil: Bilinear weights from lonlat (1440x721) to lonlat (360x128) grid, with source mask (686364)
cdi  warning (set_coordinates_varids): Coordinates variable number can't be assigned!
cdi  warning (set_coordinates_varids): Coordinates variable expver can't be assigned!
cdo    remapbil: Bilinear weights from lonlat (1440x721) to lonlat (360x128) grid
cdo    remapbil: Bilinear weights from lonlat (1440x721) to lonlat (360x128) grid, with source mask (686364)
cdi  warning (set_coordinates_varids): Coordinates variable number can't be assigned!
cdi  warning (set_coordinates_varids): Coordinates variable expver can't be assigned!
cdo    remapbil: Bilinear weights from lonlat (1440x721) to lonlat (360x128) grid
cdo    remapbil: Bilinear weights from lonlat (1440x721) to lonlat (360x128) grid, with source mask (686364)
cdi  warning (set_coordinates_varids): Coordinates variable number can't be assigned!
cdi  warning (set_coordinates_varids): Coordinates variable expver can't be assigned!
cdo    remapbil: Bilinear weights from lonlat (1440x721) to lonlat (360x128) grid
cdo    remapbil: Bilinear weights from lonlat (1440x721) to lonlat (360x128) grid, with source mask (686364)
cdi  warning (set_coordinates_varids): Coordinates variable number can't be assigned!
cdi  warning (set_coordinates_varids): Coordinates variable expver can't be assigned!
cdo    remapbil: Bilinear weights from lonlat (1440x721) to lonlat (360x128) grid
cdo    remapbil: Bilinear weights from lonlat (1440x721) to lonlat (360x128) grid, with source mask (686364)
cdi  warning (set_coordinates_varids): Coordinates variable number can't be assigned!
cdi  warning (set_coordinates_varids): Coordinates variable expver can't be assigned!
cdo    remapbil: Bilinear weights from lonlat (1440x721) to lonlat (360x128) grid
cdo    remapbil: Bilinear weights from lonlat (1440x721) to lonlat (360x128) grid, with source mask (686364)
cdi  warning (set_coordinates_varids): Coordinates variable number can't be assigned!
cdi  warning (set_coordinates_varids): Coordinates variable expver can't be assigned!
cdo    remapbil: Bilinear weights from lonlat (1440x721) to lonlat (360x128) grid
cdo    remapbil: Bilinear weights from lonlat (1440x721) to lonlat (360x128) grid, with source mask (686364)
cdi  warning (set_coordinates_varids): Coordinates variable number can't be assigned!
cdi  warning (set_coordinates_varids): Coordinates variable expver can't be assigned!
cdo    remapbil: Bilinear weights from lonlat (1440x721) to lonlat (360x128) grid
cdo    remapbil: Bilinear weights from lonlat (1440x721) to lonlat (360x128) grid, with source mask (686364)
cdi  warning (set_coordinates_varids): Coordinates variable number can't be assigned!
cdi  warning (set_coordinates_varids): Coordinates variable expver can't be assigned!
cdo    remapbil: Bilinear weights from lonlat (1440x721) to lonlat (360x128) grid
cdo    remapbil: Bilinear weights from lonlat (1440x721) to lonlat (360x128) grid, with source mask (686364)
cdi  warning (set_coordinates_varids): Coordinates variable number can't be assigned!
cdi  warning (set_coordinates_varids): Coordinates variable expver can't be assigned!
cdo    remapbil: Bilinear weights from lonlat (1440x721) to lonlat (360x128) grid
cdo    remapbil: Bilinear weights from lonlat (1440x721) to lonlat (360x128) grid, with source mask (686364)
cdi  warning (set_coordinates_varids): Coordinates variable number can't be assigned!
cdi  warning (set_coordinates_varids): Coordinates variable expver can't be assigned!
cdo    remapbil: Bilinear weights from lonlat (1440x721) to lonlat (360x128) grid
cdo    remapbil: Bilinear weights from lonlat (1440x721) to lonlat (360x128) grid, with source mask (686364)
cdi  warning (set_coordinates_varids): Coordinates variable number can't be assigned!
cdi  warning (set_coordinates_varids): Coordinates variable expver can't be assigned!
cdo    remapbil: Bilinear weights from lonlat (1440x721) to lonlat (360x128) grid
cdo    remapbil: Bilinear weights from lonlat (1440x721) to lonlat (360x128) grid, with source mask (686364)
cdi  warning (set_coordinates_varids): Coordinates variable number can't be assigned!
cdi  warning (set_coordinates_varids): Coordinates variable expver can't be assigned!
cdo    remapbil: Bilinear weights from lonlat (1440x721) to lonlat (360x128) grid
cdo    remapbil: Bilinear weights from lonlat (1440x721) to lonlat (360x128) grid, with source mask (686364)
cdi  warning (set_coordinates_varids): Coordinates variable number can't be assigned!
cdi  warning (set_coordinates_varids): Coordinates variable expver can't be assigned!
cdo    remapbil: Bilinear weights from lonlat (1440x721) to lonlat (360x128) grid
cdo    remapbil: Bilinear weights from lonlat (1440x721) to lonlat (360x128) grid, with source mask (686364)
cdi  warning (set_coordinates_varids): Coordinates variable number can't be assigned!
cdi  warning (set_coordinates_varids): Coordinates variable expver can't be assigned!
cdo    remapbil: Bilinear weights from lonlat (1440x721) to lonlat (360x128) grid
cdo    remapbil: Bilinear weights from lonlat (1440x721) to lonlat (360x128) grid, with source mask (686364)
cdi  warning (set_coordinates_varids): Coordinates variable number can't be assigned!
cdi  warning (set_coordinates_varids): Coordinates variable expver can't be assigned!
cdo    remapbil: Bilinear weights from lonlat (1440x721) to lonlat (360x128) grid
cdo    remapbil: Bilinear weights from lonlat (1440x721) to lonlat (360x128) grid, with source mask (686364)
cdi  warning (set_coordinates_varids): Coordinates variable number can't be assigned!
cdi  warning (set_coordinates_varids): Coordinates variable expver can't be assigned!
cdo    remapbil: Bilinear weights from lonlat (1440x721) to lonlat (360x128) grid
cdo    remapbil: Bilinear weights from lonlat (1440x721) to lonlat (360x128) grid, with source mask (686364)
cdi  warning (set_coordinates_varids): Coordinates variable number can't be assigned!
cdi  warning (set_coordinates_varids): Coordinates variable expver can't be assigned!
cdo    remapbil: Bilinear weights from lonlat (1440x721) to lonlat (360x128) grid
cdo    remapbil: Bilinear weights from lonlat (1440x721) to lonlat (360x128) grid, with source mask (686364)
cdi  warning (set_coordinates_varids): Coordinates variable number can't be assigned!
cdi  warning (set_coordinates_varids): Coordinates variable expver can't be assigned!
cdo    remapbil: Bilinear weights from lonlat (1440x721) to lonlat (360x128) grid
cdo    remapbil: Bilinear weights from lonlat (1440x721) to lonlat (360x128) grid, with source mask (686364)
cdi  warning (set_coordinates_varids): Coordinates variable number can't be assigned!
cdi  warning (set_coordinates_varids): Coordinates variable expver can't be assigned!
cdo    remapbil: Bilinear weights from lonlat (1440x721) to lonlat (360x128) grid
cdo    remapbil: Bilinear weights from lonlat (1440x721) to lonlat (360x128) grid, with source mask (686364)
cdi  warning (set_coordinates_varids): Coordinates variable number can't be assigned!
cdi  warning (set_coordinates_varids): Coordinates variable expver can't be assigned!
cdo    remapbil: Bilinear weights from lonlat (1440x721) to lonlat (360x128) grid
cdo    remapbil: Bilinear weights from lonlat (1440x721) to lonlat (360x128) grid, with source mask (686364)
cdi  warning (set_coordinates_varids): Coordinates variable number can't be assigned!
cdi  warning (set_coordinates_varids): Coordinates variable expver can't be assigned!
cdo    remapbil: Bilinear weights from lonlat (1440x721) to lonlat (360x128) grid
cdo    remapbil: Bilinear weights from lonlat (1440x721) to lonlat (360x128) grid, with source mask (686364)
cdi  warning (set_coordinates_varids): Coordinates variable number can't be assigned!
cdi  warning (set_coordinates_varids): Coordinates variable expver can't be assigned!
cdo    remapbil: Bilinear weights from lonlat (1440x721) to lonlat (360x128) grid
cdo    remapbil: Bilinear weights from lonlat (1440x721) to lonlat (360x128) grid, with source mask (686364)
cdi  warning (set_coordinates_varids): Coordinates variable number can't be assigned!
cdi  warning (set_coordinates_varids): Coordinates variable expver can't be assigned!
cdo    remapbil: Bilinear weights from lonlat (1440x721) to lonlat (360x128) grid
cdo    remapbil: Bilinear weights from lonlat (1440x721) to lonlat (360x128) grid, with source mask (686364)
cdi  warning (set_coordinates_varids): Coordinates variable number can't be assigned!
cdi  warning (set_coordinates_varids): Coordinates variable expver can't be assigned!
cdo    remapbil: Bilinear weights from lonlat (1440x721) to lonlat (360x128) grid
cdo    remapbil: Bilinear weights from lonlat (1440x721) to lonlat (360x128) grid, with source mask (686364)
cdi  warning (set_coordinates_varids): Coordinates variable number can't be assigned!
cdi  warning (set_coordinates_varids): Coordinates variable expver can't be assigned!
cdo    remapbil: Bilinear weights from lonlat (1440x721) to lonlat (360x128) grid
cdo    remapbil: Bilinear weights from lonlat (1440x721) to lonlat (360x128) grid, with source mask (686364)
cdi  warning (set_coordinates_varids): Coordinates variable number can't be assigned!
cdi  warning (set_coordinates_varids): Coordinates variable expver can't be assigned!
cdo    remapbil: Bilinear weights from lonlat (1440x721) to lonlat (360x128) grid
cdo    remapbil: Bilinear weights from lonlat (1440x721) to lonlat (360x128) grid, with source mask (686364)
cdi  warning (set_coordinates_varids): Coordinates variable number can't be assigned!
cdi  warning (set_coordinates_varids): Coordinates variable expver can't be assigned!
cdo    remapbil: Bilinear weights from lonlat (1440x721) to lonlat (360x128) grid
cdo    remapbil: Bilinear weights from lonlat (1440x721) to lonlat (360x128) grid, with source mask (686364)
cdi  warning (set_coordinates_varids): Coordinates variable number can't be assigned!
cdi  warning (set_coordinates_varids): Coordinates variable expver can't be assigned!
cdo    remapbil: Bilinear weights from lonlat (1440x721) to lonlat (360x128) grid
cdo    remapbil: Bilinear weights from lonlat (1440x721) to lonlat (360x128) grid, with source mask (686364)
cdi  warning (set_coordinates_varids): Coordinates variable number can't be assigned!
cdi  warning (set_coordinates_varids): Coordinates variable expver can't be assigned!
cdo    remapbil: Bilinear weights from lonlat (1440x721) to lonlat (360x128) grid
cdo    remapbil: Bilinear weights from lonlat (1440x721) to lonlat (360x128) grid, with source mask (686364)
[239/384] /workspace/lutianyou/program/download/era5/era5_2012_11.nc
[240/384] /workspace/lutianyou/program/download/era5/era5_2012_12.nc
[241/384] /workspace/lutianyou/program/download/era5/era5_2013_01.nc
[242/384] /workspace/lutianyou/program/download/era5/era5_2013_02.nc
[243/384] /workspace/lutianyou/program/download/era5/era5_2013_03.nc
[244/384] /workspace/lutianyou/program/download/era5/era5_2013_04.nc
[245/384] /workspace/lutianyou/program/download/era5/era5_2013_05.nc
[246/384] /workspace/lutianyou/program/download/era5/era5_2013_06.nc
[247/384] /workspace/lutianyou/program/download/era5/era5_2013_07.nc
[248/384] /workspace/lutianyou/program/download/era5/era5_2013_08.nc
[249/384] /workspace/lutianyou/program/download/era5/era5_2013_09.nc
[250/384] /workspace/lutianyou/program/download/era5/era5_2013_10.nc
[251/384] /workspace/lutianyou/program/download/era5/era5_2013_11.nc
[252/384] /workspace/lutianyou/program/download/era5/era5_2013_12.nc
[253/384] /workspace/lutianyou/program/download/era5/era5_2014_01.nc
[254/384] /workspace/lutianyou/program/download/era5/era5_2014_02.nc
[255/384] /workspace/lutianyou/program/download/era5/era5_2014_03.nc
[256/384] /workspace/lutianyou/program/download/era5/era5_2014_04.nc
[257/384] /workspace/lutianyou/program/download/era5/era5_2014_05.nc
[258/384] /workspace/lutianyou/program/download/era5/era5_2014_06.nc
[259/384] /workspace/lutianyou/program/download/era5/era5_2014_07.nc
[260/384] /workspace/lutianyou/program/download/era5/era5_2014_08.nc
[261/384] /workspace/lutianyou/program/download/era5/era5_2014_09.nc
[262/384] /workspace/lutianyou/program/download/era5/era5_2014_10.nc
[263/384] /workspace/lutianyou/program/download/era5/era5_2014_11.nc
[264/384] /workspace/lutianyou/program/download/era5/era5_2014_12.nc
[265/384] /workspace/lutianyou/program/download/era5/era5_2015_01.nc
[266/384] /workspace/lutianyou/program/download/era5/era5_2015_02.nc
[267/384] /workspace/lutianyou/program/download/era5/era5_2015_03.nc
[268/384] /workspace/lutianyou/program/download/era5/era5_2015_04.nc
[269/384] /workspace/lutianyou/program/download/era5/era5_2015_05.nc
[270/384] /workspace/lutianyou/program/download/era5/era5_2015_06.nc
[271/384] /workspace/lutianyou/program/download/era5/era5_2015_07.nc
[272/384] /workspace/lutianyou/program/download/era5/era5_2015_08.nc
[273/384] /workspace/lutianyou/program/download/era5/era5_2015_09.nc
[274/384] /workspace/lutianyou/program/download/era5/era5_2015_10.nc
[275/384] /workspace/lutianyou/program/download/era5/era5_2015_11.nc
[276/384] /workspace/lutianyou/program/download/era5/era5_2015_12.nc
[277/384] /workspace/lutianyou/program/download/era5/era5_2016_01.nc
[278/384] /workspace/lutianyou/program/download/era5/era5_2016_02.nc
[279/384] /workspace/lutianyou/program/download/era5/era5_2016_03.nc
[280/384] /workspace/lutianyou/program/download/era5/era5_2016_04.nc
[281/384] /workspace/lutianyou/program/download/era5/era5_2016_05.nc
[282/384] /workspace/lutianyou/program/download/era5/era5_2016_06.nc
[283/384] /workspace/lutianyou/program/download/era5/era5_2016_07.nc
[284/384] /workspace/lutianyou/program/download/era5/era5_2016_08.nc
[285/384] /workspace/lutianyou/program/download/era5/era5_2016_09.nc
[286/384] /workspace/lutianyou/program/download/era5/era5_2016_10.nc
[287/384] /workspace/lutianyou/program/download/era5/era5_2016_11.nc
[288/384] /workspace/lutianyou/program/download/era5/era5_2016_12.nc
[289/384] /workspace/lutianyou/program/download/era5/era5_2017_01.nc
[290/384] /workspace/lutianyou/program/download/era5/era5_2017_02.nc
[291/384] /workspace/lutianyou/program/download/era5/era5_2017_03.nc
[292/384] /workspace/lutianyou/program/download/era5/era5_2017_04.nc
[293/384] /workspace/lutianyou/program/download/era5/era5_2017_05.nc
[294/384] /workspace/lutianyou/program/download/era5/era5_2017_06.nc
[295/384] /workspace/lutianyou/program/download/era5/era5_2017_07.nc
[296/384] /workspace/lutianyou/program/download/era5/era5_2017_08.nc
[297/384] /workspace/lutianyou/program/download/era5/era5_2017_09.nc
[298/384] /workspace/lutianyou/program/download/era5/era5_2017_10.nc
[299/384] /workspace/lutianyou/program/download/era5/era5_2017_11.nc
[300/384] /workspace/lutianyou/program/download/era5/era5_2017_12.nc
[301/384] /workspace/lutianyou/program/download/era5/era5_2018_01.nc
[302/384] /workspace/lutianyou/program/download/era5/era5_2018_02.nc
[303/384] /workspace/lutianyou/program/download/era5/era5_2018_03.nc
[304/384] /workspace/lutianyou/program/download/era5/era5_2018_04.nc
[305/384] /workspace/lutianyou/program/download/era5/era5_2018_05.nc
[306/384] /workspace/lutianyou/program/download/era5/era5_2018_06.nc
[307/384] /workspace/lutianyou/program/download/era5/era5_2018_07.nc
[308/384] /workspace/lutianyou/program/download/era5/era5_2018_08.nc
[309/384] /workspace/lutianyou/program/download/era5/era5_2018_09.nc
[310/384] /workspace/lutianyou/program/download/era5/era5_2018_10.nc
[311/384] /workspace/lutianyou/program/download/era5/era5_2018_11.nc
[312/384] /workspace/lutianyou/program/download/era5/era5_2018_12.nc
[313/384] /workspace/lutianyou/program/download/era5/era5_2019_01.nc
[314/384] /workspace/lutianyou/program/download/era5/era5_2019_02.nc
[315/384] /workspace/lutianyou/program/download/era5/era5_2019_03.nc
[316/384] /workspace/lutianyou/program/download/era5/era5_2019_04.nc
[317/384] /workspace/lutianyou/program/download/era5/era5_2019_05.nc
[318/384] /workspace/lutianyou/program/download/era5/era5_2019_06.nc
[319/384] /workspace/lutianyou/program/download/era5/era5_2019_07.nc
[320/384] /workspace/lutianyou/program/download/era5/era5_2019_08.nc
[321/384] /workspace/lutianyou/program/download/era5/era5_2019_09.nc
[322/384] /workspace/lutianyou/program/download/era5/era5_2019_10.nc
[323/384] /workspace/lutianyou/program/download/era5/era5_2019_11.nc
[324/384] /workspace/lutianyou/program/download/era5/era5_2019_12.nc
[325/384] /workspace/lutianyou/program/download/era5/era5_2020_01.nc
[326/384] /workspace/lutianyou/program/download/era5/era5_2020_02.nc
[327/384] /workspace/lutianyou/program/download/era5/era5_2020_03.nc
[328/384] /workspace/lutianyou/program/download/era5/era5_2020_04.nc
[329/384] /workspace/lutianyou/program/download/era5/era5_2020_05.nc
[330/384] /workspace/lutianyou/program/download/era5/era5_2020_06.nc
[331/384] /workspace/lutianyou/program/download/era5/era5_2020_07.nc
[332/384] /workspace/lutianyou/program/download/era5/era5_2020_08.nc
[333/384] /workspace/lutianyou/program/download/era5/era5_2020_09.nc
[334/384] /workspace/lutianyou/program/download/era5/era5_2020_10.nc
[335/384] /workspace/lutianyou/program/download/era5/era5_2020_11.nc
[336/384] /workspace/lutianyou/program/download/era5/era5_2020_12.nc
[337/384] /workspace/lutianyou/program/download/era5/era5_2021_01.nc
[338/384] /workspace/lutianyou/program/download/era5/era5_2021_02.nc
[339/384] /workspace/lutianyou/program/download/era5/era5_2021_03.nc
[340/384] /workspace/lutianyou/program/download/era5/era5_2021_04.nc
[341/384] /workspace/lutianyou/program/download/era5/era5_2021_05.nc
[342/384] /workspace/lutianyou/program/download/era5/era5_2021_06.nc
[343/384] /workspace/lutianyou/program/download/era5/era5_2021_07.nc
[344/384] /workspace/lutianyou/program/download/era5/era5_2021_08.nc
[345/384] /workspace/lutianyou/program/download/era5/era5_2021_09.nc
[346/384] /workspace/lutianyou/program/download/era5/era5_2021_10.nc
[347/384] /workspace/lutianyou/program/download/era5/era5_2021_11.nc
[348/384] /workspace/lutianyou/program/download/era5/era5_2021_12.nc
[349/384] /workspace/lutianyou/program/download/era5/era5_2022_01.nc
[350/384] /workspace/lutianyou/program/download/era5/era5_2022_02.nc
[351/384] /workspace/lutianyou/program/download/era5/era5_2022_03.nc
[352/384] /workspace/lutianyou/program/download/era5/era5_2022_04.nc
[353/384] /workspace/lutianyou/program/download/era5/era5_2022_05.nc
[354/384] /workspace/lutianyou/program/download/era5/era5_2022_06.nc
[355/384] /workspace/lutianyou/program/download/era5/era5_2022_07.nc
[356/384] /workspace/lutianyou/program/download/era5/era5_2022_08.nc
cdi  warning (set_coordinates_varids): Coordinates variable number can't be assigned!
cdi  warning (set_coordinates_varids): Coordinates variable expver can't be assigned!
cdo    remapbil: Bilinear weights from lonlat (1440x721) to lonlat (360x128) grid
cdo    remapbil: Bilinear weights from lonlat (1440x721) to lonlat (360x128) grid, with source mask (686364)
cdi  warning (set_coordinates_varids): Coordinates variable number can't be assigned!
cdi  warning (set_coordinates_varids): Coordinates variable expver can't be assigned!
cdo    remapbil: Bilinear weights from lonlat (1440x721) to lonlat (360x128) grid
cdo    remapbil: Bilinear weights from lonlat (1440x721) to lonlat (360x128) grid, with source mask (686364)
cdi  warning (set_coordinates_varids): Coordinates variable number can't be assigned!
cdi  warning (set_coordinates_varids): Coordinates variable expver can't be assigned!
cdo    remapbil: Bilinear weights from lonlat (1440x721) to lonlat (360x128) grid
cdo    remapbil: Bilinear weights from lonlat (1440x721) to lonlat (360x128) grid, with source mask (686364)
cdi  warning (set_coordinates_varids): Coordinates variable number can't be assigned!
cdi  warning (set_coordinates_varids): Coordinates variable expver can't be assigned!
cdo    remapbil: Bilinear weights from lonlat (1440x721) to lonlat (360x128) grid
cdo    remapbil: Bilinear weights from lonlat (1440x721) to lonlat (360x128) grid, with source mask (686364)
cdi  warning (set_coordinates_varids): Coordinates variable number can't be assigned!
cdi  warning (set_coordinates_varids): Coordinates variable expver can't be assigned!
cdo    remapbil: Bilinear weights from lonlat (1440x721) to lonlat (360x128) grid
cdo    remapbil: Bilinear weights from lonlat (1440x721) to lonlat (360x128) grid, with source mask (686364)
cdi  warning (set_coordinates_varids): Coordinates variable number can't be assigned!
cdi  warning (set_coordinates_varids): Coordinates variable expver can't be assigned!
cdo    remapbil: Bilinear weights from lonlat (1440x721) to lonlat (360x128) grid
cdo    remapbil: Bilinear weights from lonlat (1440x721) to lonlat (360x128) grid, with source mask (686364)
cdi  warning (set_coordinates_varids): Coordinates variable number can't be assigned!
cdi  warning (set_coordinates_varids): Coordinates variable expver can't be assigned!
cdo    remapbil: Bilinear weights from lonlat (1440x721) to lonlat (360x128) grid
cdo    remapbil: Bilinear weights from lonlat (1440x721) to lonlat (360x128) grid, with source mask (686364)
cdi  warning (set_coordinates_varids): Coordinates variable number can't be assigned!
cdi  warning (set_coordinates_varids): Coordinates variable expver can't be assigned!
cdo    remapbil: Bilinear weights from lonlat (1440x721) to lonlat (360x128) grid
cdo    remapbil: Bilinear weights from lonlat (1440x721) to lonlat (360x128) grid, with source mask (686364)
cdi  warning (set_coordinates_varids): Coordinates variable number can't be assigned!
cdi  warning (set_coordinates_varids): Coordinates variable expver can't be assigned!
cdo    remapbil: Bilinear weights from lonlat (1440x721) to lonlat (360x128) grid
cdo    remapbil: Bilinear weights from lonlat (1440x721) to lonlat (360x128) grid, with source mask (686364)
cdi  warning (set_coordinates_varids): Coordinates variable number can't be assigned!
cdi  warning (set_coordinates_varids): Coordinates variable expver can't be assigned!
cdo    remapbil: Bilinear weights from lonlat (1440x721) to lonlat (360x128) grid
cdo    remapbil: Bilinear weights from lonlat (1440x721) to lonlat (360x128) grid, with source mask (686364)
cdi  warning (set_coordinates_varids): Coordinates variable number can't be assigned!
cdi  warning (set_coordinates_varids): Coordinates variable expver can't be assigned!
cdo    remapbil: Bilinear weights from lonlat (1440x721) to lonlat (360x128) grid
cdo    remapbil: Bilinear weights from lonlat (1440x721) to lonlat (360x128) grid, with source mask (686364)
cdi  warning (set_coordinates_varids): Coordinates variable number can't be assigned!
cdi  warning (set_coordinates_varids): Coordinates variable expver can't be assigned!
cdo    remapbil: Bilinear weights from lonlat (1440x721) to lonlat (360x128) grid
cdo    remapbil: Bilinear weights from lonlat (1440x721) to lonlat (360x128) grid, with source mask (686364)
cdi  warning (set_coordinates_varids): Coordinates variable number can't be assigned!
cdi  warning (set_coordinates_varids): Coordinates variable expver can't be assigned!
cdo    remapbil: Bilinear weights from lonlat (1440x721) to lonlat (360x128) grid
cdo    remapbil: Bilinear weights from lonlat (1440x721) to lonlat (360x128) grid, with source mask (686364)
cdi  warning (set_coordinates_varids): Coordinates variable number can't be assigned!
cdi  warning (set_coordinates_varids): Coordinates variable expver can't be assigned!
cdo    remapbil: Bilinear weights from lonlat (1440x721) to lonlat (360x128) grid
cdo    remapbil: Bilinear weights from lonlat (1440x721) to lonlat (360x128) grid, with source mask (686364)
cdi  warning (set_coordinates_varids): Coordinates variable number can't be assigned!
cdi  warning (set_coordinates_varids): Coordinates variable expver can't be assigned!
cdo    remapbil: Bilinear weights from lonlat (1440x721) to lonlat (360x128) grid
cdo    remapbil: Bilinear weights from lonlat (1440x721) to lonlat (360x128) grid, with source mask (686364)
cdi  warning (set_coordinates_varids): Coordinates variable number can't be assigned!
cdi  warning (set_coordinates_varids): Coordinates variable expver can't be assigned!
cdo    remapbil: Bilinear weights from lonlat (1440x721) to lonlat (360x128) grid
cdo    remapbil: Bilinear weights from lonlat (1440x721) to lonlat (360x128) grid, with source mask (686364)
cdi  warning (set_coordinates_varids): Coordinates variable number can't be assigned!
cdi  warning (set_coordinates_varids): Coordinates variable expver can't be assigned!
cdo    remapbil: Bilinear weights from lonlat (1440x721) to lonlat (360x128) grid
cdo    remapbil: Bilinear weights from lonlat (1440x721) to lonlat (360x128) grid, with source mask (686364)
cdi  warning (set_coordinates_varids): Coordinates variable number can't be assigned!
cdi  warning (set_coordinates_varids): Coordinates variable expver can't be assigned!
cdo    remapbil: Bilinear weights from lonlat (1440x721) to lonlat (360x128) grid
cdo    remapbil: Bilinear weights from lonlat (1440x721) to lonlat (360x128) grid, with source mask (686364)
cdi  warning (set_coordinates_varids): Coordinates variable number can't be assigned!
cdi  warning (set_coordinates_varids): Coordinates variable expver can't be assigned!
cdo    remapbil: Bilinear weights from lonlat (1440x721) to lonlat (360x128) grid
cdo    remapbil: Bilinear weights from lonlat (1440x721) to lonlat (360x128) grid, with source mask (686364)
cdi  warning (set_coordinates_varids): Coordinates variable number can't be assigned!
cdi  warning (set_coordinates_varids): Coordinates variable expver can't be assigned!
cdo    remapbil: Bilinear weights from lonlat (1440x721) to lonlat (360x128) grid
cdo    remapbil: Bilinear weights from lonlat (1440x721) to lonlat (360x128) grid, with source mask (686364)
cdi  warning (set_coordinates_varids): Coordinates variable number can't be assigned!
cdi  warning (set_coordinates_varids): Coordinates variable expver can't be assigned!
cdo    remapbil: Bilinear weights from lonlat (1440x721) to lonlat (360x128) grid
cdo    remapbil: Bilinear weights from lonlat (1440x721) to lonlat (360x128) grid, with source mask (686364)
cdi  warning (set_coordinates_varids): Coordinates variable number can't be assigned!
cdi  warning (set_coordinates_varids): Coordinates variable expver can't be assigned!
cdo    remapbil: Bilinear weights from lonlat (1440x721) to lonlat (360x128) grid
cdo    remapbil: Bilinear weights from lonlat (1440x721) to lonlat (360x128) grid, with source mask (686364)
cdi  warning (set_coordinates_varids): Coordinates variable number can't be assigned!
cdi  warning (set_coordinates_varids): Coordinates variable expver can't be assigned!
cdo    remapbil: Bilinear weights from lonlat (1440x721) to lonlat (360x128) grid
cdo    remapbil: Bilinear weights from lonlat (1440x721) to lonlat (360x128) grid, with source mask (686364)
cdi  warning (set_coordinates_varids): Coordinates variable number can't be assigned!
cdi  warning (set_coordinates_varids): Coordinates variable expver can't be assigned!
cdo    remapbil: Bilinear weights from lonlat (1440x721) to lonlat (360x128) grid
cdo    remapbil: Bilinear weights from lonlat (1440x721) to lonlat (360x128) grid, with source mask (686364)
cdi  warning (set_coordinates_varids): Coordinates variable number can't be assigned!
cdi  warning (set_coordinates_varids): Coordinates variable expver can't be assigned!
cdo    remapbil: Bilinear weights from lonlat (1440x721) to lonlat (360x128) grid
cdo    remapbil: Bilinear weights from lonlat (1440x721) to lonlat (360x128) grid, with source mask (686364)
cdi  warning (set_coordinates_varids): Coordinates variable number can't be assigned!
cdi  warning (set_coordinates_varids): Coordinates variable expver can't be assigned!
cdo    remapbil: Bilinear weights from lonlat (1440x721) to lonlat (360x128) grid
cdo    remapbil: Bilinear weights from lonlat (1440x721) to lonlat (360x128) grid, with source mask (686364)
cdi  warning (set_coordinates_varids): Coordinates variable number can't be assigned!
cdi  warning (set_coordinates_varids): Coordinates variable expver can't be assigned!
cdo    remapbil: Bilinear weights from lonlat (1440x721) to lonlat (360x128) grid
cdo    remapbil: Bilinear weights from lonlat (1440x721) to lonlat (360x128) grid, with source mask (686364)
cdi  warning (set_coordinates_varids): Coordinates variable number can't be assigned!
cdi  warning (set_coordinates_varids): Coordinates variable expver can't be assigned!
cdo    remapbil: Bilinear weights from lonlat (1440x721) to lonlat (360x128) grid
cdo    remapbil: Bilinear weights from lonlat (1440x721) to lonlat (360x128) grid, with source mask (686364)
[357/384] /workspace/lutianyou/program/download/era5/era5_2022_09.nc
[358/384] /workspace/lutianyou/program/download/era5/era5_2022_10.nc
[359/384] /workspace/lutianyou/program/download/era5/era5_2022_11.nc
[360/384] /workspace/lutianyou/program/download/era5/era5_2022_12.nc
[361/384] /workspace/lutianyou/program/download/era5/era5_2023_01.nc
[362/384] /workspace/lutianyou/program/download/era5/era5_2023_02.nc
[363/384] /workspace/lutianyou/program/download/era5/era5_2023_03.nc
[364/384] /workspace/lutianyou/program/download/era5/era5_2023_04.nc
[365/384] /workspace/lutianyou/program/download/era5/era5_2023_05.nc
[366/384] /workspace/lutianyou/program/download/era5/era5_2023_06.nc
[367/384] /workspace/lutianyou/program/download/era5/era5_2023_07.nc
[368/384] /workspace/lutianyou/program/download/era5/era5_2023_08.nc
[369/384] /workspace/lutianyou/program/download/era5/era5_2023_09.nc
[370/384] /workspace/lutianyou/program/download/era5/era5_2023_10.nc
[371/384] /workspace/lutianyou/program/download/era5/era5_2023_11.nc
[372/384] /workspace/lutianyou/program/download/era5/era5_2023_12.nc
[373/384] /workspace/lutianyou/program/download/era5/era5_2024_01.nc
[374/384] /workspace/lutianyou/program/download/era5/era5_2024_02.nc
[375/384] /workspace/lutianyou/program/download/era5/era5_2024_03.nc
[376/384] /workspace/lutianyou/program/download/era5/era5_2024_04.nc
[377/384] /workspace/lutianyou/program/download/era5/era5_2024_05.nc
[378/384] /workspace/lutianyou/program/download/era5/era5_2024_06.nc
[379/384] /workspace/lutianyou/program/download/era5/era5_2024_07.nc
[380/384] /workspace/lutianyou/program/download/era5/era5_2024_08.nc
[381/384] /workspace/lutianyou/program/download/era5/era5_2024_09.nc
[382/384] /workspace/lutianyou/program/download/era5/era5_2024_10.nc
[383/384] /workspace/lutianyou/program/download/era5/era5_2024_11.nc
[384/384] /workspace/lutianyou/program/download/era5/era5_2024_12.nc
1993_1.nc | remaining NaN: 0
1993_2.nc | remaining NaN: 0
1993_3.nc | remaining NaN: 0
1993_4.nc | remaining NaN: 0
1993_5.nc | remaining NaN: 0
1993_6.nc | remaining NaN: 0
1993_7.nc | remaining NaN: 0
1993_8.nc | remaining NaN: 0
1993_9.nc | remaining NaN: 0
1993_10.nc | remaining NaN: 0
1993_11.nc | remaining NaN: 0
1993_12.nc | remaining NaN: 0
1994_1.nc | remaining NaN: 0
1994_2.nc | remaining NaN: 0
1994_3.nc | remaining NaN: 0
1994_4.nc | remaining NaN: 0
1994_5.nc | remaining NaN: 0
1994_6.nc | remaining NaN: 0
1994_7.nc | remaining NaN: 0
1994_8.nc | remaining NaN: 0
1994_9.nc | remaining NaN: 0
1994_10.nc | remaining NaN: 0
1994_11.nc | remaining NaN: 0
1994_12.nc | remaining NaN: 0
1995_1.nc | remaining NaN: 0
1995_2.nc | remaining NaN: 0
1995_3.nc | remaining NaN: 0
1995_4.nc | remaining NaN: 0
1995_5.nc | remaining NaN: 0
1995_6.nc | remaining NaN: 0
1995_7.nc | remaining NaN: 0
1995_8.nc | remaining NaN: 0
1995_9.nc | remaining NaN: 0
1995_10.nc | remaining NaN: 0
1995_11.nc | remaining NaN: 0
1995_12.nc | remaining NaN: 0
1996_1.nc | remaining NaN: 0
1996_2.nc | remaining NaN: 0
1996_3.nc | remaining NaN: 0
1996_4.nc | remaining NaN: 0
1996_5.nc | remaining NaN: 0
1996_6.nc | remaining NaN: 0
1996_7.nc | remaining NaN: 0
1996_8.nc | remaining NaN: 0
1996_9.nc | remaining NaN: 0
1996_10.nc | remaining NaN: 0
1996_11.nc | remaining NaN: 0
1996_12.nc | remaining NaN: 0
1997_1.nc | remaining NaN: 0
1997_2.nc | remaining NaN: 0
1997_3.nc | remaining NaN: 0
1997_4.nc | remaining NaN: 0
1997_5.nc | remaining NaN: 0
1997_6.nc | remaining NaN: 0
1997_7.nc | remaining NaN: 0
1997_8.nc | remaining NaN: 0
1997_9.nc | remaining NaN: 0
1997_10.nc | remaining NaN: 0
1997_11.nc | remaining NaN: 0
1997_12.nc | remaining NaN: 0
1998_1.nc | remaining NaN: 0
1998_2.nc | remaining NaN: 0
1998_3.nc | remaining NaN: 0
1998_4.nc | remaining NaN: 0
1998_5.nc | remaining NaN: 0
1998_6.nc | remaining NaN: 0
1998_7.nc | remaining NaN: 0
1998_8.nc | remaining NaN: 0
1998_9.nc | remaining NaN: 0
1998_10.nc | remaining NaN: 0
1998_11.nc | remaining NaN: 0
1998_12.nc | remaining NaN: 0
1999_1.nc | remaining NaN: 0
1999_2.nc | remaining NaN: 0
1999_3.nc | remaining NaN: 0
1999_4.nc | remaining NaN: 0
1999_5.nc | remaining NaN: 0
1999_6.nc | remaining NaN: 0
1999_7.nc | remaining NaN: 0
1999_8.nc | remaining NaN: 0
1999_9.nc | remaining NaN: 0
1999_10.nc | remaining NaN: 0
1999_11.nc | remaining NaN: 0
1999_12.nc | remaining NaN: 0
2000_1.nc | remaining NaN: 0
2000_2.nc | remaining NaN: 0
2000_3.nc | remaining NaN: 0
2000_4.nc | remaining NaN: 0
2000_5.nc | remaining NaN: 0
2000_6.nc | remaining NaN: 0
2000_7.nc | remaining NaN: 0
2000_8.nc | remaining NaN: 0
2000_9.nc | remaining NaN: 0
2000_10.nc | remaining NaN: 0
2000_11.nc | remaining NaN: 0
2000_12.nc | remaining NaN: 0
2001_1.nc | remaining NaN: 0
2001_2.nc | remaining NaN: 0
2001_3.nc | remaining NaN: 0
2001_4.nc | remaining NaN: 0
2001_5.nc | remaining NaN: 0
2001_6.nc | remaining NaN: 0
2001_7.nc | remaining NaN: 0
2001_8.nc | remaining NaN: 0
2001_9.nc | remaining NaN: 0
2001_10.nc | remaining NaN: 0
2001_11.nc | remaining NaN: 0
2001_12.nc | remaining NaN: 0
2002_1.nc | remaining NaN: 0
2002_2.nc | remaining NaN: 0
2002_3.nc | remaining NaN: 0
2002_4.nc | remaining NaN: 0
2002_5.nc | remaining NaN: 0
2002_6.nc | remaining NaN: 0
2002_7.nc | remaining NaN: 0
2002_8.nc | remaining NaN: 0
2002_9.nc | remaining NaN: 0
2002_10.nc | remaining NaN: 0
2002_11.nc | remaining NaN: 0
2002_12.nc | remaining NaN: 0
2003_1.nc | remaining NaN: 0
2003_2.nc | remaining NaN: 0
2003_3.nc | remaining NaN: 0
2003_4.nc | remaining NaN: 0
2003_5.nc | remaining NaN: 0
2003_6.nc | remaining NaN: 0
2003_7.nc | remaining NaN: 0
2003_8.nc | remaining NaN: 0
2003_9.nc | remaining NaN: 0
2003_10.nc | remaining NaN: 0
2003_11.nc | remaining NaN: 0
2003_12.nc | remaining NaN: 0
2004_1.nc | remaining NaN: 0
2004_2.nc | remaining NaN: 0
2004_3.nc | remaining NaN: 0
2004_4.nc | remaining NaN: 0
2004_5.nc | remaining NaN: 0
2004_6.nc | remaining NaN: 0
2004_7.nc | remaining NaN: 0
2004_8.nc | remaining NaN: 0
2004_9.nc | remaining NaN: 0
2004_10.nc | remaining NaN: 0
2004_11.nc | remaining NaN: 0
2004_12.nc | remaining NaN: 0
2005_1.nc | remaining NaN: 0
2005_2.nc | remaining NaN: 0
2005_3.nc | remaining NaN: 0
2005_4.nc | remaining NaN: 0
2005_5.nc | remaining NaN: 0
2005_6.nc | remaining NaN: 0
2005_7.nc | remaining NaN: 0
2005_8.nc | remaining NaN: 0
2005_9.nc | remaining NaN: 0
2005_10.nc | remaining NaN: 0
2005_11.nc | remaining NaN: 0
2005_12.nc | remaining NaN: 0
2006_1.nc | remaining NaN: 0
2006_2.nc | remaining NaN: 0
2006_3.nc | remaining NaN: 0
2006_4.nc | remaining NaN: 0
2006_5.nc | remaining NaN: 0
2006_6.nc | remaining NaN: 0
2006_7.nc | remaining NaN: 0
2006_8.nc | remaining NaN: 0
2006_9.nc | remaining NaN: 0
2006_10.nc | remaining NaN: 0
2006_11.nc | remaining NaN: 0
2006_12.nc | remaining NaN: 0
2007_1.nc | remaining NaN: 0
2007_2.nc | remaining NaN: 0
2007_3.nc | remaining NaN: 0
2007_4.nc | remaining NaN: 0
2007_5.nc | remaining NaN: 0
2007_6.nc | remaining NaN: 0
2007_7.nc | remaining NaN: 0
2007_8.nc | remaining NaN: 0
2007_9.nc | remaining NaN: 0
2007_10.nc | remaining NaN: 0
2007_11.nc | remaining NaN: 0
2007_12.nc | remaining NaN: 0
2008_1.nc | remaining NaN: 0
2008_2.nc | remaining NaN: 0
2008_3.nc | remaining NaN: 0
2008_4.nc | remaining NaN: 0
2008_5.nc | remaining NaN: 0
2008_6.nc | remaining NaN: 0
2008_7.nc | remaining NaN: 0
2008_8.nc | remaining NaN: 0
2008_9.nc | remaining NaN: 0
2008_10.nc | remaining NaN: 0
2008_11.nc | remaining NaN: 0
2008_12.nc | remaining NaN: 0
2009_1.nc | remaining NaN: 0
2009_2.nc | remaining NaN: 0
2009_3.nc | remaining NaN: 0
2009_4.nc | remaining NaN: 0
2009_5.nc | remaining NaN: 0
2009_6.nc | remaining NaN: 0
2009_7.nc | remaining NaN: 0
2009_8.nc | remaining NaN: 0
2009_9.nc | remaining NaN: 0
2009_10.nc | remaining NaN: 0
2009_11.nc | remaining NaN: 0
2009_12.nc | remaining NaN: 0
2010_1.nc | remaining NaN: 0
2010_2.nc | remaining NaN: 0
2010_3.nc | remaining NaN: 0
2010_4.nc | remaining NaN: 0
2010_5.nc | remaining NaN: 0
2010_6.nc | remaining NaN: 0
2010_7.nc | remaining NaN: 0
2010_8.nc | remaining NaN: 0
2010_9.nc | remaining NaN: 0
2010_10.nc | remaining NaN: 0
2010_11.nc | remaining NaN: 0
2010_12.nc | remaining NaN: 0
2011_1.nc | remaining NaN: 0
2011_2.nc | remaining NaN: 0
2011_3.nc | remaining NaN: 0
2011_4.nc | remaining NaN: 0
2011_5.nc | remaining NaN: 0
2011_6.nc | remaining NaN: 0
2011_7.nc | remaining NaN: 0
2011_8.nc | remaining NaN: 0
2011_9.nc | remaining NaN: 0
2011_10.nc | remaining NaN: 0
2011_11.nc | remaining NaN: 0
2011_12.nc | remaining NaN: 0
2012_1.nc | remaining NaN: 0
2012_2.nc | remaining NaN: 0
2012_3.nc | remaining NaN: 0
2012_4.nc | remaining NaN: 0
2012_5.nc | remaining NaN: 0
2012_6.nc | remaining NaN: 0
2012_7.nc | remaining NaN: 0
2012_8.nc | remaining NaN: 0
2012_9.nc | remaining NaN: 0
2012_10.nc | remaining NaN: 0
2012_11.nc | remaining NaN: 0
2012_12.nc | remaining NaN: 0
2013_1.nc | remaining NaN: 0
2013_2.nc | remaining NaN: 0
2013_3.nc | remaining NaN: 0
2013_4.nc | remaining NaN: 0
2013_5.nc | remaining NaN: 0
2013_6.nc | remaining NaN: 0
2013_7.nc | remaining NaN: 0
2013_8.nc | remaining NaN: 0
2013_9.nc | remaining NaN: 0
2013_10.nc | remaining NaN: 0
2013_11.nc | remaining NaN: 0
2013_12.nc | remaining NaN: 0
2014_1.nc | remaining NaN: 0
2014_2.nc | remaining NaN: 0
2014_3.nc | remaining NaN: 0
2014_4.nc | remaining NaN: 0
2014_5.nc | remaining NaN: 0
2014_6.nc | remaining NaN: 0
2014_7.nc | remaining NaN: 0
2014_8.nc | remaining NaN: 0
2014_9.nc | remaining NaN: 0
2014_10.nc | remaining NaN: 0
2014_11.nc | remaining NaN: 0
2014_12.nc | remaining NaN: 0
2015_1.nc | remaining NaN: 0
2015_2.nc | remaining NaN: 0
2015_3.nc | remaining NaN: 0
2015_4.nc | remaining NaN: 0
2015_5.nc | remaining NaN: 0
2015_6.nc | remaining NaN: 0
2015_7.nc | remaining NaN: 0
2015_8.nc | remaining NaN: 0
2015_9.nc | remaining NaN: 0
2015_10.nc | remaining NaN: 0
2015_11.nc | remaining NaN: 0
2015_12.nc | remaining NaN: 0
2016_1.nc | remaining NaN: 0
2016_2.nc | remaining NaN: 0
2016_3.nc | remaining NaN: 0
2016_4.nc | remaining NaN: 0
2016_5.nc | remaining NaN: 0
2016_6.nc | remaining NaN: 0
2016_7.nc | remaining NaN: 0
2016_8.nc | remaining NaN: 0
2016_9.nc | remaining NaN: 0
2016_10.nc | remaining NaN: 0
2016_11.nc | remaining NaN: 0
2016_12.nc | remaining NaN: 0
2017_1.nc | remaining NaN: 0
2017_2.nc | remaining NaN: 0
2017_3.nc | remaining NaN: 0
2017_4.nc | remaining NaN: 0
2017_5.nc | remaining NaN: 0
2017_6.nc | remaining NaN: 0
2017_7.nc | remaining NaN: 0
2017_8.nc | remaining NaN: 0
2017_9.nc | remaining NaN: 0
2017_10.nc | remaining NaN: 0
2017_11.nc | remaining NaN: 0
2017_12.nc | remaining NaN: 0
2018_1.nc | remaining NaN: 0
2018_2.nc | remaining NaN: 0
2018_3.nc | remaining NaN: 0
2018_4.nc | remaining NaN: 0
2018_5.nc | remaining NaN: 0
2018_6.nc | remaining NaN: 0
2018_7.nc | remaining NaN: 0
2018_8.nc | remaining NaN: 0
2018_9.nc | remaining NaN: 0
2018_10.nc | remaining NaN: 0
2018_11.nc | remaining NaN: 0
2018_12.nc | remaining NaN: 0
2019_1.nc | remaining NaN: 0
2019_2.nc | remaining NaN: 0
2019_3.nc | remaining NaN: 0
2019_4.nc | remaining NaN: 0
2019_5.nc | remaining NaN: 0
2019_6.nc | remaining NaN: 0
2019_7.nc | remaining NaN: 0
2019_8.nc | remaining NaN: 0
2019_9.nc | remaining NaN: 0
2019_10.nc | remaining NaN: 0
2019_11.nc | remaining NaN: 0
2019_12.nc | remaining NaN: 0
2020_1.nc | remaining NaN: 0
2020_2.nc | remaining NaN: 0
2020_3.nc | remaining NaN: 0
2020_4.nc | remaining NaN: 0
2020_5.nc | remaining NaN: 0
2020_6.nc | remaining NaN: 0
2020_7.nc | remaining NaN: 0
2020_8.nc | remaining NaN: 0
2020_9.nc | remaining NaN: 0
2020_10.nc | remaining NaN: 0
2020_11.nc | remaining NaN: 0
2020_12.nc | remaining NaN: 0
2021_1.nc | remaining NaN: 0
2021_2.nc | remaining NaN: 0
2021_3.nc | remaining NaN: 0
2021_4.nc | remaining NaN: 0
2021_5.nc | remaining NaN: 0
2021_6.nc | remaining NaN: 0
2021_7.nc | remaining NaN: 0
2021_8.nc | remaining NaN: 0
2021_9.nc | remaining NaN: 0
2021_10.nc | remaining NaN: 0
2021_11.nc | remaining NaN: 0
2021_12.nc | remaining NaN: 0
2022_1.nc | remaining NaN: 0
2022_2.nc | remaining NaN: 0
2022_3.nc | remaining NaN: 0
2022_4.nc | remaining NaN: 0
2022_5.nc | remaining NaN: 0
2022_6.nc | remaining NaN: 0
2022_7.nc | remaining NaN: 0
2022_8.nc | remaining NaN: 0
2022_9.nc | remaining NaN: 0
2022_10.nc | remaining NaN: 0
2022_11.nc | remaining NaN: 0
2022_12.nc | remaining NaN: 0
2023_1.nc | remaining NaN: 0
2023_2.nc | remaining NaN: 0
2023_3.nc | remaining NaN: 0
2023_4.nc | remaining NaN: 0
2023_5.nc | remaining NaN: 0
2023_6.nc | remaining NaN: 0
2023_7.nc | remaining NaN: 0
2023_8.nc | remaining NaN: 0
2023_9.nc | remaining NaN: 0
2023_10.nc | remaining NaN: 0
2023_11.nc | remaining NaN: 0
2023_12.nc | remaining NaN: 0
2024_1.nc | remaining NaN: 0
2024_2.nc | remaining NaN: 0
2024_3.nc | remaining NaN: 0
2024_4.nc | remaining NaN: 0
2024_5.nc | remaining NaN: 0
2024_6.nc | remaining NaN: 0
2024_7.nc | remaining NaN: 0
2024_8.nc | remaining NaN: 0
2024_9.nc | remaining NaN: 0
2024_10.nc | remaining NaN: 0
2024_11.nc | remaining NaN: 0
2024_12.nc | remaining NaN: 0
Done!
