nohup: ignoring input
Using specified GPUs: 0,1,2,3,4,5,6,7 (total: 8)
W0321 11:18:19.548410 667668 site-packages/torch/distributed/run.py:793] 
W0321 11:18:19.548410 667668 site-packages/torch/distributed/run.py:793] *****************************************
W0321 11:18:19.548410 667668 site-packages/torch/distributed/run.py:793] Setting OMP_NUM_THREADS environment variable for each process to be 1 in default, to avoid your system being overloaded, please further tune the variable for optimal performance in your application as needed. 
W0321 11:18:19.548410 667668 site-packages/torch/distributed/run.py:793] *****************************************
03/21/2026 11:18:26 - WARNING - __main__ - Process local rank: 0, device: cuda:0, n_gpu: 1, distributed: True, 16-bits: False
03/21/2026 11:18:26 - INFO - __main__ - Training/evaluation parameters TrainingArguments(
_n_gpu=1,
adafactor=False,
adam_beta1=0.9,
adam_beta2=0.95,
adam_epsilon=1e-06,
auto_find_batch_size=False,
bf16=False,
bf16_full_eval=False,
data_seed=None,
dataloader_drop_last=False,
dataloader_num_workers=8,
dataloader_pin_memory=True,
dataset=cmip6,
ddp_bucket_cap_mb=None,
ddp_find_unused_parameters=False,
ddp_timeout=1800,
debug=[],
deepspeed=None,
disable_tqdm=False,
dist_port=13138,
do_eval=False,
do_predict=False,
do_train=True,
eval_accumulation_steps=None,
eval_delay=0,
eval_steps=None,
evaluation_strategy=no,
fp16=False,
fp16_backend=auto,
fp16_full_eval=False,
fp16_opt_level=O1,
fsdp=[<FSDPOption.FULL_SHARD: 'full_shard'>, <FSDPOption.AUTO_WRAP: 'auto_wrap'>],
fsdp_config={'fsdp_min_num_params': 0, 'xla': False, 'xla_fsdp_grad_ckpt': False},
fsdp_min_num_params=0,
fsdp_transformer_layer_cls_to_wrap=None,
full_determinism=False,
gradient_accumulation_steps=1,
gradient_checkpointing=False,
greater_is_better=None,
group_by_length=False,
half_precision_backend=auto,
hub_model_id=None,
hub_private_repo=False,
hub_strategy=every_save,
hub_token=<HUB_TOKEN>,
ignore_data_skip=False,
include_inputs_for_metrics=False,
inputs_key_for_metrics=None,
jit_mode_eval=False,
label_names=None,
label_smoothing_factor=0.0,
learning_rate=0.0002,
length_column_name=length,
load_best_model_at_end=False,
local_rank=0,
log_level=info,
log_level_replica=warning,
log_on_each_node=False,
logging_dir=./output/train_stage1/exp4/log,
logging_first_step=False,
logging_nan_inf_filter=True,
logging_steps=5,
logging_strategy=steps,
lr_scheduler_type=cosine,
lr_scheduler_type_custom=None,
max_grad_norm=0.0,
max_steps=-1,
metric_for_best_model=None,
min_learning_rate=0.0,
model=swin,
mp_parameters=,
no_cuda=False,
num_train_epochs=5.0,
optim=adamw_hf,
optim_args=None,
output_dir=./output/train_stage1/exp4,
overwrite_output_dir=False,
past_index=-1,
per_device_eval_batch_size=4,
per_device_train_batch_size=4,
prediction_loss_only=False,
push_to_hub=False,
push_to_hub_model_id=None,
push_to_hub_organization=None,
push_to_hub_token=<PUSH_TO_HUB_TOKEN>,
ray_scope=last,
remove_unused_columns=True,
report_to=['tensorboard'],
resume_from_checkpoint=None,
run_name=./output/train_stage1/exp4,
save_on_each_node=False,
save_safetensors=False,
save_steps=800,
save_strategy=steps,
save_total_limit=3,
seed=1,
sharded_ddp=[],
skip_memory_metrics=True,
tf32=None,
torch_compile=False,
torch_compile_backend=None,
torch_compile_mode=None,
torchdynamo=None,
tpu_metrics_debug=False,
tpu_num_cores=None,
use_ipex=False,
use_legacy_prediction_loop=False,
use_mps_device=False,
warmup_ratio=0.1,
warmup_steps=0,
weight_decay=0.1,
xpu_backend=None,
)
03/21/2026 11:18:26 - WARNING - __main__ - Trying to train a model from scratch
03/21/2026 11:18:26 - WARNING - __main__ - Using default model config
03/21/2026 11:18:27 - WARNING - __main__ - Process local rank: 3, device: cuda:3, n_gpu: 1, distributed: True, 16-bits: False
03/21/2026 11:18:27 - WARNING - __main__ - Trying to train a model from scratch
03/21/2026 11:18:27 - WARNING - __main__ - Using default model config
03/21/2026 11:18:27 - WARNING - __main__ - Process local rank: 6, device: cuda:6, n_gpu: 1, distributed: True, 16-bits: False
03/21/2026 11:18:27 - WARNING - __main__ - Trying to train a model from scratch
03/21/2026 11:18:27 - WARNING - __main__ - Using default model config
03/21/2026 11:18:27 - WARNING - __main__ - Process local rank: 7, device: cuda:7, n_gpu: 1, distributed: True, 16-bits: False
03/21/2026 11:18:27 - WARNING - __main__ - Trying to train a model from scratch
03/21/2026 11:18:27 - WARNING - __main__ - Using default model config
03/21/2026 11:18:27 - WARNING - __main__ - Process local rank: 5, device: cuda:5, n_gpu: 1, distributed: True, 16-bits: False
03/21/2026 11:18:27 - WARNING - __main__ - Trying to train a model from scratch
03/21/2026 11:18:27 - WARNING - __main__ - Using default model config
03/21/2026 11:18:27 - WARNING - __main__ - Process local rank: 1, device: cuda:1, n_gpu: 1, distributed: True, 16-bits: False
03/21/2026 11:18:27 - WARNING - __main__ - Trying to train a model from scratch
03/21/2026 11:18:27 - WARNING - __main__ - Using default model config
03/21/2026 11:18:27 - WARNING - __main__ - Process local rank: 4, device: cuda:4, n_gpu: 1, distributed: True, 16-bits: False
03/21/2026 11:18:27 - WARNING - __main__ - Process local rank: 2, device: cuda:2, n_gpu: 1, distributed: True, 16-bits: False
03/21/2026 11:18:27 - WARNING - __main__ - Trying to train a model from scratch
03/21/2026 11:18:27 - WARNING - __main__ - Using default model config
03/21/2026 11:18:27 - WARNING - __main__ - Trying to train a model from scratch
03/21/2026 11:18:27 - WARNING - __main__ - Using default model config
03/21/2026 11:18:33 - INFO - __main__ - Model Config ORCADLConfig {
  "atmo_dims": 2,
  "atmo_embed_dims": 64,
  "attn_drop": 0.0,
  "diffusion_beta_end": 0.02,
  "diffusion_beta_start": 0.0001,
  "diffusion_steps": 1000,
  "diffusion_time_embed_dim": 256,
  "drop_path_rate": 0.2,
  "drop_rate": 0.0,
  "embed_dim": 96,
  "enc_depths": [
    2,
    2,
    2
  ],
  "enc_heads": [
    3,
    6,
    12
  ],
  "hidden_act": "gelu",
  "in_chans": [
    16,
    16,
    16,
    16
  ],
  "in_steps": 1,
  "input_shape": [
    128,
    360
  ],
  "is_moe": true,
  "is_moe_atmo": false,
  "is_moe_decoder": true,
  "is_moe_encoder": true,
  "lat_space": [
    -63.5,
    63.5,
    128
  ],
  "layer_norm_eps": 1e-05,
  "lg_depths": [
    2,
    2
  ],
  "lg_heads": [
    12,
    12
  ],
  "lg_hidden_dim": 1152,
  "lon_space": [
    0.5,
    359.5,
    360
  ],
  "loss_type": "rmse",
  "mask_patch_size": [
    8,
    12
  ],
  "mask_ratio": 0.8,
  "max_t": 6,
  "mlp_ratio": 4.0,
  "out_chans": [
    16,
    16,
    16,
    16
  ],
  "patch_norm": true,
  "patch_size": [
    2,
    3
  ],
  "predict_time_steps": 1,
  "qk_scale": null,
  "qkv_bias": true,
  "transformers_version": "4.28.1",
  "use_absolute_embeddings": true,
  "use_land_mask": true,
  "use_mask_token": false,
  "var_index": [
    0,
    1,
    2,
    3
  ],
  "var_list": [
    "so",
    "thetao",
    "uo",
    "vo"
  ],
  "window_size": [
    8,
    15
  ]
}

/home/lutianyou/miniconda3/envs/orca/lib/python3.9/site-packages/transformers/optimization.py:391: FutureWarning: This implementation of AdamW is deprecated and will be removed in a future version. Use the PyTorch implementation torch.optim.AdamW instead, or set `no_deprecation_warning=True` to disable this warning
  warnings.warn(
  0%|          | 0/1855 [00:00<?, ?it/s]/workspace/lutianyou/program/long-ENSO/trainer/utils.py:166: UserWarning: TypedStorage is deprecated. It will be removed in the future and UntypedStorage will be the only storage class. This should only matter to you if you are using storages directly.  To access UntypedStorage directly, use tensor.untyped_storage() instead of tensor.storage()
  storage = elem.storage()._new_shared(numel, device=elem.device)
/workspace/lutianyou/program/long-ENSO/trainer/utils.py:166: UserWarning: TypedStorage is deprecated. It will be removed in the future and UntypedStorage will be the only storage class. This should only matter to you if you are using storages directly.  To access UntypedStorage directly, use tensor.untyped_storage() instead of tensor.storage()
  storage = elem.storage()._new_shared(numel, device=elem.device)
/workspace/lutianyou/program/long-ENSO/trainer/utils.py:166: UserWarning: TypedStorage is deprecated. It will be removed in the future and UntypedStorage will be the only storage class. This should only matter to you if you are using storages directly.  To access UntypedStorage directly, use tensor.untyped_storage() instead of tensor.storage()
  storage = elem.storage()._new_shared(numel, device=elem.device)
/workspace/lutianyou/program/long-ENSO/trainer/utils.py:166: UserWarning: TypedStorage is deprecated. It will be removed in the future and UntypedStorage will be the only storage class. This should only matter to you if you are using storages directly.  To access UntypedStorage directly, use tensor.untyped_storage() instead of tensor.storage()
  storage = elem.storage()._new_shared(numel, device=elem.device)
/workspace/lutianyou/program/long-ENSO/trainer/utils.py:166: UserWarning: TypedStorage is deprecated. It will be removed in the future and UntypedStorage will be the only storage class. This should only matter to you if you are using storages directly.  To access UntypedStorage directly, use tensor.untyped_storage() instead of tensor.storage()
  storage = elem.storage()._new_shared(numel, device=elem.device)
/workspace/lutianyou/program/long-ENSO/trainer/utils.py:166: UserWarning: TypedStorage is deprecated. It will be removed in the future and UntypedStorage will be the only storage class. This should only matter to you if you are using storages directly.  To access UntypedStorage directly, use tensor.untyped_storage() instead of tensor.storage()
  storage = elem.storage()._new_shared(numel, device=elem.device)
/workspace/lutianyou/program/long-ENSO/trainer/utils.py:166: UserWarning: TypedStorage is deprecated. It will be removed in the future and UntypedStorage will be the only storage class. This should only matter to you if you are using storages directly.  To access UntypedStorage directly, use tensor.untyped_storage() instead of tensor.storage()
  storage = elem.storage()._new_shared(numel, device=elem.device)
/workspace/lutianyou/program/long-ENSO/trainer/utils.py:166: UserWarning: TypedStorage is deprecated. It will be removed in the future and UntypedStorage will be the only storage class. This should only matter to you if you are using storages directly.  To access UntypedStorage directly, use tensor.untyped_storage() instead of tensor.storage()
  storage = elem.storage()._new_shared(numel, device=elem.device)
/home/lutianyou/miniconda3/envs/orca/lib/python3.9/site-packages/transformers/optimization.py:391: FutureWarning: This implementation of AdamW is deprecated and will be removed in a future version. Use the PyTorch implementation torch.optim.AdamW instead, or set `no_deprecation_warning=True` to disable this warning
  warnings.warn(
/home/lutianyou/miniconda3/envs/orca/lib/python3.9/site-packages/transformers/optimization.py:391: FutureWarning: This implementation of AdamW is deprecated and will be removed in a future version. Use the PyTorch implementation torch.optim.AdamW instead, or set `no_deprecation_warning=True` to disable this warning
  warnings.warn(
/home/lutianyou/miniconda3/envs/orca/lib/python3.9/site-packages/transformers/optimization.py:391: FutureWarning: This implementation of AdamW is deprecated and will be removed in a future version. Use the PyTorch implementation torch.optim.AdamW instead, or set `no_deprecation_warning=True` to disable this warning
  warnings.warn(
/home/lutianyou/miniconda3/envs/orca/lib/python3.9/site-packages/transformers/optimization.py:391: FutureWarning: This implementation of AdamW is deprecated and will be removed in a future version. Use the PyTorch implementation torch.optim.AdamW instead, or set `no_deprecation_warning=True` to disable this warning
  warnings.warn(
/home/lutianyou/miniconda3/envs/orca/lib/python3.9/site-packages/transformers/optimization.py:391: FutureWarning: This implementation of AdamW is deprecated and will be removed in a future version. Use the PyTorch implementation torch.optim.AdamW instead, or set `no_deprecation_warning=True` to disable this warning
  warnings.warn(
/home/lutianyou/miniconda3/envs/orca/lib/python3.9/site-packages/transformers/optimization.py:391: FutureWarning: This implementation of AdamW is deprecated and will be removed in a future version. Use the PyTorch implementation torch.optim.AdamW instead, or set `no_deprecation_warning=True` to disable this warning
  warnings.warn(
/workspace/lutianyou/program/long-ENSO/trainer/utils.py:166: UserWarning: TypedStorage is deprecated. It will be removed in the future and UntypedStorage will be the only storage class. This should only matter to you if you are using storages directly.  To access UntypedStorage directly, use tensor.untyped_storage() instead of tensor.storage()
  storage = elem.storage()._new_shared(numel, device=elem.device)
/workspace/lutianyou/program/long-ENSO/trainer/utils.py:166: UserWarning: TypedStorage is deprecated. It will be removed in the future and UntypedStorage will be the only storage class. This should only matter to you if you are using storages directly.  To access UntypedStorage directly, use tensor.untyped_storage() instead of tensor.storage()
  storage = elem.storage()._new_shared(numel, device=elem.device)
/workspace/lutianyou/program/long-ENSO/trainer/utils.py:166: UserWarning: TypedStorage is deprecated. It will be removed in the future and UntypedStorage will be the only storage class. This should only matter to you if you are using storages directly.  To access UntypedStorage directly, use tensor.untyped_storage() instead of tensor.storage()
  storage = elem.storage()._new_shared(numel, device=elem.device)
/workspace/lutianyou/program/long-ENSO/trainer/utils.py:166: UserWarning: TypedStorage is deprecated. It will be removed in the future and UntypedStorage will be the only storage class. This should only matter to you if you are using storages directly.  To access UntypedStorage directly, use tensor.untyped_storage() instead of tensor.storage()
  storage = elem.storage()._new_shared(numel, device=elem.device)
/workspace/lutianyou/program/long-ENSO/trainer/utils.py:166: UserWarning: TypedStorage is deprecated. It will be removed in the future and UntypedStorage will be the only storage class. This should only matter to you if you are using storages directly.  To access UntypedStorage directly, use tensor.untyped_storage() instead of tensor.storage()
  storage = elem.storage()._new_shared(numel, device=elem.device)
/workspace/lutianyou/program/long-ENSO/trainer/utils.py:166: UserWarning: TypedStorage is deprecated. It will be removed in the future and UntypedStorage will be the only storage class. This should only matter to you if you are using storages directly.  To access UntypedStorage directly, use tensor.untyped_storage() instead of tensor.storage()
  storage = elem.storage()._new_shared(numel, device=elem.device)
/workspace/lutianyou/program/long-ENSO/trainer/utils.py:166: UserWarning: TypedStorage is deprecated. It will be removed in the future and UntypedStorage will be the only storage class. This should only matter to you if you are using storages directly.  To access UntypedStorage directly, use tensor.untyped_storage() instead of tensor.storage()
  storage = elem.storage()._new_shared(numel, device=elem.device)
/workspace/lutianyou/program/long-ENSO/trainer/utils.py:166: UserWarning: TypedStorage is deprecated. It will be removed in the future and UntypedStorage will be the only storage class. This should only matter to you if you are using storages directly.  To access UntypedStorage directly, use tensor.untyped_storage() instead of tensor.storage()
  storage = elem.storage()._new_shared(numel, device=elem.device)
/home/lutianyou/miniconda3/envs/orca/lib/python3.9/site-packages/transformers/optimization.py:391: FutureWarning: This implementation of AdamW is deprecated and will be removed in a future version. Use the PyTorch implementation torch.optim.AdamW instead, or set `no_deprecation_warning=True` to disable this warning
  warnings.warn(
/workspace/lutianyou/program/long-ENSO/trainer/utils.py:166: UserWarning: TypedStorage is deprecated. It will be removed in the future and UntypedStorage will be the only storage class. This should only matter to you if you are using storages directly.  To access UntypedStorage directly, use tensor.untyped_storage() instead of tensor.storage()
  storage = elem.storage()._new_shared(numel, device=elem.device)
/workspace/lutianyou/program/long-ENSO/trainer/utils.py:166: UserWarning: TypedStorage is deprecated. It will be removed in the future and UntypedStorage will be the only storage class. This should only matter to you if you are using storages directly.  To access UntypedStorage directly, use tensor.untyped_storage() instead of tensor.storage()
  storage = elem.storage()._new_shared(numel, device=elem.device)
/workspace/lutianyou/program/long-ENSO/trainer/utils.py:166: UserWarning: TypedStorage is deprecated. It will be removed in the future and UntypedStorage will be the only storage class. This should only matter to you if you are using storages directly.  To access UntypedStorage directly, use tensor.untyped_storage() instead of tensor.storage()
  storage = elem.storage()._new_shared(numel, device=elem.device)
/workspace/lutianyou/program/long-ENSO/trainer/utils.py:166: UserWarning: TypedStorage is deprecated. It will be removed in the future and UntypedStorage will be the only storage class. This should only matter to you if you are using storages directly.  To access UntypedStorage directly, use tensor.untyped_storage() instead of tensor.storage()
  storage = elem.storage()._new_shared(numel, device=elem.device)
/workspace/lutianyou/program/long-ENSO/trainer/utils.py:166: UserWarning: TypedStorage is deprecated. It will be removed in the future and UntypedStorage will be the only storage class. This should only matter to you if you are using storages directly.  To access UntypedStorage directly, use tensor.untyped_storage() instead of tensor.storage()
  storage = elem.storage()._new_shared(numel, device=elem.device)
/workspace/lutianyou/program/long-ENSO/trainer/utils.py:166: UserWarning: TypedStorage is deprecated. It will be removed in the future and UntypedStorage will be the only storage class. This should only matter to you if you are using storages directly.  To access UntypedStorage directly, use tensor.untyped_storage() instead of tensor.storage()
  storage = elem.storage()._new_shared(numel, device=elem.device)
/workspace/lutianyou/program/long-ENSO/trainer/utils.py:166: UserWarning: TypedStorage is deprecated. It will be removed in the future and UntypedStorage will be the only storage class. This should only matter to you if you are using storages directly.  To access UntypedStorage directly, use tensor.untyped_storage() instead of tensor.storage()
  storage = elem.storage()._new_shared(numel, device=elem.device)
/workspace/lutianyou/program/long-ENSO/trainer/utils.py:166: UserWarning: TypedStorage is deprecated. It will be removed in the future and UntypedStorage will be the only storage class. This should only matter to you if you are using storages directly.  To access UntypedStorage directly, use tensor.untyped_storage() instead of tensor.storage()
  storage = elem.storage()._new_shared(numel, device=elem.device)
/workspace/lutianyou/program/long-ENSO/trainer/utils.py:166: UserWarning: TypedStorage is deprecated. It will be removed in the future and UntypedStorage will be the only storage class. This should only matter to you if you are using storages directly.  To access UntypedStorage directly, use tensor.untyped_storage() instead of tensor.storage()
  storage = elem.storage()._new_shared(numel, device=elem.device)
/workspace/lutianyou/program/long-ENSO/trainer/utils.py:166: UserWarning: TypedStorage is deprecated. It will be removed in the future and UntypedStorage will be the only storage class. This should only matter to you if you are using storages directly.  To access UntypedStorage directly, use tensor.untyped_storage() instead of tensor.storage()
  storage = elem.storage()._new_shared(numel, device=elem.device)
/workspace/lutianyou/program/long-ENSO/trainer/utils.py:166: UserWarning: TypedStorage is deprecated. It will be removed in the future and UntypedStorage will be the only storage class. This should only matter to you if you are using storages directly.  To access UntypedStorage directly, use tensor.untyped_storage() instead of tensor.storage()
  storage = elem.storage()._new_shared(numel, device=elem.device)
/workspace/lutianyou/program/long-ENSO/trainer/utils.py:166: UserWarning: TypedStorage is deprecated. It will be removed in the future and UntypedStorage will be the only storage class. This should only matter to you if you are using storages directly.  To access UntypedStorage directly, use tensor.untyped_storage() instead of tensor.storage()
  storage = elem.storage()._new_shared(numel, device=elem.device)
/workspace/lutianyou/program/long-ENSO/trainer/utils.py:166: UserWarning: TypedStorage is deprecated. It will be removed in the future and UntypedStorage will be the only storage class. This should only matter to you if you are using storages directly.  To access UntypedStorage directly, use tensor.untyped_storage() instead of tensor.storage()
  storage = elem.storage()._new_shared(numel, device=elem.device)
/workspace/lutianyou/program/long-ENSO/trainer/utils.py:166: UserWarning: TypedStorage is deprecated. It will be removed in the future and UntypedStorage will be the only storage class. This should only matter to you if you are using storages directly.  To access UntypedStorage directly, use tensor.untyped_storage() instead of tensor.storage()
  storage = elem.storage()._new_shared(numel, device=elem.device)
/workspace/lutianyou/program/long-ENSO/trainer/utils.py:166: UserWarning: TypedStorage is deprecated. It will be removed in the future and UntypedStorage will be the only storage class. This should only matter to you if you are using storages directly.  To access UntypedStorage directly, use tensor.untyped_storage() instead of tensor.storage()
  storage = elem.storage()._new_shared(numel, device=elem.device)
/workspace/lutianyou/program/long-ENSO/trainer/utils.py:166: UserWarning: TypedStorage is deprecated. It will be removed in the future and UntypedStorage will be the only storage class. This should only matter to you if you are using storages directly.  To access UntypedStorage directly, use tensor.untyped_storage() instead of tensor.storage()
  storage = elem.storage()._new_shared(numel, device=elem.device)
/workspace/lutianyou/program/long-ENSO/trainer/utils.py:166: UserWarning: TypedStorage is deprecated. It will be removed in the future and UntypedStorage will be the only storage class. This should only matter to you if you are using storages directly.  To access UntypedStorage directly, use tensor.untyped_storage() instead of tensor.storage()
  storage = elem.storage()._new_shared(numel, device=elem.device)
/workspace/lutianyou/program/long-ENSO/trainer/utils.py:166: UserWarning: TypedStorage is deprecated. It will be removed in the future and UntypedStorage will be the only storage class. This should only matter to you if you are using storages directly.  To access UntypedStorage directly, use tensor.untyped_storage() instead of tensor.storage()
  storage = elem.storage()._new_shared(numel, device=elem.device)
/workspace/lutianyou/program/long-ENSO/trainer/utils.py:166: UserWarning: TypedStorage is deprecated. It will be removed in the future and UntypedStorage will be the only storage class. This should only matter to you if you are using storages directly.  To access UntypedStorage directly, use tensor.untyped_storage() instead of tensor.storage()
  storage = elem.storage()._new_shared(numel, device=elem.device)
/workspace/lutianyou/program/long-ENSO/trainer/utils.py:166: UserWarning: TypedStorage is deprecated. It will be removed in the future and UntypedStorage will be the only storage class. This should only matter to you if you are using storages directly.  To access UntypedStorage directly, use tensor.untyped_storage() instead of tensor.storage()
  storage = elem.storage()._new_shared(numel, device=elem.device)
/workspace/lutianyou/program/long-ENSO/trainer/utils.py:166: UserWarning: TypedStorage is deprecated. It will be removed in the future and UntypedStorage will be the only storage class. This should only matter to you if you are using storages directly.  To access UntypedStorage directly, use tensor.untyped_storage() instead of tensor.storage()
  storage = elem.storage()._new_shared(numel, device=elem.device)
/workspace/lutianyou/program/long-ENSO/trainer/utils.py:166: UserWarning: TypedStorage is deprecated. It will be removed in the future and UntypedStorage will be the only storage class. This should only matter to you if you are using storages directly.  To access UntypedStorage directly, use tensor.untyped_storage() instead of tensor.storage()
  storage = elem.storage()._new_shared(numel, device=elem.device)
/workspace/lutianyou/program/long-ENSO/trainer/utils.py:166: UserWarning: TypedStorage is deprecated. It will be removed in the future and UntypedStorage will be the only storage class. This should only matter to you if you are using storages directly.  To access UntypedStorage directly, use tensor.untyped_storage() instead of tensor.storage()
  storage = elem.storage()._new_shared(numel, device=elem.device)
/workspace/lutianyou/program/long-ENSO/trainer/utils.py:166: UserWarning: TypedStorage is deprecated. It will be removed in the future and UntypedStorage will be the only storage class. This should only matter to you if you are using storages directly.  To access UntypedStorage directly, use tensor.untyped_storage() instead of tensor.storage()
  storage = elem.storage()._new_shared(numel, device=elem.device)
/workspace/lutianyou/program/long-ENSO/trainer/utils.py:166: UserWarning: TypedStorage is deprecated. It will be removed in the future and UntypedStorage will be the only storage class. This should only matter to you if you are using storages directly.  To access UntypedStorage directly, use tensor.untyped_storage() instead of tensor.storage()
  storage = elem.storage()._new_shared(numel, device=elem.device)
/workspace/lutianyou/program/long-ENSO/trainer/utils.py:166: UserWarning: TypedStorage is deprecated. It will be removed in the future and UntypedStorage will be the only storage class. This should only matter to you if you are using storages directly.  To access UntypedStorage directly, use tensor.untyped_storage() instead of tensor.storage()
  storage = elem.storage()._new_shared(numel, device=elem.device)
/workspace/lutianyou/program/long-ENSO/trainer/utils.py:166: UserWarning: TypedStorage is deprecated. It will be removed in the future and UntypedStorage will be the only storage class. This should only matter to you if you are using storages directly.  To access UntypedStorage directly, use tensor.untyped_storage() instead of tensor.storage()
  storage = elem.storage()._new_shared(numel, device=elem.device)
/workspace/lutianyou/program/long-ENSO/trainer/utils.py:166: UserWarning: TypedStorage is deprecated. It will be removed in the future and UntypedStorage will be the only storage class. This should only matter to you if you are using storages directly.  To access UntypedStorage directly, use tensor.untyped_storage() instead of tensor.storage()
  storage = elem.storage()._new_shared(numel, device=elem.device)
/workspace/lutianyou/program/long-ENSO/trainer/utils.py:166: UserWarning: TypedStorage is deprecated. It will be removed in the future and UntypedStorage will be the only storage class. This should only matter to you if you are using storages directly.  To access UntypedStorage directly, use tensor.untyped_storage() instead of tensor.storage()
  storage = elem.storage()._new_shared(numel, device=elem.device)
/workspace/lutianyou/program/long-ENSO/trainer/utils.py:166: UserWarning: TypedStorage is deprecated. It will be removed in the future and UntypedStorage will be the only storage class. This should only matter to you if you are using storages directly.  To access UntypedStorage directly, use tensor.untyped_storage() instead of tensor.storage()
  storage = elem.storage()._new_shared(numel, device=elem.device)
/workspace/lutianyou/program/long-ENSO/trainer/utils.py:166: UserWarning: TypedStorage is deprecated. It will be removed in the future and UntypedStorage will be the only storage class. This should only matter to you if you are using storages directly.  To access UntypedStorage directly, use tensor.untyped_storage() instead of tensor.storage()
  storage = elem.storage()._new_shared(numel, device=elem.device)
/workspace/lutianyou/program/long-ENSO/trainer/utils.py:166: UserWarning: TypedStorage is deprecated. It will be removed in the future and UntypedStorage will be the only storage class. This should only matter to you if you are using storages directly.  To access UntypedStorage directly, use tensor.untyped_storage() instead of tensor.storage()
  storage = elem.storage()._new_shared(numel, device=elem.device)
/workspace/lutianyou/program/long-ENSO/trainer/utils.py:166: UserWarning: TypedStorage is deprecated. It will be removed in the future and UntypedStorage will be the only storage class. This should only matter to you if you are using storages directly.  To access UntypedStorage directly, use tensor.untyped_storage() instead of tensor.storage()
  storage = elem.storage()._new_shared(numel, device=elem.device)
/workspace/lutianyou/program/long-ENSO/trainer/utils.py:166: UserWarning: TypedStorage is deprecated. It will be removed in the future and UntypedStorage will be the only storage class. This should only matter to you if you are using storages directly.  To access UntypedStorage directly, use tensor.untyped_storage() instead of tensor.storage()
  storage = elem.storage()._new_shared(numel, device=elem.device)
/workspace/lutianyou/program/long-ENSO/trainer/utils.py:166: UserWarning: TypedStorage is deprecated. It will be removed in the future and UntypedStorage will be the only storage class. This should only matter to you if you are using storages directly.  To access UntypedStorage directly, use tensor.untyped_storage() instead of tensor.storage()
  storage = elem.storage()._new_shared(numel, device=elem.device)
/workspace/lutianyou/program/long-ENSO/trainer/utils.py:166: UserWarning: TypedStorage is deprecated. It will be removed in the future and UntypedStorage will be the only storage class. This should only matter to you if you are using storages directly.  To access UntypedStorage directly, use tensor.untyped_storage() instead of tensor.storage()
  storage = elem.storage()._new_shared(numel, device=elem.device)
/workspace/lutianyou/program/long-ENSO/trainer/utils.py:166: UserWarning: TypedStorage is deprecated. It will be removed in the future and UntypedStorage will be the only storage class. This should only matter to you if you are using storages directly.  To access UntypedStorage directly, use tensor.untyped_storage() instead of tensor.storage()
  storage = elem.storage()._new_shared(numel, device=elem.device)
/workspace/lutianyou/program/long-ENSO/trainer/utils.py:166: UserWarning: TypedStorage is deprecated. It will be removed in the future and UntypedStorage will be the only storage class. This should only matter to you if you are using storages directly.  To access UntypedStorage directly, use tensor.untyped_storage() instead of tensor.storage()
  storage = elem.storage()._new_shared(numel, device=elem.device)
/workspace/lutianyou/program/long-ENSO/trainer/utils.py:166: UserWarning: TypedStorage is deprecated. It will be removed in the future and UntypedStorage will be the only storage class. This should only matter to you if you are using storages directly.  To access UntypedStorage directly, use tensor.untyped_storage() instead of tensor.storage()
  storage = elem.storage()._new_shared(numel, device=elem.device)
/workspace/lutianyou/program/long-ENSO/trainer/utils.py:166: UserWarning: TypedStorage is deprecated. It will be removed in the future and UntypedStorage will be the only storage class. This should only matter to you if you are using storages directly.  To access UntypedStorage directly, use tensor.untyped_storage() instead of tensor.storage()
  storage = elem.storage()._new_shared(numel, device=elem.device)
/workspace/lutianyou/program/long-ENSO/trainer/utils.py:166: UserWarning: TypedStorage is deprecated. It will be removed in the future and UntypedStorage will be the only storage class. This should only matter to you if you are using storages directly.  To access UntypedStorage directly, use tensor.untyped_storage() instead of tensor.storage()
  storage = elem.storage()._new_shared(numel, device=elem.device)
/workspace/lutianyou/program/long-ENSO/trainer/utils.py:166: UserWarning: TypedStorage is deprecated. It will be removed in the future and UntypedStorage will be the only storage class. This should only matter to you if you are using storages directly.  To access UntypedStorage directly, use tensor.untyped_storage() instead of tensor.storage()
  storage = elem.storage()._new_shared(numel, device=elem.device)
/workspace/lutianyou/program/long-ENSO/trainer/utils.py:166: UserWarning: TypedStorage is deprecated. It will be removed in the future and UntypedStorage will be the only storage class. This should only matter to you if you are using storages directly.  To access UntypedStorage directly, use tensor.untyped_storage() instead of tensor.storage()
  storage = elem.storage()._new_shared(numel, device=elem.device)
/workspace/lutianyou/program/long-ENSO/trainer/utils.py:166: UserWarning: TypedStorage is deprecated. It will be removed in the future and UntypedStorage will be the only storage class. This should only matter to you if you are using storages directly.  To access UntypedStorage directly, use tensor.untyped_storage() instead of tensor.storage()
  storage = elem.storage()._new_shared(numel, device=elem.device)
/workspace/lutianyou/program/long-ENSO/trainer/utils.py:166: UserWarning: TypedStorage is deprecated. It will be removed in the future and UntypedStorage will be the only storage class. This should only matter to you if you are using storages directly.  To access UntypedStorage directly, use tensor.untyped_storage() instead of tensor.storage()
  storage = elem.storage()._new_shared(numel, device=elem.device)
/workspace/lutianyou/program/long-ENSO/trainer/utils.py:166: UserWarning: TypedStorage is deprecated. It will be removed in the future and UntypedStorage will be the only storage class. This should only matter to you if you are using storages directly.  To access UntypedStorage directly, use tensor.untyped_storage() instead of tensor.storage()
  storage = elem.storage()._new_shared(numel, device=elem.device)
/workspace/lutianyou/program/long-ENSO/trainer/utils.py:166: UserWarning: TypedStorage is deprecated. It will be removed in the future and UntypedStorage will be the only storage class. This should only matter to you if you are using storages directly.  To access UntypedStorage directly, use tensor.untyped_storage() instead of tensor.storage()
  storage = elem.storage()._new_shared(numel, device=elem.device)
/workspace/lutianyou/program/long-ENSO/trainer/utils.py:166: UserWarning: TypedStorage is deprecated. It will be removed in the future and UntypedStorage will be the only storage class. This should only matter to you if you are using storages directly.  To access UntypedStorage directly, use tensor.untyped_storage() instead of tensor.storage()
  storage = elem.storage()._new_shared(numel, device=elem.device)
lead: 2
pred mean: -0.007147570140659809
lead: 1
pred mean: -0.010328473523259163
lead: 1
pred mean: -0.013786058872938156
lead: 5
pred mean: -0.005159749183803797
lead: 4
pred mean: -0.015437937341630459
lead: 0
pred mean: -0.010981995612382889
lead: 5
pred mean: -0.01169562991708517
lead: 1
pred mean: -0.012994222342967987
  0%|          | 1/1855 [00:05<2:50:49,  5.53s/it]lead: 0
pred mean: -0.015216438099741936
lead: 3
pred mean: -0.009107773192226887
lead: 2
pred mean: -0.007282002829015255
lead: 5
pred mean: -0.007489492185413837
lead: 4
pred mean: -0.014149925671517849
lead: 3
pred mean: -0.012813246808946133
lead: 5
pred mean: -0.008462139405310154
lead: 0
pred mean: -0.014525369741022587
  0%|          | 2/1855 [00:06<1:32:35,  3.00s/it]lead: 4
pred mean: -0.014554976485669613
lead: 1
pred mean: -0.004895483143627644
lead: 3
pred mean: -0.01421303115785122
lead: 5
pred mean: -0.009500869549810886
lead: 3
pred mean: -0.009998811408877373
lead: 3
pred mean: -0.010945598594844341
lead: 3
pred mean: -0.012664376758038998
lead: 0
pred mean: -0.011602410115301609
  0%|          | 3/1855 [00:07<1:07:21,  2.18s/it]lead: 1
pred mean: -0.008084026165306568
lead: 1
lead:pred mean:  2
-0.0016907695680856705
pred mean: -0.005474246572703123
lead: 3
pred mean: -0.007194119971245527
lead: 4
pred mean: -0.010280503891408443
lead: 2
pred mean: -0.004443963523954153
lead: 5
pred mean: -0.007169798016548157
lead: 0
pred mean: -0.007271762005984783
  0%|          | 4/1855 [00:09<55:32,  1.80s/it]  lead: 0
pred mean: -0.00747880432754755
lead: 3
pred mean: -0.005083885043859482
lead: 4
lead: 3
pred mean: -0.004692243877798319
pred mean: -0.001109282486140728
lead: 0
pred mean: -0.0029240516014397144
lead: 0
pred mean: -0.0016027790261432528
lead: 5
pred mean: -0.0021114295814186335
lead: 0
pred mean: -0.0038768332451581955
  0%|          | 5/1855 [00:10<48:45,  1.58s/it]                                                {'loss': 18.8669, 'learning_rate': 5.376344086021506e-06, 'epoch': 0.01}
  0%|          | 5/1855 [00:10<48:45,  1.58s/it]lead: 5
pred mean: 0.004987725522369146
lead: 3
pred mean: 0.0014230937231332064
lead: 1
pred mean: 0.00048666464863345027
lead: 3
pred mean: 0.0019137186463922262
lead: 4
lead: 3
pred mean: 0.00347416615113616
pred mean: 0.004116925410926342
lead: 3
pred mean: 0.0043671331368386745
lead: 0
pred mean: 0.0055334302596747875
  0%|          | 6/1855 [00:11<44:51,  1.46s/it]lead: 0
pred mean: 0.01039575133472681
lead: 0
pred mean: 0.014601800590753555
lead: 5
pred mean: 0.015183087438344955
lead: 3
pred mean: 0.012864136137068272
lead: 2
pred mean: 0.01119956374168396
lead: 3
pred mean: 0.014158273115754128
lead: 5
pred mean: 0.015108760446310043
lead: 0
pred mean: 0.014324490912258625
  0%|          | 7/1855 [00:12<42:19,  1.37s/it]lead: 0
pred mean: 0.016029205173254013
lead: 4
pred mean: 0.01741424761712551
lead: 4
pred mean: 0.017352286726236343
lead: 3
pred mean: 0.01656205765902996
lead: 4
pred mean: 0.016762971878051758
lead: 5
pred mean: 0.02050478756427765
lead: 5
pred mean: 0.019567852839827538
lead: 1
pred mean: 0.02065429650247097
  0%|          | 8/1855 [00:13<40:21,  1.31s/it]lead: 1
pred mean: 0.025191692635416985
lead: 1
pred mean: 0.028197532519698143
lead: 5
pred mean: 0.03149745240807533
lead: 0
pred mean: 0.028532909229397774
lead: 4
pred mean: 0.025289902463555336
lead: 2
lead:pred mean:  20.031794145703315735

pred mean: 0.029918430373072624
lead: 2
pred mean: 0.029744386672973633
  0%|          | 9/1855 [00:15<38:48,  1.26s/it]lead: 1
pred mean: 0.04023880511522293
lead: 2
pred mean: 0.04175641015172005
lead: 2
pred mean: 0.041588377207517624
lead: 0
pred mean: 0.040023814886808395
lead: 1
pred mean: 0.03906945139169693
lead: 1
pred mean: 0.04082030430436134
lead: 3
pred mean: 0.03841714560985565
lead: 3
pred mean: 0.04096345975995064
  1%|          | 10/1855 [00:16<37:59,  1.24s/it]                                                 {'loss': 18.8272, 'learning_rate': 1.0752688172043012e-05, 'epoch': 0.03}
  1%|          | 10/1855 [00:16<37:59,  1.24s/it]lead: 4
pred mean: 0.044466279447078705
lead: 4
pred mean: 0.04686569795012474
lead: 1
pred mean: 0.04973161593079567
lead: 2
pred mean: 0.05039961263537407
lead: 5
pred mean: 0.05015713348984718
lead: 0
pred mean: 0.048292167484760284
lead: 5
pred mean: 0.04647298902273178
lead: 0
pred mean: 0.04983946681022644
  1%|          | 11/1855 [00:17<37:32,  1.22s/it]lead: 3
pred mean: 0.05983191728591919
lead: 5
pred mean: 0.05593574047088623
lead: 3
pred mean: 0.05712316557765007
lead: 1
pred mean: 0.05270085111260414
lead: 1
pred mean: 0.0536947101354599
lead: 5
pred mean: 0.05467671528458595
lead: 4
pred mean: 0.05882620811462402
lead: 4
pred mean: 0.059204623103141785
  1%|          | 12/1855 [00:18<37:19,  1.22s/it]lead: 0
pred mean: 0.06512636691331863
lead: 5
pred mean: 0.06646367162466049
lead: 1
pred mean: 0.06549979746341705
lead: 1
pred mean: 0.06624384224414825
lead: 5
lead:pred mean:  40.06801970303058624

pred mean: 0.06796320527791977
lead: 3
pred mean: 0.06628885865211487
lead: 0
pred mean: 0.06819159537553787
  1%|          | 13/1855 [00:19<36:58,  1.20s/it]lead: 2
pred mean: 0.07940369099378586
lead: 4
pred mean: 0.07872078567743301
lead: 3
pred mean: 0.07822886109352112
lead: 5
pred mean: 0.07692589610815048
lead: 4
pred mean: 0.07939525693655014
lead: 4
pred mean: 0.07599002867937088
lead: 1
pred mean: 0.07681155204772949
lead: 5
pred mean: 0.07691333442926407
  1%|          | 14/1855 [00:21<36:48,  1.20s/it]lead: 4
pred mean: 0.08333080261945724
lead: 4
pred mean: 0.08361348509788513
lead: 5
pred mean: 0.08816809207201004
lead: 4
pred mean: 0.08572734892368317
lead: 2
pred mean: 0.08363165706396103
lead: 5
pred mean: 0.08802571147680283
lead: 0
pred mean: 0.08517038822174072
lead: 1
pred mean: 0.08670404553413391
  1%|          | 15/1855 [00:22<36:41,  1.20s/it]                                                 {'loss': 18.7658, 'learning_rate': 1.6129032258064517e-05, 'epoch': 0.04}
  1%|          | 15/1855 [00:22<36:41,  1.20s/it]lead: 4
pred mean: 0.09527536481618881
lead: 4
pred mean: 0.09343515336513519
lead: 1
pred mean: 0.09567295014858246
lead:lead:  4
2
pred mean: pred mean:0.09451881051063538 
0.09448587894439697
lead: 3
pred mean: 0.0978679284453392
lead: 5
pred mean: 0.09754832088947296
lead: 2
pred mean: 0.09419629722833633
  1%|          | 16/1855 [00:23<37:00,  1.21s/it]lead: 5
pred mean: 0.10449790954589844
lead: 5
pred mean: 0.10751327872276306
lead: 3
pred mean: 0.10561751574277878
lead: 2
pred mean: 0.10462447255849838
lead: 2
pred mean: 0.1047184094786644
lead: 5
pred mean: 0.1060781478881836
lead: 0
pred mean: 0.1059698536992073
lead: 2
pred mean: 0.10636911541223526
  1%|          | 17/1855 [00:24<36:42,  1.20s/it]lead: 0
pred mean: 0.11531615257263184
lead: 3
pred mean: 0.12002317607402802
lead: 2
pred mean: 0.1178862676024437
lead: 5
pred mean: 0.11670536547899246
lead: 0
pred mean: 0.11379986256361008
lead: 1
pred mean: 0.11512181162834167
lead: 3
pred mean: 0.11535152047872543
lead: 1
pred mean: 0.11567404121160507
  1%|          | 18/1855 [00:25<36:27,  1.19s/it]lead: 2
pred mean: 0.12515541911125183
lead: 0
pred mean: 0.12353088706731796
lead: 4
pred mean: 0.1254090666770935
lead: 2
pred mean: 0.12517257034778595
lead: 4
pred mean: 0.12557128071784973
lead: 5
pred mean: 0.12582141160964966
lead: 3
pred mean: 0.12522906064987183
lead: 1
pred mean: 0.12554222345352173
  1%|          | 19/1855 [00:27<36:31,  1.19s/it]lead: 5
pred mean: 0.13688606023788452
lead: 4
pred mean: 0.13603994250297546
lead: 4
pred mean: 0.136422798037529
lead: 5
pred mean: 0.13642823696136475
lead: 4
pred mean: 0.1351877599954605
lead: 4
pred mean: 0.1334102898836136
lead: 4
pred mean: 0.13548333942890167
lead: 4
pred mean: 0.13431423902511597
  1%|          | 20/1855 [00:28<36:19,  1.19s/it]                                                 {'loss': 18.7053, 'learning_rate': 2.1505376344086024e-05, 'epoch': 0.05}
  1%|          | 20/1855 [00:28<36:19,  1.19s/it]lead: 2
pred mean: 0.14428912103176117
lead: 1
pred mean: 0.14234144985675812
lead: 0
pred mean: 0.14472433924674988
lead: 4
lead: 4
pred mean: 0.14594408869743347
pred mean: 0.14383737742900848
lead: 5
pred mean: 0.14621543884277344
lead: 1
pred mean: 0.14300861954689026
lead: 0
pred mean: 0.14454390108585358
  1%|          | 21/1855 [00:29<36:28,  1.19s/it]lead: 0
pred mean: 0.1578393280506134
lead: 4
pred mean: 0.15785594284534454
lead: 0
pred mean: 0.15572161972522736
lead: 0
pred mean: 0.1592356264591217
lead: 3
pred mean: 0.15879502892494202
lead: 3
pred mean: 0.1564924120903015
lead: 4
lead:pred mean:  50.15815313160419464

pred mean: 0.15738070011138916
  1%|          | 22/1855 [00:30<36:22,  1.19s/it]lead: 1
pred mean: 0.1592990607023239
lead: 5
pred mean: 0.16505984961986542
lead: 2
pred mean: 0.1617194265127182
lead: 1
pred mean: 0.16128922998905182
lead: 4
pred mean: 0.1618300974369049
lead: 1
pred mean: 0.1617334932088852
lead: 4
pred mean: 0.16426673531532288
lead: 2
pred mean: 0.16451844573020935
  1%|          | 23/1855 [00:31<36:14,  1.19s/it]lead: 2
pred mean: 0.17658202350139618
lead: 2
pred mean: 0.17459949851036072
lead: 2
pred mean: 0.17241275310516357
lead: 4
pred mean: 0.17421767115592957
lead: 3
pred mean: 0.17509625852108002
lead: lead:1 
0
pred mean:pred mean:  0.171637490391731260.17644038796424866

lead: 5
pred mean: 0.17665082216262817
  1%|▏         | 24/1855 [00:32<36:10,  1.19s/it]lead: 2
pred mean: 0.18117281794548035
lead: 5
pred mean: 0.18205851316452026
lead: 0
pred mean: 0.18373294174671173
lead: 2
pred mean: 0.18374799191951752
lead: 3
pred mean: 0.18443885445594788
lead: 0
lead: 4
pred mean: 0.18558675050735474
pred mean: 0.1846424639225006
lead: 2
pred mean: 0.18261387944221497
  1%|▏         | 25/1855 [00:34<36:06,  1.18s/it]                                                 {'loss': 18.6446, 'learning_rate': 2.6881720430107527e-05, 'epoch': 0.07}
  1%|▏         | 25/1855 [00:34<36:06,  1.18s/it]lead: 0
pred mean: 0.19684889912605286
lead: 5
pred mean: 0.19455215334892273
lead: 5
pred mean: 0.19503827393054962
lead: 3
pred mean: 0.19492581486701965
lead: 3
pred mean: 0.19797740876674652
lead: 5
pred mean: 0.1955018788576126
lead: 3
pred mean: 0.1961037963628769
lead: 0
pred mean: 0.19464853405952454
  1%|▏         | 26/1855 [00:35<36:01,  1.18s/it]lead: 5
pred mean: 0.2063196450471878
lead: 0
pred mean: 0.20476873219013214
lead: 0
pred mean: 0.20489853620529175
lead: 1
lead: 3
pred mean: 0.204692080616951
pred mean: 0.20303012430667877
lead: 5
pred mean: 0.203663170337677
lead: 2
pred mean: 0.2009393572807312
lead: 0
pred mean: 0.20337505638599396
  1%|▏         | 27/1855 [00:36<35:58,  1.18s/it]lead: 1
pred mean: 0.20682284235954285
lead: 3
pred mean: 0.21319836378097534
lead: 4
lead: 1
pred mean: 0.20972506701946259
pred mean: 0.20760345458984375
lead: 0
pred mean: 0.21249860525131226
lead: 3
pred mean: 0.20944643020629883
lead: 0
pred mean: 0.20857654511928558
lead: 4
pred mean: 0.20733150839805603
  2%|▏         | 28/1855 [00:37<35:40,  1.17s/it]lead: 5
pred mean: 0.21914350986480713
lead: 4
pred mean: 0.21859228610992432
lead: 0
pred mean: 0.21746283769607544
lead: 1
pred mean: 0.2210182249546051
lead: 1
pred mean: 0.21948209404945374
lead: 3
lead: 3
pred mean: 0.22338837385177612
pred mean: 0.2223309725522995
lead: 5
pred mean: 0.22086338698863983
  2%|▏         | 29/1855 [00:38<35:44,  1.17s/it]lead: 4
pred mean: 0.22882771492004395
lead: 3
pred mean: 0.22786933183670044
lead: 4
pred mean: 0.2292967140674591
lead: 0
pred mean: 0.22943545877933502
lead: 0
lead: 0
pred mean: 0.2276861071586609
pred mean: 0.226192444562912
lead: 2
pred mean: 0.22897163033485413
lead: 1
pred mean: 0.22921927273273468
  2%|▏         | 30/1855 [00:40<35:53,  1.18s/it]                                                 {'loss': 18.5899, 'learning_rate': 3.2258064516129034e-05, 'epoch': 0.08}
  2%|▏         | 30/1855 [00:40<35:53,  1.18s/it]lead: 0
pred mean: 0.23795683681964874
lead:lead:  41

pred mean:pred mean:  0.231967821717262270.2336495816707611

lead: 2
pred mean: 0.23290634155273438
lead: 2
pred mean: 0.2335534542798996
lead: 2
lead: 3
pred mean: 0.2367973029613495
pred mean: 0.23397314548492432
lead: 0
pred mean: 0.23782995343208313
  2%|▏         | 31/1855 [00:41<36:04,  1.19s/it]lead: 3
pred mean: 0.24367240071296692
lead: 1
pred mean: 0.24170050024986267
lead: 0
pred mean: 0.241002157330513
lead: 2
pred mean: 0.2411455363035202
lead: 2
pred mean: 0.2411765307188034
lead: 1
pred mean: 0.2425316721200943
lead: 1
pred mean: 0.24019405245780945
lead: 2
pred mean: 0.24038560688495636
  2%|▏         | 32/1855 [00:42<35:59,  1.18s/it]lead: 3
pred mean: 0.2467309534549713
lead: 5
pred mean: 0.24549151957035065
lead: 2
pred mean: 0.2434057891368866
lead: 0
pred mean: 0.24645598232746124
lead: 4
pred mean: 0.2456505447626114
lead: 4
pred mean: 0.2470451444387436
lead: 5
pred mean: 0.24869300425052643
lead: 3
pred mean: 0.24741406738758087
  2%|▏         | 33/1855 [00:43<35:58,  1.18s/it]lead: 5
pred mean: 0.2551422715187073
lead: 1
pred mean: 0.2534366548061371
lead: 3
pred mean: 0.25784772634506226
lead: 3
pred mean: 0.2573802173137665
lead: 2
pred mean:lead:  0.25208052992820741

lead: 4
pred mean: 0.2555880546569824
pred mean: 0.25292325019836426
lead: 0
pred mean: 0.2547910511493683
  2%|▏         | 34/1855 [00:44<35:53,  1.18s/it]lead: 5
pred mean: 0.26184672117233276
lead: 3
pred mean: 0.25993654131889343
lead: 5
pred mean: 0.2602636516094208
lead: 0lead:
 0
pred mean:pred mean:  0.260373234748840330.2574135661125183

lead: 4
pred mean: 0.2624126076698303
lead: 5
pred mean: 0.2603227496147156
lead: 1
pred mean: 0.26034975051879883
  2%|▏         | 35/1855 [00:45<36:04,  1.19s/it]                                                 {'loss': 18.5429, 'learning_rate': 3.763440860215054e-05, 'epoch': 0.09}
  2%|▏         | 35/1855 [00:45<36:04,  1.19s/it]lead: 4
pred mean: 0.2662677466869354
lead: 2
pred mean: 0.2663807272911072
lead: 3
pred mean: 0.27063941955566406
lead: 1
pred mean: 0.26674652099609375
lead: 4
pred mean: 0.265954852104187
lead: 0
pred mean: 0.2662869095802307
lead: 0
pred mean: 0.26943743228912354
lead: 4
pred mean: 0.26701706647872925
  2%|▏         | 36/1855 [00:47<36:25,  1.20s/it]lead: 5
pred mean: 0.27353429794311523
lead: 4
pred mean: 0.27544230222702026
lead: 0
pred mean: 0.2731517255306244
lead: 2
pred mean: 0.2743605077266693
lead: 4
pred mean: 0.2752813696861267
lead: 4
pred mean: 0.2708204388618469
lead: 5
pred mean: 0.27571287751197815
lead: 5
pred mean: 0.2742314338684082
  2%|▏         | 37/1855 [00:48<36:38,  1.21s/it]lead: 1
pred mean: 0.27415207028388977
lead: 5
pred mean: 0.2792062759399414
lead: 5
pred mean: 0.2791011333465576
lead: 3
pred mean: 0.2800433337688446
lead: 0
pred mean: 0.2795952260494232
lead: 1
pred mean: 0.27644792199134827
lead: 1
pred mean: 0.27691641449928284
lead: 0
pred mean: 0.2766668498516083
  2%|▏         | 38/1855 [00:49<36:23,  1.20s/it]lead: 2
pred mean: 0.28090614080429077
lead: 5
pred mean: 0.284414142370224
lead: 3
pred mean: 0.28350403904914856
lead: 4
pred mean: 0.2838551998138428
lead: 0
pred mean: 0.28558921813964844
lead: 2
pred mean: 0.28078973293304443
lead: 1
pred mean: 0.2811328172683716
lead: 3
pred mean: 0.28366824984550476
  2%|▏         | 39/1855 [00:50<36:01,  1.19s/it]lead: 4
pred mean: 0.28891879320144653
lead: 1
pred mean: 0.2887147068977356
lead: 5
pred mean: 0.290107399225235
lead: 1
pred mean: 0.28749582171440125
lead: 0
pred mean: 0.28890442848205566
lead: 3
pred mean: 0.2892797887325287
lead: 2
pred mean: 0.28708362579345703
lead: 0
pred mean: 0.2891503572463989
  2%|▏         | 40/1855 [00:51<35:47,  1.18s/it]                                                 {'loss': 18.5008, 'learning_rate': 4.301075268817205e-05, 'epoch': 0.11}
  2%|▏         | 40/1855 [00:51<35:47,  1.18s/it]lead: 4
pred mean: 0.29205453395843506
lead: 4
pred mean: 0.29364120960235596
lead: 5
pred mean: 0.2935573160648346
lead: 2
pred mean: 0.2908758819103241
lead: 2
pred mean: 0.29350560903549194
lead: 1
pred mean: 0.29257121682167053
lead: 0
lead:pred mean:  40.2921935021877289

pred mean: 0.2919861376285553
  2%|▏         | 41/1855 [00:53<35:48,  1.18s/it]lead: 3
pred mean: 0.2963397204875946
lead: 0
pred mean: 0.2978684902191162
lead: 2
pred mean: 0.29650136828422546
lead: 2
pred mean: 0.29583656787872314
lead: 0
pred mean: 0.2984866201877594
lead: 5
pred mean: 0.29839393496513367
lead: 5
pred mean: 0.296794056892395
lead: 0
pred mean: 0.29671710729599
  2%|▏         | 42/1855 [00:54<35:49,  1.19s/it]lead: 1
pred mean: 0.29960256814956665
lead: 0
pred mean: 0.29939600825309753
lead: 4
pred mean: 0.29885920882225037
lead: 0
lead:pred mean:  40.30043742060661316

pred mean: 0.30058997869491577
lead: 2
pred mean: 0.29865550994873047
lead: 1
pred mean: 0.3012820780277252
lead: 4
pred mean: 0.2991296648979187
  2%|▏         | 43/1855 [00:55<35:51,  1.19s/it]lead: 0
pred mean: 0.3017750680446625
lead: 2
pred mean: 0.30405235290527344
lead: 4
pred mean: 0.3053918182849884
lead: 0
pred mean: 0.30305758118629456
lead: 1
pred mean: 0.30513980984687805
lead: 4
pred mean: 0.3054608702659607
lead: 5
pred mean: 0.30415329337120056
lead: 3
pred mean: 0.30542412400245667
  2%|▏         | 44/1855 [00:56<35:48,  1.19s/it]lead: 4
pred mean: 0.3067207634449005
lead: 1
pred mean: 0.3060700297355652
lead: 1
pred mean: 0.30615606904029846
lead: 2
pred mean: 0.30870601534843445
lead: 0
pred mean: 0.3088211417198181
lead: 3
pred mean: 0.3070591986179352
lead: 2
pred mean: 0.30721765756607056
lead: 0
pred mean: 0.30621829628944397
  2%|▏         | 45/1855 [00:57<35:50,  1.19s/it]                                                 {'loss': 18.4784, 'learning_rate': 4.8387096774193554e-05, 'epoch': 0.12}
  2%|▏         | 45/1855 [00:57<35:50,  1.19s/it]lead: 2
pred mean: 0.31006380915641785
lead: 1
pred mean: 0.3103448748588562
lead: 0
lead: 5
pred mean: 0.3116230070590973
pred mean: 0.3130232095718384
lead: 5
pred mean: 0.31241950392723083
lead: 0
pred mean: 0.3123398423194885
lead: 1
pred mean: 0.31010758876800537
lead: 1
pred mean: 0.31006813049316406
  2%|▏         | 46/1855 [00:59<37:13,  1.23s/it]lead: 0
pred mean: 0.313709020614624
lead: 5
pred mean: 0.3149326741695404
lead: 1
pred mean: 0.3128497302532196
lead: 2
pred mean: 0.3131895661354065
lead: 3
pred mean: 0.3144400417804718
lead: 3
pred mean: 0.315236896276474
lead: 1
pred mean: 0.31460869312286377
lead: 2
pred mean: 0.3138929307460785
  3%|▎         | 47/1855 [01:00<36:40,  1.22s/it]lead: 4
pred mean: 0.31542497873306274
lead: 5
lead: 4
pred mean: 0.3174145817756653
pred mean: 0.31757763028144836
lead: 0
pred mean: 0.3153183162212372
lead: 2
pred mean: 0.31555336713790894
lead: 4
pred mean: 0.3168315589427948
lead: 5
pred mean: 0.31681203842163086
lead: 0
pred mean: 0.3169240355491638
  3%|▎         | 48/1855 [01:01<36:26,  1.21s/it]lead: 0
pred mean: 0.31910455226898193
lead: 4
pred mean: 0.31967079639434814
lead: 2
pred mean: 0.318438321352005
lead: 2
lead: 3
pred mean: 0.3186456263065338
pred mean: 0.31929364800453186
lead: 3
pred mean: 0.3198341131210327
lead: 5
pred mean: 0.3195328116416931
lead: 1
pred mean: 0.31908106803894043
  3%|▎         | 49/1855 [01:02<36:15,  1.20s/it]lead: 2
pred mean: 0.3198530972003937
lead: 4
pred mean: 0.3222596049308777
lead:lead:  3
3
pred mean:pred mean:  0.321062207221984860.322562575340271

lead: 0
pred mean: 0.3208620846271515
lead: 1
pred mean: 0.3214868903160095
lead: 1
pred mean: 0.32141467928886414
lead: 4
pred mean: 0.32102569937705994
  3%|▎         | 50/1855 [01:03<36:01,  1.20s/it]                                                 {'loss': 18.4562, 'learning_rate': 5.3763440860215054e-05, 'epoch': 0.13}
  3%|▎         | 50/1855 [01:03<36:01,  1.20s/it]lead: 0
pred mean: 0.3234045207500458
lead: 2
pred mean: 0.322493314743042
lead: 0
pred mean: 0.32512420415878296
lead: 1
pred mean: 0.3248540461063385
lead: 5
pred mean: 0.3246166706085205
lead: 3
pred mean: 0.3253864347934723
lead: 2
lead: 3
pred mean: 0.3243563771247864
pred mean: 0.32514452934265137
  3%|▎         | 51/1855 [01:05<35:51,  1.19s/it]lead: 1
pred mean: 0.3257051408290863
lead: 5
pred mean: 0.32596921920776367
lead: 5
pred mean: 0.32540443539619446
lead: 2
pred mean: 0.32692182064056396
lead: 4
pred mean: 0.32729053497314453
lead: 0
pred mean: 0.32597291469573975
lead: 0
pred mean: 0.32655322551727295
lead: 3
pred mean: 0.3272247314453125
  3%|▎         | 52/1855 [01:06<35:40,  1.19s/it]lead: 5
pred mean: 0.3295081555843353
lead: 0
pred mean: 0.3285413980484009
lead: 5
pred mean: 0.3275466859340668
lead: 0
pred mean: 0.32851168513298035
lead: 2
pred mean: 0.32759201526641846
lead: 5
pred mean: 0.32728487253189087
lead: 3
pred mean: 0.32790741324424744
lead: 0
pred mean: 0.3275035619735718
  3%|▎         | 53/1855 [01:07<35:46,  1.19s/it]lead: 5
pred mean: 0.3326154053211212
lead: 0
pred mean: 0.329853355884552
lead: 4
pred mean: 0.33048591017723083
lead: 5
pred mean: 0.3315601348876953
lead: 3
pred mean: 0.33112284541130066
lead: 5
pred mean: 0.33022570610046387
lead: 3
pred mean: 0.331210196018219
lead: 3
pred mean: 0.3300067186355591
  3%|▎         | 54/1855 [01:08<35:41,  1.19s/it]lead: 3
pred mean: 0.3348677158355713
lead: 5
pred mean: 0.3330431282520294
lead: 1
pred mean: 0.332709938287735
lead: 1
pred mean: 0.33210232853889465
lead: 5
pred mean: 0.3329979479312897
lead: 2
pred mean: 0.3329206705093384
lead: 4
pred mean: 0.33237534761428833
lead: 0
pred mean: 0.3325252830982208
  3%|▎         | 55/1855 [01:09<35:31,  1.18s/it]                                                 {'loss': 18.4391, 'learning_rate': 5.913978494623657e-05, 'epoch': 0.15}
  3%|▎         | 55/1855 [01:09<35:31,  1.18s/it]lead: 5
pred mean: 0.33717256784439087
lead: 3
lead: 3
pred mean: 0.3359007239341736
pred mean: 0.3363678455352783
lead: 3
pred mean: 0.336565226316452
lead: 2
pred mean: 0.335885614156723
lead: 4
pred mean: 0.33543524146080017
lead: 2
pred mean: 0.33501550555229187
lead: 1
pred mean: 0.33599215745925903
  3%|▎         | 56/1855 [01:11<35:35,  1.19s/it]lead: 3
pred mean: 0.3385118246078491
lead: 3
pred mean: 0.33861178159713745
lead: 1
pred mean: 0.3372265696525574
lead: 5
pred mean: 0.33936408162117004
lead: 3
pred mean: 0.3379249572753906
lead: 0lead:
 3
pred mean: pred mean:0.33697980642318726 
0.3379906117916107
lead: 5
pred mean: 0.3380638062953949
  3%|▎         | 57/1855 [01:12<35:35,  1.19s/it]lead: 1
pred mean: 0.3391062915325165
lead: 1
pred mean: 0.34101852774620056
lead: 1
pred mean: 0.33896973729133606
lead: 0
pred mean: 0.338455468416214
lead: 1
pred mean: 0.33940333127975464
lead: 0
pred mean: 0.3402167558670044
lead: 0
pred mean: 0.34002426266670227
lead: 4
pred mean: 0.33794400095939636
  3%|▎         | 58/1855 [01:13<35:33,  1.19s/it]lead: 1
pred mean: 0.3411704897880554
lead: 1
pred mean: 0.34099212288856506
lead: 5
pred mean: 0.3427450358867645
lead: 4
pred mean: 0.3416699767112732
lead: 2
pred mean: 0.3411983251571655
lead: 1
pred mean: 0.34143707156181335
lead: 3
pred mean: 0.3411197066307068
lead: 1
pred mean: 0.3419572114944458
  3%|▎         | 59/1855 [01:14<35:34,  1.19s/it]lead: 5
pred mean: 0.3442051112651825
lead: 1
pred mean: 0.3433842360973358
lead: 4
pred mean: 0.34353697299957275
lead: 0
pred mean: 0.34352219104766846
lead: 4
pred mean: 0.34385672211647034
lead: 4
pred mean: 0.3441990315914154
lead: 2
pred mean: 0.3437083959579468
lead: 1
pred mean: 0.34417039155960083
  3%|▎         | 60/1855 [01:15<35:37,  1.19s/it]                                                 {'loss': 18.4228, 'learning_rate': 6.451612903225807e-05, 'epoch': 0.16}
  3%|▎         | 60/1855 [01:15<35:37,  1.19s/it]lead: 3
pred mean: 0.3466084599494934
lead: 3
pred mean: 0.3465062975883484
lead: 4
pred mean: 0.34544849395751953
lead: 4
pred mean: 0.34549808502197266
lead: 2
pred mean: 0.3455289304256439
lead: 4
pred mean: 0.34670084714889526
lead: 2
pred mean: 0.3462698757648468
lead: 4
pred mean: 0.3451952636241913
  3%|▎         | 61/1855 [01:17<35:34,  1.19s/it]lead: 0
pred mean: 0.34747153520584106
lead: 4
pred mean: 0.3492102324962616
lead: 1
pred mean: 0.34872180223464966
lead: 4
pred mean: 0.3483438491821289
lead: 0
pred mean: 0.3487951457500458
lead: 2
lead: 1
pred mean: 0.34855028986930847
pred mean: 0.34825003147125244
lead: 4
pred mean: 0.3484485447406769
  3%|▎         | 62/1855 [01:18<35:31,  1.19s/it]lead: 5
pred mean: 0.35305482149124146
lead: 0
pred mean: 0.3522336781024933
lead: 0
pred mean: 0.35111522674560547
lead: 0
pred mean: 0.3506281077861786
lead: 3
pred mean: 0.35130739212036133
lead: 3
pred mean: 0.35207539796829224
lead: 2
pred mean: 0.3506908118724823
lead: 0
pred mean: 0.3519156575202942
  3%|▎         | 63/1855 [01:19<35:15,  1.18s/it]lead: 5
pred mean: 0.354449987411499
lead: 5
pred mean: 0.35391971468925476
lead: 3
lead: 5
pred mean: 0.3534262776374817
pred mean: 0.3537719249725342
lead: 5
pred mean: 0.35456445813179016
lead: 1
pred mean: 0.35303592681884766
lead: 0
pred mean: 0.3540950417518616
lead: 3
pred mean: 0.3541063070297241
  3%|▎         | 64/1855 [01:20<35:20,  1.18s/it]lead: 4
pred mean: 0.35621678829193115
lead: 2
pred mean: 0.3563779294490814
lead: 5
pred mean: 0.35730794072151184
lead: 1
pred mean: 0.3566821813583374
lead: 1
pred mean: 0.35583266615867615
lead: 0
pred mean: 0.3563690185546875
lead: 3
pred mean: 0.3562835454940796
lead: 5
pred mean: 0.3571300506591797
  4%|▎         | 65/1855 [01:21<35:41,  1.20s/it]                                                 {'loss': 18.4039, 'learning_rate': 6.989247311827958e-05, 'epoch': 0.18}
  4%|▎         | 65/1855 [01:21<35:41,  1.20s/it]lead: 1
pred mean: 0.35854780673980713
lead: 4
pred mean: 0.36000654101371765
lead: 5
pred mean: 0.35999274253845215
lead: 2
pred mean: 0.3584599196910858
lead: 0
pred mean: 0.35882246494293213
lead: 0
pred mean: 0.3596594035625458
lead: 1
pred mean: 0.3597974181175232
lead: 1
pred mean: 0.35925036668777466
  4%|▎         | 66/1855 [01:23<35:57,  1.21s/it]lead: 0
pred mean: 0.3625040054321289
lead: 4
pred mean: 0.3623473048210144
lead: 4
pred mean: 0.3618062734603882
lead: 2
pred mean: 0.36175402998924255
lead: 3
pred mean: 0.36184558272361755
lead: 5
pred mean: 0.3616916835308075
lead: 1
pred mean: 0.36172595620155334
lead: 5
pred mean: 0.3624815344810486
  4%|▎         | 67/1855 [01:24<35:44,  1.20s/it]lead: 5
pred mean: 0.36467185616493225
lead: 4
pred mean: 0.3646920323371887
lead: 0
pred mean: 0.36531978845596313
lead: 5
pred mean: 0.364837110042572
lead: 1
pred mean: 0.3647085428237915
lead: 1
pred mean: 0.36489707231521606
lead: 2
lead: 3
pred mean: 0.3648134171962738
pred mean: 0.3648808002471924
  4%|▎         | 68/1855 [01:25<35:38,  1.20s/it]lead: 2
pred mean: 0.3670583963394165
lead: 4
pred mean: 0.36746105551719666
lead: 0
pred mean: 0.3676975667476654
lead: 5
pred mean: 0.36757439374923706
lead: 5
pred mean: 0.3674263060092926
lead: 1
pred mean: 0.36788275837898254
lead: 2
pred mean: 0.36748412251472473
lead: 5
pred mean: 0.36778175830841064
  4%|▎         | 69/1855 [01:26<35:30,  1.19s/it]lead: 5
pred mean: 0.37139105796813965
lead: 3
lead: 4
pred mean: 0.37135109305381775
pred mean: 0.37072962522506714
lead: 3
pred mean: 0.37183284759521484
lead: 4
pred mean: 0.37078502774238586
lead: 4
pred mean: 0.37127575278282166
lead: 5
pred mean: 0.3715900182723999
lead: 5
pred mean: 0.3715432286262512
  4%|▍         | 70/1855 [01:27<35:28,  1.19s/it]                                                 {'loss': 18.3853, 'learning_rate': 7.526881720430108e-05, 'epoch': 0.19}
  4%|▍         | 70/1855 [01:27<35:28,  1.19s/it]lead: 1
pred mean: 0.37448808550834656
lead: 0
pred mean: 0.37453627586364746
lead: 4
pred mean: 0.374606728553772
lead: 2
pred mean: 0.37428250908851624
lead: 1
pred mean: 0.37419384717941284
lead: 4
pred mean: 0.37496301531791687
lead: 2
pred mean: 0.3748399317264557
lead: 1
pred mean: 0.37400996685028076
  4%|▍         | 71/1855 [01:28<35:25,  1.19s/it]lead: 1
pred mean: 0.3773401081562042
lead: 4
pred mean: 0.3782884478569031
lead: 4
pred mean: 0.3784172236919403
lead: 0
pred mean: 0.3777925372123718
lead: 5
pred mean: 0.3783877193927765
lead: 2
pred mean: 0.37879678606987
lead: 1
pred mean: 0.3781897723674774
lead: 1
pred mean: 0.37791046500205994
  4%|▍         | 72/1855 [01:30<35:19,  1.19s/it]lead: 5
pred mean: 0.38065558671951294
lead: 1
pred mean: 0.3805200159549713
lead: 5
pred mean: 0.3813592791557312
lead: 0
pred mean: 0.3820902705192566
lead: 5
lead: 4
pred mean: 0.38095784187316895
pred mean: 0.3805995285511017
lead: 0
pred mean: 0.3817360997200012
lead: 5
pred mean: 0.38130348920822144
  4%|▍         | 73/1855 [01:31<35:12,  1.19s/it]lead: 4
pred mean: 0.3840075731277466
lead: 5
pred mean: 0.38455507159233093
lead: 4
lead: 1pred mean:
 0.3837197422981262
pred mean: 0.38435763120651245
lead: 3
lead: 2
pred mean: 0.3844808042049408
pred mean: 0.3846692144870758
lead: 0
pred mean: 0.3841306269168854
lead: 0
pred mean: 0.3844793140888214
  4%|▍         | 74/1855 [01:32<35:09,  1.18s/it]lead: 3
pred mean: 0.389616996049881
lead: 4
pred mean: 0.38829198479652405
lead: 1
pred mean: 0.38835451006889343
lead: 1
pred mean: 0.38865959644317627
lead: 0
pred mean: 0.3890707790851593
lead: 0
pred mean: 0.38884681463241577
lead: 5
pred mean: 0.388202041387558
lead: 2
pred mean: 0.3889887034893036
  4%|▍         | 75/1855 [01:33<34:55,  1.18s/it]                                                 {'loss': 18.3647, 'learning_rate': 8.064516129032258e-05, 'epoch': 0.2}
  4%|▍         | 75/1855 [01:33<34:55,  1.18s/it]lead:lead:  35

pred mean:pred mean:  0.39211502671241760.39260703325271606

lead: 2
pred mean: 0.39214131236076355
lead: 3
pred mean: 0.3924061357975006
lead: 4
pred mean: 0.3920769691467285
lead: 2
pred mean: 0.3926871418952942
lead: 4
pred mean: 0.39193272590637207
lead: 0
pred mean: 0.39244166016578674
  4%|▍         | 76/1855 [01:34<35:04,  1.18s/it]lead: 3
pred mean: 0.39612308144569397
lead: 2
lead:pred mean:  1
0.39538347721099854
pred mean: 0.39533475041389465
lead: 1
pred mean: 0.39580073952674866
lead: 1
pred mean: 0.39649948477745056
lead: 2
pred mean: 0.3957156240940094
lead: 1
pred mean: 0.3961649537086487
lead: 5
pred mean: 0.3957831859588623
  4%|▍         | 77/1855 [01:36<35:00,  1.18s/it]lead: 5
pred mean: 0.39913347363471985
lead: 2
pred mean: 0.39962273836135864
lead: 0
pred mean: 0.3995303213596344
lead: 2
pred mean: 0.39939644932746887
lead: 0
pred mean: 0.39932265877723694
lead: 2
pred mean: 0.39946621656417847
lead: 2
pred mean: 0.39926445484161377
lead: 1
pred mean: 0.39884206652641296
  4%|▍         | 78/1855 [01:37<35:00,  1.18s/it]lead: 4
pred mean: 0.40322089195251465
lead: 4
lead: 5
pred mean: 0.4033079445362091
pred mean: 0.40303581953048706
lead: 1
pred mean: 0.40316030383110046
lead: 4
pred mean: 0.4031303822994232
lead: 0
pred mean: 0.4030687212944031
lead: 3
pred mean: 0.40313002467155457
lead: 3
pred mean: 0.4031723141670227
  4%|▍         | 79/1855 [01:38<34:59,  1.18s/it]lead: 2
pred mean: 0.40654510259628296
lead: 4
pred mean: 0.4058677852153778
lead: 0
pred mean: 0.4067332148551941
lead: 3
pred mean: 0.40646201372146606
lead: 2
pred mean: 0.4070338010787964
lead: 5
pred mean: 0.40631893277168274
lead: 2
pred mean: 0.4068710505962372
lead: 5
pred mean: 0.40577444434165955
  4%|▍         | 80/1855 [01:39<34:56,  1.18s/it]                                                 {'loss': 18.3429, 'learning_rate': 8.60215053763441e-05, 'epoch': 0.22}
  4%|▍         | 80/1855 [01:39<34:56,  1.18s/it]lead: 5
pred mean: 0.41008588671684265
lead: 5
pred mean: 0.4101483225822449
lead: 5
lead: 4
pred mean: 0.4102479815483093
pred mean: 0.4107895493507385
lead: 3
pred mean: 0.41110220551490784
lead: 1
pred mean: 0.4101564288139343
lead: 0
pred mean: 0.4105261266231537
lead: 2
pred mean: 0.4105994403362274
  4%|▍         | 81/1855 [01:40<34:55,  1.18s/it]lead: 4
pred mean: 0.4146202504634857
lead: 1
pred mean: 0.4143184721469879
lead: 1
pred mean: 0.4144677221775055
lead: 1
pred mean: 0.4144343435764313
lead: 3
pred mean: 0.4152211546897888
lead: 0
pred mean: 0.4149548411369324
lead: 3
pred mean: 0.4150434732437134
lead: 0
pred mean: 0.4150804877281189
  4%|▍         | 82/1855 [01:41<34:57,  1.18s/it]lead: 3
pred mean: 0.41935911774635315
lead: 1
pred mean: 0.41837558150291443
lead: 3
pred mean: 0.4187442362308502
lead: 1
lead: 3
pred mean: 0.4181051552295685
pred mean: 0.41902872920036316
lead: 5
pred mean: 0.41891640424728394
lead: 1
pred mean: 0.41896477341651917
lead: 2
pred mean: 0.41916266083717346
  4%|▍         | 83/1855 [01:43<35:00,  1.19s/it]lead: 4
pred mean: 0.42288073897361755
lead: 4
pred mean: 0.42300650477409363
lead: 5
pred mean: 0.42332276701927185
lead: 2
pred mean: 0.422853022813797
lead: 3
pred mean: 0.4235900044441223
lead: 3
pred mean: 0.42290768027305603
lead: 3
pred mean: 0.4234243631362915
lead: 5
pred mean: 0.4224895238876343
  5%|▍         | 84/1855 [01:44<34:59,  1.19s/it]lead: 4
pred mean: 0.42660030722618103
lead: 0
pred mean: 0.4267866313457489
lead: 1
pred mean: 0.4263985753059387
lead: 0
pred mean: 0.4267725646495819
lead: 3
pred mean: 0.42659124732017517
lead: 3
lead: 5
pred mean: 0.4267428517341614
pred mean: 0.42663779854774475
lead: 3
pred mean: 0.4266708791255951
  5%|▍         | 85/1855 [01:45<34:57,  1.18s/it]                                                 {'loss': 18.3189, 'learning_rate': 9.13978494623656e-05, 'epoch': 0.23}
  5%|▍         | 85/1855 [01:45<34:57,  1.18s/it]lead: 0
pred mean: 0.4300374984741211
lead: 2
pred mean: 0.43011632561683655
lead: 5
pred mean: 0.4301343262195587
lead: 1
pred mean: 0.4301700294017792
lead: 3
pred mean: 0.43105486035346985
lead: 0
pred mean: 0.4297548234462738
lead: 2
pred mean: 0.43050259351730347
lead: 3
pred mean: 0.43063071370124817
  5%|▍         | 86/1855 [01:46<34:57,  1.19s/it]lead: 1
pred mean: 0.43332818150520325
lead: 0
pred mean: 0.43341735005378723
lead: 0
lead: 2
pred mean: 0.4345322549343109
pred mean: 0.4344600439071655
lead: 4
pred mean: 0.43444791436195374
lead: 0
pred mean: 0.4340180456638336
lead: 1
pred mean: 0.43433499336242676
lead: 4
pred mean: 0.43475401401519775
  5%|▍         | 87/1855 [01:47<34:58,  1.19s/it]lead: 5
pred mean: 0.4384787678718567
lead: 3
pred mean: 0.43847575783729553
lead: 5
pred mean: 0.43871307373046875
lead: 3
pred mean: 0.43892383575439453
lead: 2
pred mean: 0.43857571482658386
lead: 0
pred mean: 0.43902796506881714
lead: 5
pred mean: 0.4388801157474518
lead: 1
pred mean: 0.4383467137813568
  5%|▍         | 88/1855 [01:49<34:57,  1.19s/it]lead: 0
pred mean: 0.4427247941493988
lead: 0
pred mean: 0.4427724778652191
lead:lead:  35

pred mean:pred mean:  0.442790329456329350.44223451614379883

lead: 5
pred mean: 0.44289106130599976
lead: 2
pred mean: 0.4426882565021515
lead: 1
pred mean: 0.4426459074020386
lead: 4
pred mean: 0.4428277015686035
  5%|▍         | 89/1855 [01:50<34:58,  1.19s/it]lead: 3
pred mean: 0.44711679220199585
lead: 4
pred mean: 0.44746559858322144
lead: 3
pred mean: 0.44738438725471497
lead: 1
pred mean: 0.4471094012260437
lead: 3
pred mean: 0.44741424918174744
lead: 1
pred mean: 0.44719967246055603
lead: 5
pred mean: 0.44689178466796875
lead: 0
pred mean: 0.4471009373664856
  5%|▍         | 90/1855 [01:51<34:55,  1.19s/it]                                                 {'loss': 18.2944, 'learning_rate': 9.677419354838711e-05, 'epoch': 0.24}
  5%|▍         | 90/1855 [01:51<34:55,  1.19s/it]lead: 4
pred mean: 0.45164424180984497
lead: 0
pred mean: 0.45127302408218384
lead: 3
pred mean: 0.4514075517654419
lead: 3
pred mean: 0.4514942765235901
lead: 0
pred mean: 0.4517672657966614
lead: 3
pred mean: 0.45106473565101624
lead: 5
pred mean: 0.4512830972671509
lead: 4
pred mean: 0.45187556743621826
  5%|▍         | 91/1855 [01:52<34:51,  1.19s/it]lead: 3
pred mean: 0.45628824830055237
lead: 2
pred mean: 0.45563602447509766
lead: lead:2 
5
pred mean:pred mean:  0.45563593506813050.45599284768104553

lead: 5
pred mean: 0.4559878706932068
lead: 3
pred mean: 0.45624637603759766
lead: 5
pred mean: 0.4557245075702667
lead: 1
pred mean: 0.4553377032279968
  5%|▍         | 92/1855 [01:53<34:49,  1.19s/it]lead: 0
pred mean: 0.4598516821861267
lead: 2
pred mean: 0.4596683979034424
lead: 5
pred mean: 0.4598333537578583
lead: 4
lead: 2
pred mean: 0.45914989709854126
pred mean: 0.45956167578697205
lead: 1
pred mean: 0.4594712555408478
lead: 1
pred mean: 0.45940637588500977
lead: 4
pred mean: 0.4592469334602356
  5%|▌         | 93/1855 [01:55<34:51,  1.19s/it]lead: 4
pred mean: 0.4645976722240448
lead: 0
pred mean: 0.46453261375427246
lead: 3
pred mean: 0.464263916015625
lead: 0
pred mean: 0.4639377295970917
lead: 2
lead:pred mean:  20.46415960788726807

pred mean: 0.4640340209007263
lead: 2
pred mean: 0.46470528841018677
lead: 1
pred mean: 0.4648689329624176
  5%|▌         | 94/1855 [01:56<34:52,  1.19s/it]lead: 0
pred mean: 0.4692232012748718
lead: 0
pred mean: 0.4692293107509613
lead: 0
pred mean: 0.46922940015792847
lead: 1
pred mean: 0.4689429998397827
lead: 1
pred mean: 0.4688517451286316
lead: 5
pred mean: 0.46890196204185486
lead: 5
pred mean: 0.46920210123062134
lead: 2
pred mean: 0.46856996417045593
  5%|▌         | 95/1855 [01:57<34:55,  1.19s/it]                                                 {'loss': 18.2673, 'learning_rate': 0.00010215053763440861, 'epoch': 0.26}
  5%|▌         | 95/1855 [01:57<34:55,  1.19s/it]lead: 5
pred mean: 0.47337451577186584
lead: 4
pred mean: 0.47424256801605225
lead: 5
pred mean: 0.47363096475601196
lead: 2
pred mean: 0.4733758866786957
lead: 2
pred mean: 0.4731597602367401
lead: 4
pred mean: 0.4738669693470001
lead: 0
pred mean: 0.4737813472747803
lead: 3
pred mean: 0.4739569127559662
  5%|▌         | 96/1855 [01:58<34:58,  1.19s/it]lead: 2
pred mean: 0.47792986035346985
lead: 4
pred mean: 0.47814807295799255
lead: 2
lead: 5
pred mean: 0.47814881801605225
pred mean: 0.4777396321296692
lead: 4
pred mean: 0.4777858555316925
lead: 4
pred mean: 0.47827979922294617
lead: 3
pred mean: 0.4779580235481262
lead: 5
pred mean: 0.4781498610973358
  5%|▌         | 97/1855 [01:59<34:55,  1.19s/it]lead: 4
pred mean: 0.48285090923309326
lead: 3
pred mean: 0.4829898476600647
lead: 5
pred mean: 0.482632577419281
lead: 2
pred mean: 0.48287054896354675
lead: 4
pred mean: 0.4825335443019867
lead: 1
lead: 1
pred mean: 0.48241543769836426
pred mean: 0.4826425313949585
lead: 2
pred mean: 0.48278698325157166
  5%|▌         | 98/1855 [02:00<34:50,  1.19s/it]lead: 1
pred mean: 0.4878578782081604
lead: 4
pred mean: 0.48834747076034546
lead: 2
pred mean: 0.4880335330963135
lead: 1
pred mean: 0.48799240589141846
lead: 2
lead: 4
pred mean: 0.48822417855262756
pred mean: 0.48816126585006714
lead: 0
pred mean: 0.48812147974967957
lead: 5
pred mean: 0.4883105158805847
  5%|▌         | 99/1855 [02:02<34:46,  1.19s/it]lead: 4lead:
lead:  24

pred mean: 0.4927694797515869
pred mean:pred mean:  0.4929164648056030.49279874563217163

lead: 5
pred mean: 0.49345484375953674
lead: 2
pred mean: 0.49262112379074097
lead: 3
pred mean: 0.49255847930908203
lead: 3
pred mean: 0.49327367544174194
lead: 4
pred mean: 0.49277251958847046
  5%|▌         | 100/1855 [02:03<34:41,  1.19s/it]                                                  {'loss': 18.2406, 'learning_rate': 0.00010752688172043011, 'epoch': 0.27}
  5%|▌         | 100/1855 [02:03<34:41,  1.19s/it]lead: 5
pred mean: 0.49780258536338806
lead: 4
pred mean: 0.4982096552848816
lead: 5
pred mean: lead:0.49785351753234863 
4
lead: 5
pred mean: 0.49801409244537354
pred mean: 0.49780091643333435
lead: 5
pred mean: lead:0.4977248013019562 
4
pred mean: 0.49809756875038147
lead: 2
pred mean: 0.4977017939090729
  5%|▌         | 101/1855 [02:04<34:39,  1.19s/it]lead: 4
pred mean: 0.5032715201377869
lead: 4
pred mean: 0.5026315450668335
lead: 3
lead: 2
pred mean: 0.502519428730011
pred mean: 0.5024816989898682
lead: 0
pred mean: 0.503218412399292
lead: 3
pred mean: 0.5030539631843567
lead: 3
pred mean: 0.5024504661560059
lead: 5
pred mean: 0.5028837323188782
  5%|▌         | 102/1855 [02:05<34:36,  1.18s/it]lead: 5
pred mean: 0.5081311464309692
lead: 4
pred mean: 0.5079699158668518
lead: 1
pred mean: 0.5080061554908752
lead: 0
pred mean: 0.5079776048660278
lead: 5
pred mean: 0.5079458355903625
lead: 1
pred mean: 0.5081524848937988
lead: 2
pred mean: 0.5079137682914734
lead: 2
pred mean: 0.5075201392173767
  6%|▌         | 103/1855 [02:06<34:33,  1.18s/it]lead: 4
pred mean: 0.5131226778030396
lead: 0
pred mean: 0.5128682255744934
lead: 0
pred mean: 0.513228178024292
lead: 4
pred mean: 0.5130016803741455
lead: 5
pred mean: 0.5128666758537292
lead: 1
pred mean: 0.5130431652069092
lead: 2
pred mean: 0.5129488706588745
lead: 2
pred mean: 0.512385904788971
  6%|▌         | 104/1855 [02:08<34:29,  1.18s/it]lead: 3
pred mean: 0.5182912945747375
lead: 0
pred mean: 0.518603503704071
lead: 4
pred mean: 0.5185835361480713
lead: 4
lead: 4
pred mean: 0.5181527733802795
pred mean: 0.5187216401100159
lead: 4
pred mean: 0.5183422565460205
lead: 4
pred mean: 0.5188987255096436
lead: 5
pred mean: 0.5183328986167908
  6%|▌         | 105/1855 [02:09<34:26,  1.18s/it]                                                  {'loss': 18.2069, 'learning_rate': 0.00011290322580645163, 'epoch': 0.28}
  6%|▌         | 105/1855 [02:09<34:26,  1.18s/it]lead: 3
pred mean: 0.5235075950622559
lead: 5
pred mean: 0.5239092111587524
lead: 3
lead: 3
pred mean: 0.5233781933784485pred mean:
 0.5231218934059143
lead: 4
pred mean: 0.5235828757286072
lead: 2
lead: 1
pred mean: 0.5231934189796448
pred mean: 0.5235569477081299
lead: 0
pred mean: 0.523257315158844
  6%|▌         | 106/1855 [02:10<34:28,  1.18s/it]lead: 1
pred mean: 0.5281654596328735
lead: 2
pred mean: 0.5285574197769165
lead: 3
pred mean: 0.5291259288787842
lead: 3
pred mean: 0.5288110375404358
lead: 2
pred mean: 0.5285252928733826
lead: 1
pred mean: 0.5290977954864502
lead: 2
lead:pred mean:  30.5282419323921204

pred mean: 0.5290316343307495
  6%|▌         | 107/1855 [02:11<34:30,  1.18s/it]lead: 3
pred mean: 0.5338414907455444
lead: 4
pred mean: 0.5337973237037659
lead: 0
pred mean: 0.5338432192802429
lead: 1
pred mean: 0.5334047079086304
lead: 0
pred mean: 0.5338243246078491
lead: 0
pred mean: 0.5342006683349609
lead: 4
pred mean: 0.533618152141571
lead: 4
pred mean: 0.5339853763580322
  6%|▌         | 108/1855 [02:12<34:31,  1.19s/it]lead: 5
pred mean: lead:0.5390486121177673 
5
pred mean: 0.53911954164505
lead: 1
pred mean: 0.5391947627067566
lead: 4
pred mean: 0.5387749075889587
lead: 4
lead: 1
pred mean: 0.5393886566162109
pred mean: 0.5385797619819641
lead: 4
pred mean: 0.5391852855682373
lead: 5
pred mean: 0.5390997529029846
  6%|▌         | 109/1855 [02:13<34:15,  1.18s/it]lead: 1
pred mean: 0.5443360209465027
lead: 5
pred mean: 0.5447126030921936
lead: 5
pred mean: 0.5447080731391907
lead: 5
pred mean: 0.5444905161857605
lead: 1
pred mean: 0.5441446304321289
lead: 3
pred mean: 0.5444791913032532
lead: 5
pred mean: 0.5448291301727295
lead: 3
pred mean: 0.5442588925361633
  6%|▌         | 110/1855 [02:15<34:10,  1.18s/it]                                                  {'loss': 18.1737, 'learning_rate': 0.00011827956989247313, 'epoch': 0.3}
  6%|▌         | 110/1855 [02:15<34:10,  1.18s/it]lead: 4
pred mean: 0.5502995252609253
lead: 1
pred mean: 0.5497375726699829
lead: 5
pred mean: lead:0.550007700920105 
3
pred mean: 0.5496571063995361
lead: 4
pred mean: 0.5500016808509827
lead: 2
pred mean: 0.5495296716690063
lead: 2
pred mean: 0.5502376556396484
lead: 2
pred mean: 0.5501136779785156
  6%|▌         | 111/1855 [02:16<34:21,  1.18s/it]lead: 1
pred mean: 0.5543206334114075
lead: 2
pred mean: 0.5549353957176208
lead: 1
pred mean: 0.555042028427124
lead: 5
pred mean: 0.5556052327156067
lead: 1
pred mean: 0.5549803972244263
lead: 4
pred mean: 0.5553504824638367
lead: 0
pred mean: 0.5549350380897522
lead: 3
pred mean: 0.5552082061767578
  6%|▌         | 112/1855 [02:17<34:11,  1.18s/it]lead: 0lead:
 4lead:
 2
pred mean: 0.5606863498687744
pred mean: 0.5608769059181213pred mean:
 0.560932993888855
lead: 2
pred mean: 0.5611000061035156
lead: 2
pred mean: 0.5605151653289795
lead: 4
pred mean: 0.5613405704498291
lead: 1
pred mean: 0.5610009431838989
lead: 0
pred mean: 0.5607337355613708
  6%|▌         | 113/1855 [02:18<34:20,  1.18s/it]lead: 0
pred mean: 0.5667292475700378
lead: 2
pred mean: 0.5665227174758911
lead: 3
pred mean: 0.5656611919403076
lead: 0
pred mean: 0.5662862658500671
lead: 0
pred mean: 0.5663783550262451
lead: 1
pred mean: 0.5662887692451477
lead: 4
pred mean: 0.5667957663536072
lead: 0
pred mean: 0.5664410591125488
  6%|▌         | 114/1855 [02:19<34:25,  1.19s/it]lead: 2
pred mean: 0.5710970759391785
lead: 5
pred mean: 0.5721879005432129
lead: 3
pred mean: 0.5720091462135315
lead: 3
pred mean: 0.5720533132553101
lead: 2
pred mean: 0.5719082355499268
lead: 4
pred mean: 0.5716634392738342
lead: 2
pred mean: 0.5722334980964661
lead: 0
pred mean: 0.5719559788703918
  6%|▌         | 115/1855 [02:21<34:12,  1.18s/it]                                                  {'loss': 18.1391, 'learning_rate': 0.00012365591397849463, 'epoch': 0.31}
  6%|▌         | 115/1855 [02:21<34:12,  1.18s/it]lead: 4
pred mean: 0.5778372287750244
lead: 1
pred mean: 0.5773723125457764
lead: 5
pred mean: 0.5778499245643616
lead: 5
lead: 1
pred mean: 0.5777276754379272
pred mean: 0.5776612162590027
lead:lead:  4
0
pred mean: 0.5775666236877441
pred mean: 0.577735424041748
lead: 0
pred mean: 0.5773758888244629
  6%|▋         | 116/1855 [02:22<34:19,  1.18s/it]lead: 0
pred mean: 0.5847101211547852
lead: 2
pred mean: 0.5832104086875916
lead: 2
pred mean: 0.5833438038825989
lead: 4
pred mean: 0.5836231112480164
lead: 1
pred mean: 0.5831174850463867
lead: 0
pred mean: 0.5827900767326355
lead: 4
pred mean: 0.5837438106536865
lead: 3
pred mean: 0.5840160250663757
  6%|▋         | 117/1855 [02:23<34:21,  1.19s/it]lead: 4
pred mean: 0.5901281237602234
lead: 0
pred mean: 0.5889655351638794
lead: 0
pred mean: 0.5896814465522766
lead: 1
pred mean: 0.5894224047660828
lead: 3
pred mean: 0.589565634727478
lead: 3
pred mean: 0.5894479751586914
lead: 0
pred mean: 0.5891892910003662
lead: 3
pred mean: 0.5893639326095581
  6%|▋         | 118/1855 [02:24<34:10,  1.18s/it]lead: 3
pred mean: 0.5954276323318481
lead: 4
pred mean: 0.5955970883369446
lead: 1
pred mean: 0.5951353311538696
lead: 4
pred mean: 0.5954291224479675
lead: 3
pred mean: 0.5956524014472961
lead: 3
pred mean: 0.5949296951293945
lead: 2
pred mean: 0.595263659954071
lead: 2
pred mean: 0.594120979309082
  6%|▋         | 119/1855 [02:25<34:22,  1.19s/it]lead: 1
pred mean: 0.6010485291481018
lead: 3
pred mean: 0.6009817719459534
lead: 1
pred mean: 0.6001633405685425
lead: 0
pred mean: 0.6012203693389893
lead: 2
pred mean: 0.6011369824409485
lead: 2
pred mean: 0.6021370887756348
lead: 4
pred mean: 0.6016191840171814
lead: 4
pred mean: 0.6014728546142578
  6%|▋         | 120/1855 [02:27<34:29,  1.19s/it]                                                  {'loss': 18.1032, 'learning_rate': 0.00012903225806451613, 'epoch': 0.32}
  6%|▋         | 120/1855 [02:27<34:29,  1.19s/it]lead: 5
pred mean: 0.6070817708969116
lead: 5
pred mean: 0.6073427200317383
lead: 4
pred mean: 0.6068223714828491
lead: 1
pred mean: 0.6069315671920776
lead: 2
pred mean: 0.6072177886962891
lead: 1
pred mean: 0.6061707735061646
lead: 1
pred mean: 0.6069944500923157
lead: 4
pred mean: 0.6072569489479065
  7%|▋         | 121/1855 [02:28<34:27,  1.19s/it]lead: 2
pred mean: 0.6134048700332642
lead: 0
pred mean: 0.6129198670387268
lead: 2
pred mean: 0.6133198142051697
lead: 1
pred mean: 0.6126306653022766
lead: 3
pred mean: 0.612957239151001
lead: 2
pred mean: 0.613494873046875
lead: 2
pred mean: 0.6132151484489441
lead: 2
pred mean: 0.6127479076385498
  7%|▋         | 122/1855 [02:29<34:29,  1.19s/it]lead: 1
pred mean: 0.6190004348754883
lead: 3
pred mean: 0.6194918751716614
lead: 5
pred mean: 0.6199315190315247
lead: 1
pred mean: 0.6192737221717834
lead: 3
pred mean: 0.6192611455917358
lead: 2
pred mean: 0.6199973225593567
lead: 0
pred mean: 0.6198734641075134
lead: 2
pred mean: 0.618473470211029
  7%|▋         | 123/1855 [02:30<34:12,  1.18s/it]lead: 3
pred mean: 0.6249964833259583
lead: 1
lead: 1pred mean:
 0.6256580948829651
pred mean: 0.6257092952728271
lead: 4
pred mean: 0.6256117820739746
lead: 4
pred mean: 0.6253557205200195
lead: 0
pred mean: 0.6257749199867249
lead: 4
pred mean: 0.6252621412277222
lead: 4
pred mean: 0.6262431740760803
  7%|▋         | 124/1855 [02:31<34:18,  1.19s/it]lead: 4
pred mean: 0.6326740384101868
lead: 1
pred mean: 0.6318419575691223
lead: 3
pred mean: 0.6314999461174011
lead: 5
pred mean: 0.6317800879478455
lead: 0
pred mean: 0.6320359110832214
lead: 1
pred mean: 0.6319869160652161
lead: 4
pred mean: 0.632079005241394
lead: 5
pred mean: 0.6309552788734436
  7%|▋         | 125/1855 [02:32<34:43,  1.20s/it]                                                  {'loss': 18.0688, 'learning_rate': 0.00013440860215053763, 'epoch': 0.34}
  7%|▋         | 125/1855 [02:32<34:43,  1.20s/it]lead: 0
pred mean: 0.6391071677207947
lead: 3
pred mean: 0.6383198499679565
lead: 0
pred mean: 0.6380212903022766
lead: 3
pred mean: 0.6380777359008789
lead: 0
pred mean: 0.6382379531860352
lead: 2
pred mean: 0.6383686661720276
lead: 0
pred mean: 0.6384865641593933
lead: 3
pred mean: 0.6386377215385437
  7%|▋         | 126/1855 [02:34<34:52,  1.21s/it]lead: 2
lead: 3
pred mean: 0.6444008946418762
pred mean: 0.645003080368042
lead: 4
pred mean: 0.6444858908653259
lead: 1
pred mean: 0.6437711119651794
lead: 5
pred mean: 0.6439954042434692
lead: 3
pred mean: 0.6443188190460205
lead: 2
pred mean: 0.6449109315872192
lead: 1
pred mean: 0.6444372534751892
  7%|▋         | 127/1855 [02:35<34:33,  1.20s/it]lead: 1
pred mean: 0.6514082551002502
lead: 5
pred mean: 0.6513180136680603
lead: 5
pred mean: 0.6501543521881104
lead: 5
pred mean: 0.65096116065979
lead: 5
pred mean: 0.650611400604248
lead: 4
pred mean: 0.6509424448013306
lead: 4
pred mean: 0.6506853699684143
lead: 0
pred mean: 0.650024950504303
  7%|▋         | 128/1855 [02:36<34:23,  1.20s/it]lead: 0
pred mean: 0.6576879620552063
lead: 2
pred mean: 0.6577069163322449
lead: 5
pred mean: 0.6565778851509094
lead: 4
pred mean: 0.6573480367660522
lead: 4
pred mean: 0.6579201817512512
lead: 4
pred mean: 0.6579062342643738
lead: 4
pred mean: 0.6571231484413147
lead: 0
pred mean: 0.6574074625968933
  7%|▋         | 129/1855 [02:37<34:17,  1.19s/it]lead: 4
pred mean: 0.6633416414260864
lead: 1
pred mean: 0.663536787033081
lead: 3
pred mean: 0.6630598306655884
lead: 0
pred mean: 0.6639552116394043
lead: 0
pred mean: 0.6636538505554199
lead: 4
pred mean: 0.6641331315040588
lead: 0
pred mean: 0.6639222502708435
lead: 2
pred mean: 0.6633227467536926
  7%|▋         | 130/1855 [02:38<34:08,  1.19s/it]                                                  {'loss': 18.0273, 'learning_rate': 0.00013978494623655916, 'epoch': 0.35}
  7%|▋         | 130/1855 [02:38<34:08,  1.19s/it]lead: 0
pred mean: 0.670158326625824
lead: 0
pred mean: 0.6701797842979431
lead: 0
pred mean: 0.6705493927001953
lead: 0
pred mean: 0.6703734993934631
lead: 1
pred mean: 0.6700976490974426
lead: 2
pred mean: 0.6699935793876648
lead: 2
pred mean: 0.6703211069107056
lead: 1
pred mean: 0.6701309084892273
  7%|▋         | 131/1855 [02:40<34:25,  1.20s/it]lead: 3
pred mean: 0.6773211359977722
lead: 3
pred mean: 0.6771217584609985
lead: 0
pred mean: 0.6764853596687317
lead: 3
pred mean: 0.6778218150138855
lead: 4
pred mean: 0.6777216196060181
lead: 2
pred mean: 0.6764425039291382
lead: 5
pred mean: 0.6769431829452515
lead: 1
pred mean: 0.6773255467414856
  7%|▋         | 132/1855 [02:41<34:37,  1.21s/it]lead: 0
pred mean: 0.6827811002731323
lead: 4
pred mean: 0.6839798092842102
lead: 3
pred mean: 0.6837012767791748
lead: 5
pred mean: 0.6842614412307739
lead: 4
pred mean: 0.684052586555481
lead: 2
pred mean: 0.6836125254631042
lead: 3
pred mean: 0.6837077140808105
lead: 0
pred mean: 0.6847795248031616
  7%|▋         | 133/1855 [02:42<34:21,  1.20s/it]lead: 3
pred mean: 0.6900319457054138
lead: 0
pred mean: 0.6912986636161804
lead: 5
pred mean: 0.6903608441352844
lead: 0
pred mean: 0.6903021335601807
lead: 3
pred mean: 0.6910991668701172
lead: 4
pred mean: 0.6900945901870728
lead: 3
pred mean: 0.6901583671569824
lead: 1
pred mean: 0.6910454034805298
  7%|▋         | 134/1855 [02:43<34:24,  1.20s/it]lead: 5
pred mean: 0.6971268653869629
lead: 5
pred mean: 0.6974471807479858
lead: 3
pred mean: 0.6969022154808044
lead: 4
pred mean: 0.6962125897407532
lead: 3
pred mean: 0.697372555732727
lead: 4
pred mean: 0.6975376009941101
lead: 3
pred mean: 0.6971405148506165
lead: 0
pred mean: 0.6975593566894531
  7%|▋         | 135/1855 [02:44<34:15,  1.20s/it]                                                  {'loss': 17.9828, 'learning_rate': 0.00014516129032258066, 'epoch': 0.36}
  7%|▋         | 135/1855 [02:44<34:15,  1.20s/it]lead: 0
pred mean: 0.7039783000946045
lead: 4
pred mean: 0.7047276496887207
lead: 1
pred mean: 0.7033376097679138
lead: 1
pred mean: 0.7051335573196411
lead: 1
pred mean: 0.7038619518280029
lead: 5
pred mean: 0.7040309309959412
lead: 4
pred mean: 0.7047737240791321
lead: 0
pred mean: 0.7043774724006653
  7%|▋         | 136/1855 [02:46<34:11,  1.19s/it]lead: 3
pred mean: 0.7109476327896118
lead: 2
pred mean: 0.7092564105987549
lead: 5
pred mean: 0.7115243077278137
lead: 2
lead: 2
pred mean: 0.7099073529243469
pred mean: 0.7117770910263062
lead: 2
pred mean: 0.710756242275238
lead: 3
pred mean: 0.7091504335403442
lead: 4
pred mean: 0.710728108882904
  7%|▋         | 137/1855 [02:47<34:16,  1.20s/it]lead: 2
pred mean: 0.7187570333480835
lead: 2
pred mean: 0.719313383102417
lead: 4
pred mean: 0.7195448279380798
lead: 5
pred mean: 0.7182775735855103
lead: 3
pred mean: 0.7188833355903625
lead: 2
pred mean: 0.7176822423934937
lead: 3
pred mean: 0.7181317210197449
lead: 3
pred mean: 0.7190636992454529
  7%|▋         | 138/1855 [02:48<34:05,  1.19s/it]lead: 0
pred mean: 0.725330114364624
lead: 0
pred mean: 0.7254711985588074
lead: 0
pred mean: 0.7251430153846741
lead: 1
pred mean: 0.7239280939102173
lead: 2
lead:pred mean:  0.72527134418487552

pred mean: 0.7256655693054199
lead: 0
pred mean: 0.7255339026451111
lead: 4
pred mean: 0.7257922291755676
  7%|▋         | 139/1855 [02:49<33:57,  1.19s/it]lead: 0
pred mean: 0.7315770387649536
lead: 3
pred mean: 0.7324836254119873
lead: 1
pred mean: 0.7329940795898438
lead: 5
pred mean: 0.7322337031364441
lead: 2
pred mean: 0.7323430776596069
lead: 2
pred mean: 0.7326568961143494
lead: 1
pred mean: 0.7322834730148315
lead: 1
pred mean: 0.732233464717865
  8%|▊         | 140/1855 [02:50<33:59,  1.19s/it]                                                  {'loss': 17.9394, 'learning_rate': 0.00015053763440860216, 'epoch': 0.38}
  8%|▊         | 140/1855 [02:50<33:59,  1.19s/it]lead: 3
pred mean: 0.7407627701759338
lead: 5
pred mean: 0.7394878268241882
lead: 1
pred mean: 0.7400526404380798
lead: 1
pred mean: 0.7394503355026245
lead: 5
pred mean: 0.7402543425559998
lead: 2
pred mean: 0.7400755286216736
lead: 5
pred mean: 0.7389031648635864
lead: 1
pred mean: 0.7394887208938599
  8%|▊         | 141/1855 [02:52<33:48,  1.18s/it]lead: 0
pred mean: 0.7455626130104065
lead: 4
pred mean: 0.7463697791099548
lead: 1
lead: 1
pred mean: 0.7453864216804504
pred mean: 0.746941328048706
lead: 4
pred mean: 0.7465508580207825
lead: 0
pred mean: 0.7465571165084839
lead: 1
pred mean: 0.7465546131134033
lead: 3
pred mean: 0.7473697662353516
  8%|▊         | 142/1855 [02:53<33:48,  1.18s/it]lead: 0
pred mean: 0.7538469433784485
lead: 4
pred mean: 0.7550217509269714
lead: 1
pred mean: 0.754078209400177
lead: 0
pred mean: 0.7550525665283203
lead: 1
pred mean: 0.7552951574325562
lead: 4
pred mean: 0.7547211647033691
lead: 1
pred mean: 0.7552136182785034
lead: 3
pred mean: 0.7535985708236694
  8%|▊         | 143/1855 [02:54<33:54,  1.19s/it]lead: 0
pred mean: 0.7616662383079529
lead: 0
pred mean: 0.7617692947387695
lead: 5
pred mean: 0.7615538239479065
lead: 2
pred mean: 0.7618030905723572
lead: 0
pred mean: 0.7620977759361267
lead: 2
pred mean: 0.7601779699325562
lead: 4
pred mean: 0.762801468372345
lead: 2
pred mean: 0.7624850273132324
  8%|▊         | 144/1855 [02:55<33:52,  1.19s/it]lead: 0
pred mean: 0.7697416543960571
lead: 1
pred mean: 0.7688770294189453
lead: 5
pred mean: 0.7685016393661499
lead: 5
pred mean: 0.7690854668617249
lead: 4
pred mean: 0.7701407074928284
lead: 2
pred mean: 0.7693751454353333
lead: 4
pred mean: 0.7699286937713623
lead: 4
pred mean: 0.7683378458023071
  8%|▊         | 145/1855 [02:56<34:02,  1.19s/it]                                                  {'loss': 17.8938, 'learning_rate': 0.00015591397849462366, 'epoch': 0.39}
  8%|▊         | 145/1855 [02:56<34:02,  1.19s/it]lead: 4
pred mean: 0.7771018147468567
lead: 3
pred mean: 0.7768253087997437
lead: 4
pred mean: 0.7762542963027954
lead: 4
pred mean: 0.775720477104187
lead: 0
lead: 1
pred mean: 0.7761136293411255
pred mean: 0.7773266434669495
lead: 5
pred mean: 0.7748581171035767
lead: 4
pred mean: 0.7777326703071594
  8%|▊         | 146/1855 [02:58<33:53,  1.19s/it]lead: 5
pred mean: 0.7856994867324829
lead: 0
pred mean: 0.7843970656394958
lead: 5
pred mean: 0.7839766144752502
lead: 5
pred mean: 0.7835157513618469
lead: 0
pred mean: 0.7826744318008423
lead: 4
pred mean: 0.7848027944564819
lead: 1
pred mean: 0.7816686034202576
lead: 2
pred mean: 0.7851865291595459
  8%|▊         | 147/1855 [02:59<33:48,  1.19s/it]lead: 3
pred mean: 0.7931489944458008
lead: 0
lead:pred mean:  00.7922409176826477

pred mean: 0.791813850402832
lead: 4
pred mean: 0.7920587658882141
lead: 0
pred mean: 0.7921752333641052
lead: 4
pred mean: 0.791887104511261
lead: 4
pred mean: 0.7926709651947021
lead: 3
pred mean: 0.7915757894515991
  8%|▊         | 148/1855 [03:00<34:07,  1.20s/it]lead: 2
pred mean: 0.7977235913276672
lead: 0
pred mean: 0.7998660206794739
lead: 3
pred mean: 0.8008183836936951
lead: 4
pred mean: 0.7998618483543396
lead: 2
pred mean: 0.800098717212677
lead: 4
pred mean: 0.8001118302345276
lead: 5
lead: 3
pred mean: 0.8001313209533691
pred mean: 0.8014144897460938
  8%|▊         | 149/1855 [03:01<33:52,  1.19s/it]lead: 4
pred mean: 0.8073740601539612
lead: 3
pred mean: 0.8057751059532166
lead: 2
pred mean: 0.8062862753868103
lead: 0
pred mean: 0.8081892132759094
lead: 4
pred mean: 0.8072880506515503
lead: 4
pred mean: 0.8062406182289124
lead: 5
pred mean: 0.808079183101654
lead: 1
pred mean: 0.8064373731613159
  8%|▊         | 150/1855 [03:02<33:47,  1.19s/it]                                                  {'loss': 17.8463, 'learning_rate': 0.00016129032258064516, 'epoch': 0.4}
  8%|▊         | 150/1855 [03:02<33:47,  1.19s/it]lead: 2
pred mean: 0.8156375885009766
lead: 5
pred mean: 0.812686026096344
lead: 4
pred mean: 0.8141815662384033
lead: 4
pred mean: 0.8143790364265442
lead: 5
pred mean: 0.8141829967498779
lead: 4
pred mean: 0.8148148059844971
lead: 2
pred mean: 0.8156322836875916
lead: 4
pred mean: 0.8144843578338623
  8%|▊         | 151/1855 [03:03<33:44,  1.19s/it]lead: 2
pred mean: 0.8222091794013977
lead: 4
pred mean: 0.823228657245636
lead: 3
pred mean: 0.8228212594985962
lead: 0
pred mean: 0.8216538429260254
lead: 2
pred mean: 0.8231525421142578
lead: 5
pred mean: 0.8230519890785217
lead: 3
pred mean: 0.8244811296463013
lead: 2
pred mean: 0.8234703540802002
  8%|▊         | 152/1855 [03:05<33:43,  1.19s/it]lead: 2
pred mean: 0.8307179808616638
lead: 5
pred mean: 0.8314102292060852
lead: 5
pred mean: 0.8320038318634033
lead: 3
pred mean: 0.8295161128044128
lead: 5
pred mean: 0.8301346302032471
lead: 1
pred mean: 0.832266092300415
lead: 4
pred mean: 0.8296865224838257
lead: 5
pred mean: 0.8302045464515686
  8%|▊         | 153/1855 [03:06<33:51,  1.19s/it]lead: 1
pred mean: 0.8385339975357056
lead: 2
pred mean: 0.8377566933631897
lead: 0
pred mean: 0.8373609781265259
lead: 2
pred mean: 0.8372877240180969
lead: 5
lead: 3
pred mean: 0.8387711644172668
pred mean: 0.8389492034912109
lead: 0
pred mean: 0.8371850252151489
lead: 4
pred mean: 0.8393669128417969
  8%|▊         | 154/1855 [03:07<34:05,  1.20s/it]lead: 3
pred mean: 0.847252607345581
lead: 0
pred mean: 0.8472812175750732
lead: 3
pred mean: 0.8454591631889343
lead: 2
pred mean: 0.8475099802017212
lead: 1
pred mean: 0.8467381000518799
lead: 3
pred mean: 0.8452023267745972
lead: 1
pred mean: 0.8472856283187866
lead: 3
pred mean: 0.8475337028503418
  8%|▊         | 155/1855 [03:08<34:05,  1.20s/it]                                                  {'loss': 17.796, 'learning_rate': 0.0001666666666666667, 'epoch': 0.42}
  8%|▊         | 155/1855 [03:08<34:05,  1.20s/it]lead: 3
pred mean: 0.8547383546829224
lead: 4
pred mean: 0.8525493144989014
lead: 2
pred mean: 0.8563677072525024
lead: 0
pred mean: 0.8545079827308655
lead: 2
lead:pred mean:  40.854219913482666

pred mean: 0.8546858429908752
lead: 4
pred mean: 0.8567415475845337
lead: 2
pred mean: 0.8544132113456726
  8%|▊         | 156/1855 [03:09<33:56,  1.20s/it]lead: 3
pred mean: 0.8627126216888428
lead: 3
pred mean: 0.8633608818054199
lead: 3
pred mean: 0.8640116453170776
lead: 1
lead: 2
pred mean: 0.8637768626213074
pred mean: 0.8643556833267212
lead: 5
pred mean: 0.8635484576225281
lead: 3
pred mean: 0.8644044995307922
lead: 0
pred mean: 0.8632208108901978
  8%|▊         | 157/1855 [03:11<33:49,  1.20s/it]lead: 4
pred mean: 0.8701941967010498
lead: 1
pred mean: 0.872516393661499
lead: 1
pred mean: 0.8705973625183105
lead: 1
pred mean: 0.8716484904289246
lead: 1
pred mean: 0.8697555065155029
lead: 2
pred mean: 0.8711370229721069
lead: 4
pred mean: 0.8717217445373535
lead: 0
pred mean: 0.8709155917167664
  9%|▊         | 158/1855 [03:12<33:52,  1.20s/it]lead: 0
pred mean: 0.8769224882125854
lead: 3
pred mean: 0.8810357451438904
lead: 1
pred mean: 0.8789471387863159
lead: 2
pred mean: 0.8757365345954895
lead: 3
pred mean: 0.878269374370575
lead: 1
pred mean: 0.878960371017456
lead: 2
pred mean: 0.8799411654472351
lead: 4
pred mean: 0.8791963458061218
  9%|▊         | 159/1855 [03:13<33:53,  1.20s/it]lead: 4
pred mean: 0.8858677744865417
lead: 3
pred mean: 0.88728928565979
lead: 3
pred mean: 0.8887555599212646
lead: 4
pred mean: 0.8878755569458008
lead: 1
pred mean: 0.887040376663208
lead: 5
pred mean: 0.8869491815567017
lead: 4
pred mean: 0.8880433440208435
lead: 4
pred mean: 0.8877283930778503
  9%|▊         | 160/1855 [03:14<33:45,  1.19s/it]                                                  {'loss': 17.7429, 'learning_rate': 0.0001720430107526882, 'epoch': 0.43}
  9%|▊         | 160/1855 [03:14<33:45,  1.19s/it]lead: 2
pred mean: 0.8946828246116638
lead: 4
pred mean: 0.8955392241477966
lead: 3
pred mean: 0.8971290588378906
lead: 5
pred mean: 0.8941744565963745
lead: 3
pred mean: 0.8952195048332214
lead: 2
pred mean: 0.8935143351554871
lead: 5
pred mean: 0.8941140174865723
lead: 4
pred mean: 0.8961646556854248
  9%|▊         | 161/1855 [03:15<33:45,  1.20s/it]lead: 2
pred mean: 0.9053394198417664
lead: 5
pred mean: 0.9051229357719421
lead: 5
pred mean: 0.903978168964386
lead: 3
pred mean: 0.9075164794921875
lead: 4
pred mean: 0.9065353870391846
lead: 4
lead: 5
pred mean: 0.9048798680305481
pred mean: 0.9043489694595337
lead: 0
pred mean: 0.9046759009361267
  9%|▊         | 162/1855 [03:17<33:34,  1.19s/it]lead: 5
pred mean: 0.9151867628097534
lead: 3
pred mean: 0.9148731827735901
lead: 4
lead: 5pred mean:
 0.9155812859535217
pred mean: 0.9125584959983826
lead: 5
pred mean: 0.9117106199264526
lead: 4
pred mean: 0.9138184785842896
lead: 1
pred mean: 0.9140965938568115
lead: 3
pred mean: 0.9139872193336487
  9%|▉         | 163/1855 [03:18<33:19,  1.18s/it]lead: 0
pred mean: 0.9200697541236877
lead: 4
pred mean: 0.9209973812103271
lead: 4
pred mean: 0.9228856563568115
lead: 3
pred mean: 0.9235967397689819
lead: 1
pred mean: 0.9203854203224182
lead: 2
pred mean: 0.9243789911270142
lead: 5
pred mean: 0.923538327217102
lead: 3
pred mean: 0.921299934387207
  9%|▉         | 164/1855 [03:19<33:30,  1.19s/it]lead: 2
pred mean: 0.9319210052490234
lead: 4
pred mean: 0.9312038421630859
lead: 4
pred mean: 0.9321271777153015
lead: 2
pred mean: 0.9295730590820312
lead: 4
pred mean: 0.9319656491279602
lead: 2
lead: 0
pred mean: 0.9294726848602295
pred mean: 0.9301012754440308
lead: 2
pred mean: 0.9307602047920227
  9%|▉         | 165/1855 [03:20<33:25,  1.19s/it]                                                  {'loss': 17.6889, 'learning_rate': 0.0001774193548387097, 'epoch': 0.44}
  9%|▉         | 165/1855 [03:20<33:25,  1.19s/it]lead: 4
pred mean: 0.9387593865394592
lead: 0
lead: 0
pred mean: 0.9409908652305603
lead: pred mean:2 
0.9370437264442444
pred mean: 0.9418618083000183
lead: 4
pred mean: 0.9390367269515991
lead: 4
pred mean: 0.9376380443572998
lead: 0
pred mean: 0.9357373118400574
lead: 4
pred mean: 0.9369686841964722
  9%|▉         | 166/1855 [03:21<33:23,  1.19s/it]lead: 0
pred mean: 0.9437195062637329
lead: 3
pred mean: 0.9479989409446716
lead: 1
lead: 2
pred mean: 0.9463933706283569
pred mean: 0.9487200379371643
lead: 3
pred mean: 0.9482567310333252
lead: 5
pred mean: 0.9464333057403564
lead: 4
pred mean: 0.9451712965965271
lead: 0
pred mean: 0.9446592926979065
  9%|▉         | 167/1855 [03:23<33:33,  1.19s/it]lead: 3
pred mean: 0.9579145908355713
lead: 1
pred mean: 0.9568142294883728
lead: 4
pred mean: 0.9556435942649841
lead: 0
pred mean: 0.9578481316566467
lead: 3
pred mean: 0.9552974700927734
lead: 4
pred mean: 0.9581568837165833
lead: 0
pred mean: 0.9560807943344116
lead: 3
pred mean: 0.9560497999191284
  9%|▉         | 168/1855 [03:24<33:18,  1.18s/it]lead: 5
pred mean: 0.9652735590934753
lead: 3
pred mean: 0.9681549072265625
lead: 1
pred mean: 0.9632697701454163
lead: 1
pred mean: 0.9657850861549377
lead: 3
pred mean: 0.9621221423149109
lead: 4
pred mean: 0.9661985635757446
lead: 3
pred mean: 0.9633772373199463
lead: 2
pred mean: 0.962219774723053
  9%|▉         | 169/1855 [03:25<33:32,  1.19s/it]lead: 4
pred mean: 0.978516161441803
lead: 0
pred mean: 0.9730647802352905
lead: 5
pred mean: 0.9749613404273987
lead: 5
pred mean: 0.9769397377967834
lead: 5
pred mean: 0.9758318066596985
lead: 4
pred mean: 0.9775273203849792
lead: 3
pred mean: 0.9728824496269226
lead: 2
pred mean: 0.9740073680877686
  9%|▉         | 170/1855 [03:26<33:42,  1.20s/it]                                                  {'loss': 17.6363, 'learning_rate': 0.0001827956989247312, 'epoch': 0.46}
  9%|▉         | 170/1855 [03:26<33:42,  1.20s/it]lead: 0
pred mean: 0.9818993806838989
lead: 2
pred mean: 0.9800311923027039
lead: 0
pred mean: 0.9854092597961426
lead: 0
pred mean: 0.9825133085250854
lead: 2
pred mean: 0.9829064607620239
lead: 1
pred mean: 0.9851418733596802
lead: 0
pred mean: 0.9839619994163513
lead: 4
pred mean: 0.9832895994186401
  9%|▉         | 171/1855 [03:27<34:21,  1.22s/it]lead: 2
pred mean: 0.994969367980957
lead: 2
pred mean: 0.9904983043670654
lead: 5
pred mean: 0.9928243160247803
lead: 2
pred mean: 0.9899287223815918
lead: 2
pred mean: 0.9939485788345337
lead: 3
pred mean: 0.9922000765800476
lead: 0
pred mean: 0.9940648674964905
lead: 4
pred mean: 0.991823673248291
  9%|▉         | 172/1855 [03:29<34:10,  1.22s/it]lead: 3
pred mean: 1.0018638372421265
lead: 4
pred mean: 1.0009126663208008
lead: 5
pred mean: 1.0035631656646729
lead: 0
pred mean: 1.0030770301818848
lead: 3
pred mean: 1.0012716054916382
lead: 4
pred mean: 1.002841830253601
lead: 0
pred mean: 1.00411057472229
lead: 0
pred mean: 1.0003457069396973
  9%|▉         | 173/1855 [03:30<33:51,  1.21s/it]lead: 5
pred mean: 1.0101866722106934
lead: 5
pred mean: 1.013135552406311
lead: 5lead:
 3
pred mean: pred mean:1.006102204322815 
1.0116103887557983
lead: 5
pred mean: 1.0107760429382324
lead: 0
pred mean: 1.011427640914917
lead: 1
pred mean: 1.010918378829956
lead: 1
pred mean: 1.0082762241363525
  9%|▉         | 174/1855 [03:31<33:44,  1.20s/it]lead: 2
pred mean: 1.0176539421081543
lead: 4
pred mean: 1.0202823877334595
lead: 2
pred mean: 1.0232857465744019
lead: 0
pred mean: 1.020782709121704
lead: 4
pred mean: 1.0211260318756104
lead: 4
pred mean: 1.0217643976211548
lead: 4
pred mean: 1.0202902555465698
lead: 0
pred mean: 1.0171161890029907
  9%|▉         | 175/1855 [03:32<33:32,  1.20s/it]                                                  {'loss': 17.5768, 'learning_rate': 0.00018817204301075272, 'epoch': 0.47}
  9%|▉         | 175/1855 [03:32<33:32,  1.20s/it]lead: 2
pred mean: 1.0319777727127075
lead: 4
pred mean: 1.029608130455017
lead: 1
pred mean: 1.0302990674972534
lead: 1
pred mean: 1.030687689781189
lead: 3
pred mean: 1.028238296508789
lead: 2
pred mean: 1.0304867029190063
lead: 0
pred mean: 1.028648018836975
lead: 4
pred mean: 1.0307848453521729
  9%|▉         | 176/1855 [03:34<34:34,  1.24s/it]lead: 5
pred mean: 1.0369691848754883
lead: 5
lead: 1
pred mean: 1.0392861366271973
pred mean: 1.0391522645950317
lead: 0
pred mean: 1.0397695302963257
lead: 0
pred mean: 1.038230061531067
lead: 5
pred mean: 1.037872314453125
lead: 2
pred mean: 1.0401439666748047
lead: 2
pred mean: 1.0421761274337769
 10%|▉         | 177/1855 [03:35<34:01,  1.22s/it]lead: 5
lead: 0
pred mean: 1.0511658191680908
pred mean: 1.0489060878753662
lead: 1
pred mean: 1.0462517738342285
lead: 4
pred mean: 1.050194263458252
lead: 4
pred mean: 1.051316738128662
lead: 3
pred mean: 1.048405647277832
lead: 5
pred mean: 1.0500622987747192
lead: 5
pred mean: 1.0494645833969116
 10%|▉         | 178/1855 [03:36<33:48,  1.21s/it]lead: 5
pred mean: 1.0613093376159668
lead: 0
pred mean: 1.0544296503067017
lead:lead:  20

pred mean:pred mean:  1.0614610910415651.0567888021469116

lead: 3
pred mean: 1.057653546333313
lead: 0
pred mean: 1.0593212842941284
lead: 1
pred mean: 1.0597156286239624
lead: 3
pred mean: 1.056839108467102
 10%|▉         | 179/1855 [03:37<33:49,  1.21s/it]lead: 2
pred mean: 1.0627851486206055
lead: 1
pred mean: 1.0661031007766724
lead: 5
pred mean: 1.0714445114135742
lead: 1
pred mean: 1.0692214965820312
lead: 2
lead: 5
pred mean: 1.0693877935409546
pred mean: 1.0697736740112305
lead: 1
pred mean: 1.068979024887085
lead: 2
pred mean: 1.0663604736328125
 10%|▉         | 180/1855 [03:38<33:39,  1.21s/it]                                                  {'loss': 17.5175, 'learning_rate': 0.00019354838709677422, 'epoch': 0.49}
 10%|▉         | 180/1855 [03:38<33:39,  1.21s/it]lead: 1
pred mean: 1.0762150287628174
lead: 4
pred mean: 1.0810662508010864
lead:lead:  25

pred mean:pred mean:  1.079468011856079
1.0772428512573242
lead: 0
pred mean: 1.0784832239151
lead: 4
pred mean: 1.0751327276229858
lead: 1
pred mean: 1.0775887966156006
lead: 3
pred mean: 1.0805972814559937
 10%|▉         | 181/1855 [03:39<33:15,  1.19s/it]lead: 4
pred mean: 1.0892025232315063
lead: 4
pred mean: 1.0905126333236694
lead:lead:  11

pred mean:pred mean:  1.08731234073638921.090496301651001

lead: 2
pred mean: 1.0877304077148438
lead: 0
pred mean: 1.0845180749893188
lead: 0
pred mean: 1.0884170532226562
lead: 0
pred mean: 1.0851423740386963
 10%|▉         | 182/1855 [03:41<33:08,  1.19s/it]lead: 1
pred mean: 1.0970938205718994
lead: 3
pred mean: 1.0982491970062256
lead: 1
pred mean: 1.0972797870635986
lead: 5
pred mean: 1.0949265956878662
lead: 1
pred mean: 1.0969945192337036
lead: 4
pred mean: 1.0991384983062744
lead: 2
pred mean: 1.0999101400375366
lead: 1
pred mean: 1.0959243774414062
 10%|▉         | 183/1855 [03:42<33:33,  1.20s/it]lead: 3
pred mean: 1.1061203479766846
lead: 1
pred mean: 1.1057426929473877
lead: 4
pred mean: 1.1081970930099487
lead: 0
pred mean: 1.1062275171279907
lead: 2
pred mean: 1.1080589294433594
lead: 5
pred mean: 1.1057398319244385
lead: 5
pred mean: 1.1048370599746704
lead: 5
pred mean: 1.1082651615142822
 10%|▉         | 184/1855 [03:43<33:32,  1.20s/it]lead: 5
pred mean: 1.1175615787506104
lead: 1
pred mean: 1.117668628692627
lead: 0
pred mean: 1.112290620803833
lead: 4
pred mean: 1.117030143737793
lead: 5
pred mean: 1.1176255941390991
lead: 4
pred mean: 1.1166942119598389
lead: 0
pred mean: 1.113383173942566
lead: 5
pred mean: 1.116949439048767
 10%|▉         | 185/1855 [03:44<33:35,  1.21s/it]                                                  {'loss': 17.4582, 'learning_rate': 0.00019892473118279572, 'epoch': 0.5}
 10%|▉         | 185/1855 [03:44<33:35,  1.21s/it]lead: 0
pred mean: 1.1255857944488525
lead: 0
pred mean: 1.125350832939148
lead: 1
pred mean: 1.1282769441604614
lead: 4
pred mean: 1.1272051334381104
lead: 0
pred mean: 1.126863718032837
lead: 1
pred mean: 1.1257312297821045
lead: 5
pred mean: 1.1255475282669067
lead: 1
pred mean: 1.1290104389190674
 10%|█         | 186/1855 [03:46<33:28,  1.20s/it]lead: 1
pred mean: 1.1387898921966553
lead: 1
pred mean: 1.1345072984695435
lead: 2
pred mean: 1.1334466934204102
lead: 5
pred mean: 1.1359639167785645
lead: 4
pred mean: 1.136461853981018
lead: 5
pred mean: 1.1352894306182861
lead: 3
lead:pred mean:  11.1327191591262817

pred mean: 1.1369900703430176
 10%|█         | 187/1855 [03:47<33:18,  1.20s/it]lead: 4
pred mean: 1.1482088565826416
lead: 5
pred mean: 1.1485621929168701
lead: 4
pred mean: 1.1447676420211792
lead: 3
pred mean: 1.1454112529754639
lead: 4
pred mean: 1.147228717803955
lead: 0
pred mean: 1.1453604698181152
lead: 4
pred mean: 1.1464494466781616
lead: 0
pred mean: 1.1456682682037354
 10%|█         | 188/1855 [03:48<33:09,  1.19s/it]lead: 5
pred mean: 1.1554127931594849
lead: 4
pred mean: 1.159945011138916
lead: 2
pred mean: 1.1526304483413696
lead: 2
pred mean: 1.1550884246826172
lead: 0
pred mean: 1.1539528369903564
lead: 5
pred mean: 1.1566572189331055
lead: 0
pred mean: 1.1559146642684937
lead: 0
pred mean: 1.152642846107483
 10%|█         | 189/1855 [03:49<33:11,  1.20s/it]lead: 4
pred mean: 1.1663565635681152
lead: 2
pred mean: 1.1651759147644043
lead: 0
pred mean: 1.1663792133331299
lead: 1
pred mean: 1.163879632949829
lead: 5
pred mean: 1.167173147201538
lead: 0
pred mean: 1.1673524379730225
lead: 4
pred mean: 1.1644703149795532
lead: 0
pred mean: 1.1638908386230469
 10%|█         | 190/1855 [03:50<32:54,  1.19s/it]                                                  {'loss': 17.394, 'learning_rate': 0.0001999971655094897, 'epoch': 0.51}
 10%|█         | 190/1855 [03:50<32:54,  1.19s/it]lead: 4
pred mean: 1.1759603023529053
lead: 4
pred mean: 1.1782335042953491
lead: 5
pred mean: 1.1801122426986694
lead: 0
pred mean: 1.1728700399398804
lead: 1
pred mean: 1.1791155338287354
lead: 0
pred mean: 1.177799105644226
lead: 3
pred mean: 1.1778407096862793
lead: 2
pred mean: 1.1739938259124756
 10%|█         | 191/1855 [03:51<33:06,  1.19s/it]lead: 5
pred mean: 1.1836851835250854
lead: 0
pred mean: 1.1875510215759277
lead: 5
pred mean: 1.1886667013168335
lead: 1
pred mean: 1.1835342645645142
lead: 1
lead: 2
pred mean: 1.187707781791687
pred mean: 1.1866995096206665
lead: 0
pred mean: 1.1844569444656372
lead: 4
pred mean: 1.1888062953948975
 10%|█         | 192/1855 [03:53<32:58,  1.19s/it]lead: 3
pred mean: 1.19890558719635
lead: 2
pred mean: 1.1920852661132812lead:
 0
pred mean: 1.1942273378372192
lead: 3
pred mean: 1.19734525680542
lead: 5
pred mean: 1.1971125602722168
lead: 4
pred mean: 1.1968435049057007
lead: 5
pred mean: 1.1972529888153076
lead: 5
pred mean: 1.1990001201629639
 10%|█         | 193/1855 [03:54<32:41,  1.18s/it]lead: 2
pred mean: 1.207388997077942
lead: 5
pred mean: 1.2069437503814697
lead: 0
pred mean: 1.2092158794403076
lead: 2
pred mean: 1.207782506942749
lead: 5
pred mean: 1.2087352275848389
lead: 3
pred mean: 1.2043774127960205
lead: 3
pred mean: 1.2090946435928345
lead: 4
pred mean: 1.2053158283233643
 10%|█         | 194/1855 [03:55<32:50,  1.19s/it]lead: 1
pred mean: 1.217803955078125
lead: 5
pred mean: 1.2174657583236694
lead: 1
pred mean: 1.213828444480896
lead: 2
pred mean: 1.2159922122955322
lead: 2
pred mean: 1.2160978317260742
lead: 0
pred mean: 1.2196637392044067
lead: 3
pred mean: 1.2134757041931152
lead: 2
pred mean: 1.2190580368041992
 11%|█         | 195/1855 [03:56<32:51,  1.19s/it]                                                  {'loss': 17.3329, 'learning_rate': 0.00019998565066718676, 'epoch': 0.53}
 11%|█         | 195/1855 [03:56<32:51,  1.19s/it]lead: 2
pred mean: 1.2277787923812866
lead: 1
pred mean: 1.2292969226837158
lead: 4
pred mean: 1.225639820098877
lead: 1
pred mean: 1.2285159826278687
lead: 1
pred mean: 1.22489333152771
lead: 4
pred mean: 1.2292718887329102
lead: 4
pred mean: 1.2296079397201538
lead: 4
pred mean: 1.2237054109573364
 11%|█         | 196/1855 [03:57<32:51,  1.19s/it]lead: 4
pred mean: 1.2378064393997192
lead: 0
pred mean: 1.2350594997406006
lead: 1
pred mean: 1.2392067909240723
lead: 0
pred mean: 1.237499475479126
lead: 3
pred mean: 1.2329857349395752
lead: 3
pred mean: 1.2332489490509033
lead: 5
pred mean: 1.2392878532409668
lead: 0
pred mean: 1.2352564334869385
 11%|█         | 197/1855 [03:59<32:46,  1.19s/it]lead: 3
pred mean: 1.2440119981765747
lead: 3
lead: 0
pred mean: 1.246931791305542
pred mean: 1.2491225004196167
lead: 4
pred mean: 1.2495429515838623
lead: 4
pred mean: 1.2523871660232544
lead: 5
pred mean: 1.247294545173645
lead: 3
pred mean: 1.2463557720184326
lead: 1
pred mean: 1.2438991069793701
 11%|█         | 198/1855 [04:00<32:36,  1.18s/it]lead: 5
pred mean: 1.258433222770691
lead: 0
pred mean: 1.2579110860824585
lead: 4
pred mean: 1.2583683729171753
lead: 2lead:
 4
pred mean: pred mean:1.257796287536621 
1.2607825994491577
lead: 1
pred mean: 1.2576173543930054
lead: 3
pred mean: 1.256278395652771
lead: 1
pred mean: 1.2562973499298096
 11%|█         | 199/1855 [04:01<32:37,  1.18s/it]lead: 2
pred mean: 1.2657241821289062
lead: 2
lead: 5
pred mean: 1.2642161846160889
pred mean: 1.269135594367981
lead: 4
pred mean: 1.2635955810546875
lead: 3
pred mean: 1.2689343690872192
lead: 0
pred mean: 1.2645009756088257
lead: 2
pred mean: 1.267664909362793
lead: 2
pred mean: 1.265626072883606
 11%|█         | 200/1855 [04:02<32:41,  1.19s/it]                                                  {'loss': 17.2667, 'learning_rate': 0.0001999652793366067, 'epoch': 0.54}
 11%|█         | 200/1855 [04:02<32:41,  1.19s/it]lead: 5
pred mean: 1.2801167964935303
lead: 1
pred mean: 1.2740193605422974
lead: 3
pred mean: 1.2759090662002563
lead: 3
pred mean: 1.2737574577331543
lead: 5
pred mean: 1.2725225687026978
lead: 4
pred mean: 1.2743128538131714
lead: 2
pred mean: 1.2763197422027588
lead: 4
pred mean: 1.2766084671020508
 11%|█         | 201/1855 [04:03<32:43,  1.19s/it]lead: 4
pred mean: 1.289586067199707
lead: 5
pred mean: 1.287333369255066
lead: 1
pred mean: 1.2889673709869385
lead: 2
pred mean: 1.288493037223816
lead: 1
pred mean: 1.286861777305603
lead: 0
pred mean: 1.281630516052246
lead: 5
pred mean: 1.2852541208267212
lead: 1
pred mean: 1.2848708629608154
 11%|█         | 202/1855 [04:04<32:39,  1.19s/it]lead: 1
pred mean: 1.3001277446746826
lead: 5
pred mean: 1.2967745065689087
lead: 5
pred mean: 1.2964198589324951
lead: 1
pred mean: 1.2968525886535645
lead: 2
pred mean: 1.2975809574127197
lead: 3
pred mean: 1.300923228263855
lead: 3
pred mean: 1.2929630279541016
lead: 4
pred mean: 1.2967787981033325
 11%|█         | 203/1855 [04:06<32:31,  1.18s/it]lead: 4
pred mean: 1.3072282075881958
lead: 4
pred mean: 1.3059154748916626
lead: 1
pred mean: 1.3070815801620483
lead: 4
pred mean: 1.3078757524490356
lead: 4
lead: 1
pred mean: 1.3083772659301758
pred mean: 1.3083440065383911
lead: 4
pred mean: 1.3091508150100708
lead: 5
pred mean: 1.3072409629821777
 11%|█         | 204/1855 [04:07<32:26,  1.18s/it]lead: 4
pred mean: 1.3176122903823853
lead: 5
pred mean: 1.318515419960022
lead: 0
pred mean: 1.3159065246582031
lead: 2
pred mean: 1.3177976608276367
lead: 3
pred mean: 1.3182812929153442
lead: 3
pred mean: 1.3149333000183105
lead: 5
pred mean: 1.3149052858352661
lead: 0
pred mean: 1.3174428939819336
 11%|█         | 205/1855 [04:08<32:34,  1.18s/it]                                                  {'loss': 17.2057, 'learning_rate': 0.00019993605332219294, 'epoch': 0.55}
 11%|█         | 205/1855 [04:08<32:34,  1.18s/it]lead: 0
pred mean: 1.3227312564849854
lead: 4
pred mean: 1.3257079124450684
lead: 0
pred mean: 1.3270183801651
lead: 2
lead: 0
pred mean: 1.3246265649795532
pred mean: 1.3242213726043701
lead: 1
pred mean: 1.3289051055908203
lead: 2
pred mean: 1.3266183137893677
lead: 5
pred mean: 1.3240512609481812
 11%|█         | 206/1855 [04:09<32:45,  1.19s/it]lead: 0
pred mean: 1.3374395370483398
lead: 2
pred mean: 1.3371013402938843
lead: 5
pred mean: 1.3369293212890625
lead: 1
pred mean: 1.3380305767059326
lead: 2
pred mean: 1.3365468978881836
lead: 4
pred mean: 1.3409082889556885
lead: 5
pred mean: 1.3393678665161133
lead: 5
pred mean: 1.3353058099746704
 11%|█         | 207/1855 [04:10<32:37,  1.19s/it]lead: 3
pred mean: 1.3473577499389648
lead: 0
pred mean: 1.3500550985336304
lead: 5
pred mean: 1.3507009744644165
lead: 1
pred mean: 1.3482019901275635
lead: 1
pred mean: 1.348362922668457
lead: 5
pred mean: 1.3485380411148071
lead: 5
pred mean: 1.3486790657043457
lead: 0
pred mean: 1.346494436264038
 11%|█         | 208/1855 [04:12<32:43,  1.19s/it]lead: 0
pred mean: 1.3587199449539185
lead: 2
pred mean: 1.3595964908599854
lead: 5
pred mean: 1.3598896265029907
lead: 0
pred mean: 1.359976887702942
lead: 0
pred mean: 1.3584591150283813
lead: 2
pred mean: 1.357472538948059
lead: 5
pred mean: 1.360001564025879
lead: 3
pred mean: 1.3619582653045654
 11%|█▏        | 209/1855 [04:13<32:38,  1.19s/it]lead: 2
pred mean: 1.370910882949829
lead: 2
pred mean: 1.3698410987854004
lead: 2
pred mean: 1.3651114702224731
lead: 1
pred mean: 1.367704153060913
lead: 1
pred mean: 1.3692777156829834
lead: 5
pred mean: 1.372619867324829
lead: 5
pred mean: 1.3680235147476196
lead: 3
pred mean: 1.3676797151565552
 11%|█▏        | 210/1855 [04:14<32:44,  1.19s/it]                                                  {'loss': 17.1361, 'learning_rate': 0.0001998979752127155, 'epoch': 0.57}
 11%|█▏        | 210/1855 [04:14<32:44,  1.19s/it]lead: 5
pred mean: 1.3808214664459229
lead: 0
pred mean: 1.3764195442199707
lead: 4
pred mean: 1.3769779205322266
lead: 5
pred mean: 1.3794273138046265
lead: 5
pred mean: 1.3795844316482544
lead: 3
pred mean: 1.379555583000183
lead: 5
pred mean: 1.3796876668930054
lead: 2
pred mean: 1.3749706745147705
 11%|█▏        | 211/1855 [04:15<32:39,  1.19s/it]lead: 0
pred mean: 1.3889896869659424
lead: 2
pred mean: 1.3924598693847656
lead: 3
pred mean: 1.3868014812469482
lead: 4
pred mean: 1.3907822370529175
lead: 2
pred mean: 1.3919569253921509
lead: 5
pred mean: 1.387835144996643
lead: 2
pred mean: 1.387626051902771
lead: 5
pred mean: 1.3905613422393799
 11%|█▏        | 212/1855 [04:16<32:42,  1.19s/it]lead: 3
pred mean: 1.3965888023376465
lead: 4
pred mean: 1.397821307182312
lead: 3
pred mean: 1.4007142782211304
lead: 5
pred mean: 1.3984588384628296
lead: 3
pred mean: 1.4026974439620972
lead: 2
pred mean: 1.4004613161087036
lead: 3
pred mean: 1.3986239433288574
lead: 3
pred mean: 1.4034092426300049
 11%|█▏        | 213/1855 [04:18<33:00,  1.21s/it]lead: 4
pred mean: 1.4102191925048828
lead: 3
pred mean: 1.4108134508132935
lead: 5
pred mean: 1.4127458333969116
lead: 4
lead: 2
pred mean: 1.409164309501648
pred mean: 1.406646966934204
lead: 5
pred mean: 1.4054069519042969
lead: 0
pred mean: 1.4110658168792725
lead: 4
pred mean: 1.4056891202926636
 12%|█▏        | 214/1855 [04:19<33:05,  1.21s/it]lead: 1
pred mean: 1.4181557893753052
lead: 0
pred mean: 1.4189958572387695
lead: 2
pred mean: 1.4210115671157837
lead: 2
lead:pred mean:  51.4183602333068848

pred mean: 1.4178297519683838
lead: 0
pred mean: 1.4135390520095825
lead: 2
pred mean: 1.4142168760299683
lead: 3
pred mean: 1.4172430038452148
 12%|█▏        | 215/1855 [04:20<32:59,  1.21s/it]                                                  {'loss': 17.0734, 'learning_rate': 0.00019985104838104165, 'epoch': 0.58}
 12%|█▏        | 215/1855 [04:20<32:59,  1.21s/it]lead: 1
pred mean: 1.4274505376815796
lead: 2
pred mean: 1.4257023334503174
lead: 5
pred mean: 1.4264899492263794
lead: 5
pred mean: 1.429836392402649
lead: 2
pred mean: 1.4287734031677246
lead: 2
pred mean: 1.429823875427246
lead: 5
pred mean: 1.426173210144043
lead: 5
pred mean: 1.4285328388214111
 12%|█▏        | 216/1855 [04:21<32:53,  1.20s/it]lead: 4
pred mean: 1.4365687370300293
lead: 5
pred mean: 1.442840576171875
lead: 2
pred mean: 1.4453647136688232
lead: 0
pred mean: 1.4366047382354736
lead: 0
pred mean: 1.4387012720108032
lead: 4
pred mean: 1.4376202821731567
lead: 4
pred mean: 1.4410881996154785
lead: 0
pred mean: 1.4400866031646729
 12%|█▏        | 217/1855 [04:22<32:29,  1.19s/it]lead: 0
pred mean: 1.4491485357284546
lead: 1
pred mean: 1.448627233505249
lead: 2
pred mean: 1.447810411453247
lead: 0
pred mean: 1.4464508295059204
lead: 4
pred mean: 1.4503672122955322
lead: 5
pred mean: 1.445188045501709
lead: 1
pred mean: 1.4482733011245728
lead: 5
pred mean: 1.4509745836257935
 12%|█▏        | 218/1855 [04:24<32:32,  1.19s/it]lead: 1
pred mean: 1.45815908908844
lead: 3
pred mean: 1.4596998691558838
lead: 2
pred mean: 1.4560942649841309
lead: 0
pred mean: 1.4592658281326294
lead: 5
pred mean: 1.459138035774231
lead: 1
pred mean: 1.4594656229019165
lead: 5
pred mean: 1.4634836912155151
lead: 2
pred mean: 1.4599837064743042
 12%|█▏        | 219/1855 [04:25<32:26,  1.19s/it]lead: 0
pred mean: 1.4653242826461792
lead: 5
lead: 5
pred mean: 1.467273473739624
pred mean: 1.4701379537582397
lead: 1
lead: 3
pred mean: 1.4691190719604492
pred mean: 1.4719854593276978
lead: 0
pred mean: 1.4686285257339478
lead: 5
pred mean: 1.4641786813735962
lead: 2
pred mean: 1.4672397375106812
 12%|█▏        | 220/1855 [04:26<32:36,  1.20s/it]                                                  {'loss': 17.0099, 'learning_rate': 0.0001997952769838372, 'epoch': 0.59}
 12%|█▏        | 220/1855 [04:26<32:36,  1.20s/it]lead: 2
pred mean: 1.4786897897720337
lead: 2
pred mean: 1.4782079458236694
lead: 5
pred mean: 1.4796583652496338
lead: 4
pred mean: 1.4819964170455933
lead: 1
pred mean: 1.4783387184143066
lead: 3
pred mean: 1.4797800779342651
lead: 3
pred mean: 1.4778063297271729
lead: 2
pred mean: 1.4793606996536255
 12%|█▏        | 221/1855 [04:27<32:42,  1.20s/it]lead: 5
pred mean: 1.4874013662338257
lead: 3
pred mean: 1.4878971576690674
lead: 3
pred mean: 1.4890750646591187
lead: 2
pred mean: 1.493606448173523
lead: 1
pred mean: 1.4865713119506836
lead: 3
pred mean: 1.4895199537277222
lead: 0
pred mean: 1.4890882968902588
lead: 4
pred mean: 1.4891914129257202
 12%|█▏        | 222/1855 [04:28<32:18,  1.19s/it]lead: 1
pred mean: 1.5020028352737427
lead: 1
pred mean: 1.5011708736419678
lead: 1
pred mean: 1.497776985168457
lead: 5
lead: 5
pred mean: 1.497733235359192
pred mean: 1.498533844947815
lead: 0
pred mean: 1.500914216041565
lead: 4
pred mean: 1.4985193014144897
lead: 4
pred mean: 1.4985949993133545
 12%|█▏        | 223/1855 [04:30<32:26,  1.19s/it]lead: 0
pred mean: 1.5081584453582764
lead: 4
pred mean: 1.5087504386901855
lead: 4
pred mean: 1.512593150138855
lead: 2
pred mean: 1.5118513107299805
lead: 3
pred mean: 1.509468913078308
lead: 1
pred mean: 1.5147125720977783
lead: 1
pred mean: 1.5093072652816772
lead: 1
pred mean: 1.5141255855560303
 12%|█▏        | 224/1855 [04:31<32:30,  1.20s/it]lead: 2
pred mean: 1.5227528810501099
lead: 0
lead: 3
pred mean: 1.5215466022491455
pred mean: 1.5202162265777588
lead: 2
pred mean: 1.522348403930664
lead: 1
pred mean: 1.5219262838363647
lead: 3
pred mean: 1.5231620073318481
lead: 2
pred mean: 1.5215864181518555
lead: 4
pred mean: 1.5182390213012695
 12%|█▏        | 225/1855 [04:32<32:19,  1.19s/it]                                                  {'loss': 16.9427, 'learning_rate': 0.00019973066596119828, 'epoch': 0.61}
 12%|█▏        | 225/1855 [04:32<32:19,  1.19s/it]lead: 2
pred mean: 1.5303804874420166
lead: 2
pred mean: 1.5324548482894897
lead: 0
pred mean: 1.5317509174346924
lead: 3
pred mean: 1.5327634811401367
lead: 5
pred mean: 1.5317388772964478
lead: 2
pred mean: 1.5347192287445068
lead: 0
pred mean: 1.533452033996582
lead: 5
pred mean: 1.5281145572662354
 12%|█▏        | 226/1855 [04:33<32:27,  1.20s/it]lead: 5
pred mean: 1.5420361757278442
lead: 4
pred mean: 1.5388411283493042
lead: 5
pred mean: 1.5385034084320068
lead: 2
pred mean: 1.5403521060943604
lead: 3
pred mean: 1.5419669151306152
lead: 4
pred mean: 1.53826904296875
lead: 2
pred mean: 1.5438663959503174
lead: 0
pred mean: 1.5366594791412354
 12%|█▏        | 227/1855 [04:34<32:30,  1.20s/it]lead: 1
pred mean: 1.5520612001419067
lead: 5
pred mean: 1.5493615865707397
lead:lead:  01

pred mean:pred mean:  1.55264604091644291.5478237867355347

lead: 0
pred mean: 1.5492348670959473
lead: 4
pred mean: 1.5514678955078125
lead: 2
lead: 4
pred mean: 1.5507867336273193
pred mean: 1.549596905708313
 12%|█▏        | 228/1855 [04:36<32:31,  1.20s/it]lead: 1
pred mean: 1.5585987567901611
lead: 1
pred mean: 1.5627962350845337
lead: 2
pred mean: 1.5564465522766113
lead: 2
pred mean: 1.5638554096221924
lead: 0
pred mean: 1.5604499578475952
lead: 3
pred mean: 1.5617886781692505
lead: 5
pred mean: 1.5600335597991943
lead: 5
pred mean: 1.5614477396011353
 12%|█▏        | 229/1855 [04:37<32:34,  1.20s/it]lead: 5
pred mean: 1.5700457096099854
lead: 5
pred mean: 1.5688258409500122
lead: 3
pred mean: 1.5696120262145996
lead: 3
lead: 0
pred mean: 1.5705441236495972
pred mean: 1.5710539817810059
lead: 2
pred mean: 1.5712476968765259
lead: 1
pred mean: 1.566594123840332
lead: 5
pred mean: 1.569322109222412
 12%|█▏        | 230/1855 [04:38<32:23,  1.20s/it]                                                  {'loss': 16.8765, 'learning_rate': 0.00019965722103621378, 'epoch': 0.62}
 12%|█▏        | 230/1855 [04:38<32:23,  1.20s/it]lead: 5
pred mean: 1.5803450345993042
lead: 5
pred mean: 1.5814151763916016
lead: 2
pred mean: 1.581644058227539
lead: 2
pred mean: 1.5832523107528687
lead: 5
pred mean: 1.5767399072647095
lead: 5
pred mean: 1.5830551385879517
lead: 3
pred mean: 1.5836927890777588
lead: 1
pred mean: 1.581475853919983
 12%|█▏        | 231/1855 [04:39<32:24,  1.20s/it]lead: 0
pred mean: 1.5946967601776123
lead: 4
pred mean: 1.5925171375274658
lead: 5
pred mean: 1.591347575187683
lead: 1
pred mean: 1.5902886390686035
lead: 4
pred mean: 1.5887305736541748
lead: 1
pred mean: 1.5878733396530151
lead: 5
pred mean: 1.5913398265838623
lead: 3
pred mean: 1.5889126062393188
 13%|█▎        | 232/1855 [04:40<32:08,  1.19s/it]lead: 2
lead:pred mean:  51.600014567375183

pred mean: 1.6046723127365112
lead: 3
pred mean: 1.6040619611740112
lead: 3
pred mean: 1.5972926616668701
lead: 1
pred mean: 1.6049799919128418
lead: 5
pred mean: 1.603604793548584
lead: 2
pred mean: 1.5988017320632935
lead: 1
pred mean: 1.6046146154403687
 13%|█▎        | 233/1855 [04:42<32:06,  1.19s/it]lead: 3
pred mean: 1.6171475648880005
lead: 1
pred mean: 1.6135790348052979
lead: 0
pred mean: 1.6123660802841187
lead: 4
pred mean: 1.6159422397613525
lead: 2
pred mean: 1.6145116090774536
lead: 5
pred mean: 1.6115525960922241
lead: 1
pred mean: 1.6150782108306885
lead: 1
pred mean: 1.610862135887146
 13%|█▎        | 234/1855 [04:43<32:02,  1.19s/it]lead: 0
pred mean: 1.6233978271484375
lead: 1
pred mean: 1.623025894165039
lead: 1
lead:pred mean:  21.6254737377166748

pred mean: 1.6235458850860596
lead: 2
pred mean: 1.6218537092208862
lead: 1
pred mean: 1.6198556423187256
lead: 4
pred mean: 1.626047968864441
lead: 5
pred mean: 1.6263004541397095
 13%|█▎        | 235/1855 [04:44<32:06,  1.19s/it]                                                  {'loss': 16.8161, 'learning_rate': 0.00019957494871445834, 'epoch': 0.63}
 13%|█▎        | 235/1855 [04:44<32:06,  1.19s/it]lead: 5
pred mean: 1.63302481174469
lead: 5
pred mean: 1.6363929510116577
lead: 5
pred mean: 1.633339285850525
lead: 3
pred mean: 1.6321173906326294
lead: 2
pred mean: 1.6326667070388794
lead: 0
pred mean: 1.6291598081588745
lead: 2
pred mean: 1.6392953395843506
lead: 3
pred mean: 1.6323301792144775
 13%|█▎        | 236/1855 [04:45<32:13,  1.19s/it]lead: 2
pred mean: 1.6471704244613647
lead: 2
pred mean: 1.6448252201080322
lead: 3
pred mean: 1.64714515209198
lead: 2
pred mean: 1.6405879259109497
lead: 5
pred mean: 1.6435164213180542
lead: 1
pred mean: 1.644752025604248
lead: 0
pred mean: 1.6414210796356201
lead: 0
pred mean: 1.6424217224121094
 13%|█▎        | 237/1855 [04:46<32:06,  1.19s/it]lead: 0
pred mean: 1.6564154624938965
lead: 5lead:
 5
pred mean: pred mean:1.64976966381073 
1.6537848711013794
lead: 0
pred mean: 1.6546801328659058
lead: 1
pred mean: 1.6486132144927979
lead: 0
pred mean: 1.6547129154205322
lead: 2
pred mean: 1.6540718078613281
lead: 0
pred mean: 1.6525182723999023
 13%|█▎        | 238/1855 [04:47<32:16,  1.20s/it]lead: 5
pred mean: 1.6624559164047241
lead: 3
pred mean: 1.6604304313659668
lead: 4
lead: 2
pred mean: 1.6610580682754517
pred mean: 1.658251166343689
lead: 0
pred mean: 1.6649835109710693
lead: 1
pred mean: 1.6665605306625366
lead: 0
pred mean: 1.6616387367248535
lead: 2
pred mean: 1.6662089824676514
 13%|█▎        | 239/1855 [04:49<32:09,  1.19s/it]lead: 3
lead: 4
pred mean: 1.6735196113586426
pred mean: 1.6681320667266846
lead: 3
pred mean: 1.6722050905227661
lead: 3
pred mean: 1.6696099042892456
lead: 4
pred mean: 1.6658532619476318
lead: 5
pred mean: 1.6717737913131714
lead: 0
pred mean: 1.6698371171951294
lead: 0
pred mean: 1.6700263023376465
 13%|█▎        | 240/1855 [04:50<31:45,  1.18s/it]                                                  {'loss': 16.7482, 'learning_rate': 0.00019948385628341622, 'epoch': 0.65}
 13%|█▎        | 240/1855 [04:50<31:45,  1.18s/it]lead: 5
pred mean: 1.6837724447250366
lead: 2
pred mean: 1.6799464225769043
lead: 0
pred mean: 1.6841579675674438
lead: 5
pred mean: 1.677470326423645
lead: 3
pred mean: 1.6843944787979126
lead: 2
pred mean: 1.6813647747039795
lead: 4
pred mean: 1.6831154823303223
lead: 0
pred mean: 1.6817594766616821
 13%|█▎        | 241/1855 [04:51<31:57,  1.19s/it]lead: 0
pred mean: 1.690464973449707
lead: 4
pred mean: 1.6932166814804077
lead: 0
pred mean: 1.694369912147522
lead: 3
pred mean: 1.6913394927978516
lead: 0
pred mean: 1.6905521154403687
lead: 1
pred mean: 1.6914702653884888
lead: 4
pred mean: 1.686799168586731
lead: 0
pred mean: 1.6941684484481812
 13%|█▎        | 242/1855 [04:52<31:57,  1.19s/it]lead: 3
pred mean: 1.7070869207382202
lead: 3
pred mean: 1.7054288387298584
lead: 1
pred mean: 1.7083077430725098
lead: 3
pred mean: 1.7051622867584229
lead: 5
pred mean: 1.7060562372207642
lead: 1
pred mean: 1.7066532373428345
lead: 2
pred mean: 1.7083898782730103
lead: 0
pred mean: 1.7089630365371704
 13%|█▎        | 243/1855 [04:53<32:01,  1.19s/it]lead: 1
pred mean: 1.7146624326705933
lead: 1
pred mean: 1.7166029214859009
lead: 3
pred mean: 1.7128496170043945
lead: 4
pred mean: 1.714646577835083
lead: 0
pred mean: 1.7142544984817505
lead: 4
pred mean: 1.7159571647644043
lead: 1
pred mean: 1.712735652923584
lead: 2
pred mean: 1.7153968811035156
 13%|█▎        | 244/1855 [04:55<32:11,  1.20s/it]lead: 3
pred mean: 1.7253763675689697
lead: 2
pred mean: 1.7232378721237183
lead: 0
pred mean: 1.7244751453399658
lead: 3
pred mean: 1.72169029712677
lead: 1
pred mean: 1.7255849838256836
lead: 4
pred mean: 1.7236982583999634
lead: 3
pred mean: 1.7214471101760864
lead: 3
pred mean: 1.7308176755905151
 13%|█▎        | 245/1855 [04:56<32:11,  1.20s/it]                                                  {'loss': 16.6815, 'learning_rate': 0.0001993839518118357, 'epoch': 0.66}
 13%|█▎        | 245/1855 [04:56<32:11,  1.20s/it]lead: 0
pred mean: 1.7319201231002808
lead: 2
pred mean: 1.7390822172164917
lead: 2
pred mean: 1.7326358556747437
lead: 0
pred mean: 1.7366312742233276
lead: 4
pred mean: 1.7391858100891113
lead: 2
pred mean: 1.737868309020996
lead: 2
pred mean: 1.7330232858657837
lead: 3
pred mean: 1.7383053302764893
 13%|█▎        | 246/1855 [04:57<32:00,  1.19s/it]lead: 2
pred mean: 1.7449376583099365
lead: 1
pred mean: 1.7433407306671143
lead: 3
lead: 3
pred mean: 1.7455893754959106
pred mean: 1.749395489692688
lead: 2
pred mean: 1.7458560466766357
lead: 1
pred mean: 1.747136116027832
lead: 4
pred mean: 1.7454854249954224
lead: 5
pred mean: 1.7528822422027588
 13%|█▎        | 247/1855 [04:58<32:04,  1.20s/it]lead: 1
pred mean: 1.7560266256332397
lead: 5
pred mean: 1.7553361654281616
lead: 1
pred mean: 1.7543073892593384
lead: 2
pred mean: 1.754547119140625
lead: 2
pred mean: 1.7516357898712158
lead: 5
pred mean: 1.7529103755950928
lead: 3
pred mean: 1.7594516277313232
lead: 0
pred mean: 1.754586100578308
 13%|█▎        | 248/1855 [04:59<31:59,  1.19s/it]lead:lead:  02

pred mean:pred mean:  1.76433062553405761.767472505569458

lead: 1
pred mean: 1.7657647132873535
lead: 5
pred mean: 1.7654156684875488
lead: 4
pred mean: 1.766601324081421
lead: 2
pred mean: 1.7669882774353027
lead: 4
pred mean: 1.7658469676971436
lead: 0
pred mean: 1.7625855207443237
 13%|█▎        | 249/1855 [05:01<32:02,  1.20s/it]lead: 5
pred mean: 1.779794692993164
lead: 0
pred mean: 1.771844744682312
lead: 2
pred mean: 1.7756303548812866
lead: 1
pred mean: 1.7789667844772339
lead: 3
pred mean: 1.7786688804626465
lead: 3
pred mean: 1.7786699533462524
lead: 2
pred mean: 1.7770686149597168
lead: 3
pred mean: 1.7714918851852417
 13%|█▎        | 250/1855 [05:02<31:59,  1.20s/it]                                                  {'loss': 16.615, 'learning_rate': 0.0001992752441490144, 'epoch': 0.67}
 13%|█▎        | 250/1855 [05:02<31:59,  1.20s/it]lead: 3
pred mean: 1.7830921411514282
lead: 1
pred mean: 1.7839114665985107
lead: 3
pred mean: 1.7860792875289917
lead: 4
pred mean: 1.7826733589172363
lead: 1
pred mean: 1.783642292022705
lead: 2
pred mean: 1.784441351890564
lead: 0
pred mean: 1.7845991849899292
lead: 1
pred mean: 1.7803460359573364
 14%|█▎        | 251/1855 [05:03<32:03,  1.20s/it]lead: 1
pred mean: 1.796899676322937
lead: 0
lead: 3
pred mean: 1.794605016708374
pred mean: 1.7918189764022827lead:
 3
pred mean: 1.7968497276306152
lead: 0
lead: 5
pred mean: 1.7959187030792236
pred mean: 1.7892295122146606
lead: 5
pred mean: 1.7912564277648926
lead: 0
pred mean: 1.7972121238708496
 14%|█▎        | 252/1855 [05:04<32:07,  1.20s/it]lead: 0
pred mean: 1.807766318321228
lead: 2
pred mean: 1.8071115016937256
lead: 2
pred mean: 1.8068135976791382
lead: 2
lead: 4
pred mean: 1.8074229955673218
pred mean: 1.8056061267852783
lead: 4
pred mean: 1.808380126953125
lead: 3
pred mean: 1.805173397064209
lead: 5
pred mean: 1.804291844367981
 14%|█▎        | 253/1855 [05:05<31:50,  1.19s/it]lead: 2
lead: 2
pred mean: 1.8189748525619507
pred mean: 1.8178317546844482
lead: 5
pred mean: 1.8180732727050781
lead: 0
pred mean: 1.8208147287368774
lead: 0
pred mean: 1.817674994468689
lead: 1
lead: 5
pred mean: 1.813900113105774
pred mean: 1.8229858875274658
lead: 5
pred mean: 1.817941665649414
 14%|█▎        | 254/1855 [05:07<31:41,  1.19s/it]lead: 3
pred mean: 1.8306634426116943
lead: 5
pred mean: 1.8287794589996338
lead: 2
lead: 3
pred mean: 1.8231046199798584
pred mean: 1.826940655708313
lead: 4
pred mean: 1.827301025390625
lead: 2
pred mean: 1.8262540102005005
lead: 2
pred mean: 1.8268917798995972
lead: 5
pred mean: 1.8257333040237427
 14%|█▎        | 255/1855 [05:08<31:35,  1.18s/it]                                                  {'loss': 16.5508, 'learning_rate': 0.00019915774292401548, 'epoch': 0.69}
 14%|█▎        | 255/1855 [05:08<31:35,  1.18s/it]lead: 4
pred mean: 1.8404768705368042
lead: 4
pred mean: 1.8443866968154907
lead: 4
pred mean: 1.839198350906372
lead: 0
pred mean: 1.8373593091964722
lead: 5
pred mean: 1.8386623859405518
lead: 0
pred mean: 1.839962124824524
lead: 3
pred mean: 1.8394525051116943
lead: 0
pred mean: 1.840836763381958
 14%|█▍        | 256/1855 [05:09<31:40,  1.19s/it]lead: 5
lead: 2
pred mean: 1.849982738494873
pred mean: 1.8520559072494507
lead: 2
pred mean: 1.8475240468978882
lead: 2
lead: 5
pred mean: 1.8481014966964722
pred mean: 1.8478654623031616
lead: 5
pred mean: 1.851785659790039
lead: 4
pred mean: 1.8483383655548096
lead: 1
pred mean: 1.8515249490737915
 14%|█▍        | 257/1855 [05:10<31:41,  1.19s/it]lead: 1
pred mean: 1.8608392477035522
lead: 5
pred mean: 1.8615567684173584
lead: 4
pred mean: 1.8592660427093506
lead: 5
pred mean: 1.8593456745147705
lead: 2
pred mean: 1.8557549715042114
lead: 5
pred mean: 1.85610032081604
lead: 4
pred mean: 1.862801194190979
lead: 0
pred mean: 1.8542793989181519
 14%|█▍        | 258/1855 [05:11<31:40,  1.19s/it]lead: 0
pred mean: 1.8644124269485474
lead: 5
lead: 3
pred mean: 1.8665293455123901
pred mean: 1.868272304534912
lead: 5
pred mean: 1.870261311531067
lead: 0
pred mean: 1.8680156469345093
lead: 4
pred mean: 1.864603042602539
lead: 1
pred mean: 1.8687188625335693
lead: 2
pred mean: 1.8660533428192139
 14%|█▍        | 259/1855 [05:13<31:44,  1.19s/it]lead: 4
pred mean: 1.876847743988037
lead: 0
pred mean: 1.8829700946807861
lead: 5
pred mean: 1.8820102214813232
lead: 3
pred mean: 1.87576162815094
lead: 2
lead: 5
lead: 1
pred mean: 1.8754228353500366
pred mean: 1.8817397356033325
pred mean: 1.8783973455429077
lead: 4
pred mean: 1.8808658123016357
 14%|█▍        | 260/1855 [05:14<31:43,  1.19s/it]                                                  {'loss': 16.482, 'learning_rate': 0.00019903145854481457, 'epoch': 0.7}
 14%|█▍        | 260/1855 [05:14<31:43,  1.19s/it]lead: 3
pred mean: 1.8872439861297607
lead: 3
pred mean: 1.8894985914230347
lead: 4
pred mean: 1.8906105756759644
lead: 2
pred mean: 1.887963891029358
lead: 1
pred mean: 1.8869327306747437
lead: 3
lead: 1
pred mean: 1.8859628438949585
pred mean: 1.8899104595184326
lead: 5
pred mean: 1.8919488191604614
 14%|█▍        | 261/1855 [05:15<31:38,  1.19s/it]lead: 5
pred mean: 1.9000219106674194
lead: lead:5 
2
pred mean: 1.8981528282165527pred mean:
 1.9005498886108398
lead: 5
pred mean: 1.9034889936447144
lead: 0
pred mean: 1.8958959579467773
lead: 0
pred mean: 1.9013482332229614
lead: 4
pred mean: 1.8984363079071045
lead: 0
pred mean: 1.8966039419174194
 14%|█▍        | 262/1855 [05:16<31:38,  1.19s/it]lead: 2
pred mean: 1.9083675146102905
lead: 5
pred mean: 1.9075762033462524
lead: 0
pred mean: 1.9085283279418945
lead: 0
pred mean: 1.904931664466858
lead: 4
pred mean: 1.9113941192626953
lead: 2
pred mean: 1.9091566801071167
lead: 5
pred mean: 1.9075405597686768
lead: 0
pred mean: 1.907490611076355
 14%|█▍        | 263/1855 [05:17<31:43,  1.20s/it]lead: 5
lead: 0
pred mean: 1.920605182647705
pred mean: 1.9203368425369263
lead: 1
pred mean: 1.9244242906570435
lead: 2
pred mean: 1.9236785173416138
lead: 2
pred mean: 1.9211963415145874
lead: 4
pred mean: 1.918702244758606
lead: 3
pred mean: 1.9144082069396973
lead: 4
pred mean: 1.9202314615249634
 14%|█▍        | 264/1855 [05:18<31:28,  1.19s/it]lead: 1
pred mean: 1.9306188821792603
lead: 2
pred mean: 1.9310377836227417
lead: 1
pred mean: 1.928191900253296
lead: 1
pred mean: 1.9303821325302124
lead: 4
pred mean: 1.9291986227035522
lead: 5
lead: 1
pred mean: 1.9308844804763794
pred mean: 1.9290791749954224
lead: 3
pred mean: 1.9272892475128174
 14%|█▍        | 265/1855 [05:20<31:33,  1.19s/it]                                                  {'loss': 16.4183, 'learning_rate': 0.00019889640219737808, 'epoch': 0.71}
 14%|█▍        | 265/1855 [05:20<31:33,  1.19s/it]lead: 2
pred mean: 1.9419118165969849
lead: 0
pred mean: 1.9394848346710205
lead: 2
lead: 4
pred mean: 1.943487286567688
pred mean: 1.9394240379333496
lead: 2
lead:pred mean:  01.942083477973938

pred mean: 1.937038540840149
lead: 4
pred mean: 1.9411821365356445
lead: 1
pred mean: 1.9479191303253174
 14%|█▍        | 266/1855 [05:21<31:35,  1.19s/it]lead: 2
pred mean: 1.9596364498138428
lead: 5
pred mean: 1.9533374309539795
lead: 2
pred mean: 1.9546074867248535
lead: 3
pred mean: 1.9573150873184204
lead: 3
pred mean: 1.9561235904693604
lead: 3
pred mean: 1.9576663970947266
lead: 1
pred mean: 1.9574487209320068
lead: 5
pred mean: 1.954411506652832
 14%|█▍        | 267/1855 [05:22<31:37,  1.19s/it]lead: 4
pred mean: 1.968595266342163
lead: 3
pred mean: 1.9644356966018677
lead: 0
pred mean: 1.9619730710983276
lead: 4
pred mean: 1.9633204936981201
lead: 3
pred mean: 1.9707865715026855
lead: 4
pred mean: 1.9703116416931152
lead: 5
pred mean: 1.9675673246383667
lead: 4
pred mean: 1.9681965112686157
 14%|█▍        | 268/1855 [05:23<31:36,  1.20s/it]lead: 4
pred mean: 1.9736149311065674
lead: 5
pred mean: 1.9771952629089355
lead: 4
lead: 5
pred mean: 1.9735877513885498
pred mean: 1.9729373455047607
lead: 3
pred mean: 1.9746378660202026
lead: 4
pred mean: 1.9746477603912354
lead: 2
pred mean: 1.971246361732483
lead: 2
pred mean: 1.974172830581665
 15%|█▍        | 269/1855 [05:24<31:28,  1.19s/it]lead: 5
pred mean: 1.9796350002288818
lead: 5
pred mean: 1.9907522201538086
lead: 3
pred mean: 1.9854832887649536
lead: 1
pred mean: 1.983290195465088
lead: 3
pred mean: 1.9792436361312866
lead: 2
pred mean: 1.982192873954773
lead: 1
pred mean: 1.987898826599121
lead: 5
pred mean: 1.982914924621582
 15%|█▍        | 270/1855 [05:26<31:26,  1.19s/it]                                                  {'loss': 16.352, 'learning_rate': 0.00019875258584467216, 'epoch': 0.73}
 15%|█▍        | 270/1855 [05:26<31:26,  1.19s/it]lead: 1
pred mean: 1.9933949708938599
lead: 4
pred mean: 1.9930483102798462
lead: 4
pred mean: 1.9958184957504272
lead: 0
pred mean: 1.9911270141601562
lead: 1
pred mean: 1.9920258522033691
lead: 4
pred mean: 1.9878003597259521
lead: 5
pred mean: 1.9877957105636597
lead: 3
pred mean: 1.9934563636779785
 15%|█▍        | 271/1855 [05:27<31:31,  1.19s/it]lead: 3
pred mean: 1.995211124420166
lead: 2
pred mean: 2.0000457763671875
lead: 5
pred mean: 2.0001065731048584
lead: 4
pred mean: 1.9983640909194946
lead: 5
pred mean: 1.9991557598114014
lead: 2
lead: 5
pred mean: 1.9998914003372192
pred mean: 2.0011847019195557
lead: 2
pred mean: 1.9973031282424927
 15%|█▍        | 272/1855 [05:28<31:52,  1.21s/it]lead: 1
pred mean: 2.0114243030548096
lead: 0
pred mean:lead:  2.00707888603210453

pred mean: 2.0049588680267334
lead: 1
pred mean: 2.0120596885681152
lead: 4
pred mean: 2.0086896419525146
lead: 0
pred mean: 2.009082317352295
lead: 5
pred mean: 2.0063345432281494
lead: 5
pred mean: 2.0075957775115967
 15%|█▍        | 273/1855 [05:29<31:56,  1.21s/it]lead: 1
pred mean: 2.022550344467163
lead: 2
pred mean: 2.019529342651367
lead: 3
pred mean: 2.022697925567627
lead: 5
pred mean: 2.022353172302246
lead: 3
pred mean: 2.0257697105407715
lead: 1
pred mean: 2.024505615234375
lead: 3
pred mean: 2.023545265197754
lead: 0
pred mean: 2.021359920501709
 15%|█▍        | 274/1855 [05:30<31:49,  1.21s/it]lead: 5
pred mean: 2.035322904586792
lead: 5
pred mean: 2.0369303226470947
lead: 1
pred mean: 2.0370707511901855
lead: 5
pred mean: 2.0353775024414062
lead: 2
pred mean: 2.034306287765503
lead: 0
pred mean: 2.038456916809082
lead: 3
pred mean: 2.033907651901245
lead: 5
pred mean: 2.035616397857666
 15%|█▍        | 275/1855 [05:32<31:40,  1.20s/it]                                                  {'loss': 16.2884, 'learning_rate': 0.00019860002222560322, 'epoch': 0.74}
 15%|█▍        | 275/1855 [05:32<31:40,  1.20s/it]lead: 4
pred mean: 2.04797101020813
lead: 2
lead: 3
pred mean: 2.0468780994415283
pred mean: 2.0526621341705322
lead: 1
pred mean: 2.0516178607940674
lead: 3
pred mean: 2.0468404293060303
lead: 4
pred mean: 2.0526890754699707
lead: 0
pred mean: 2.0464766025543213
lead: 3
pred mean: 2.048985004425049
 15%|█▍        | 276/1855 [05:33<31:41,  1.20s/it]lead: 5
pred mean: 2.0580806732177734
lead: 3
pred mean: 2.060238838195801
lead: 3
pred mean: 2.059436082839966
lead: 4
pred mean: 2.058319330215454
lead: 4
pred mean: 2.063462257385254
lead: 0
pred mean: 2.0600028038024902
lead: 0
pred mean: 2.05539870262146
lead: 3
pred mean: 2.058704376220703
 15%|█▍        | 277/1855 [05:34<31:24,  1.19s/it]lead: 3
pred mean: 2.074042797088623
lead: 2
pred mean: 2.0720653533935547
lead: 2
pred mean: 2.0721569061279297
lead: 2
pred mean: 2.0693492889404297
lead: 1
pred mean: 2.0735421180725098
lead: 4
pred mean: 2.0759856700897217
lead: 1
pred mean: 2.0705623626708984
lead: 3
pred mean: 2.0721356868743896
 15%|█▍        | 278/1855 [05:35<31:14,  1.19s/it]lead: 2
pred mean: 2.077420949935913
lead: 2
pred mean: 2.080044746398926
lead: 3
pred mean: 2.077435255050659
lead: 0
pred mean: 2.0826895236968994
lead: 2
pred mean: 2.0759880542755127
lead: 3
pred mean: 2.081806182861328
lead: 5
pred mean: 2.0826802253723145
lead: 0
pred mean: 2.079745292663574
 15%|█▌        | 279/1855 [05:36<31:09,  1.19s/it]lead: 5
pred mean: 2.0831313133239746
lead: 0
pred mean: 2.0846714973449707
lead: 0
pred mean: 2.0832266807556152
lead: 0
pred mean: 2.0833117961883545
lead: 2
pred mean: 2.0868237018585205
lead: 5
pred mean: 2.0897505283355713
lead: 5
pred mean: 2.0833425521850586
lead: 4
pred mean: 2.084243059158325
 15%|█▌        | 280/1855 [05:38<31:16,  1.19s/it]                                                  {'loss': 16.2172, 'learning_rate': 0.00019843872485388934, 'epoch': 0.75}
 15%|█▌        | 280/1855 [05:38<31:16,  1.19s/it]lead: 4
pred mean: 2.095590591430664
lead: 0
pred mean: 2.090864419937134
lead: 3
lead: 1
pred mean: 2.092515468597412
pred mean: 2.0996227264404297
lead: 3
pred mean: 2.0951740741729736
lead: 3
pred mean: 2.0899312496185303
lead: 0
pred mean: 2.0928008556365967
lead: 3
pred mean: 2.0929341316223145
 15%|█▌        | 281/1855 [05:39<31:19,  1.19s/it]lead: 4
pred mean: 2.0961742401123047
lead: 2
pred mean: 2.0981767177581787
lead: 0
pred mean: 2.098222255706787
lead: 1
pred mean: 2.101999044418335
lead: 4
pred mean: 2.100642204284668
lead: 4
pred mean: 2.1017026901245117
lead: 1
pred mean: 2.103649377822876
lead: 5
pred mean: 2.1048061847686768
 15%|█▌        | 282/1855 [05:40<31:13,  1.19s/it]lead: 4
pred mean: 2.114211082458496
lead: 0
pred mean: 2.113184928894043
lead: 5
pred mean: 2.1143126487731934
lead: 1
pred mean: 2.113837718963623
lead: 2
pred mean: 2.1119682788848877
lead: 4
pred mean: 2.1057989597320557
lead: 5
pred mean: 2.111267328262329
lead: 5
pred mean: 2.112504720687866
 15%|█▌        | 283/1855 [05:41<31:16,  1.19s/it]lead: 5
pred mean: 2.1284143924713135
lead: 4
pred mean: 2.1261041164398193
lead: 3
pred mean: 2.128326892852783
lead: 5
pred mean: 2.122640609741211
lead: 5
pred mean: 2.1226534843444824
lead: 4
pred mean: 2.1296048164367676
lead: 5
pred mean: 2.1227481365203857
lead: 4
pred mean: 2.122692346572876
 15%|█▌        | 284/1855 [05:42<31:20,  1.20s/it]lead: 0
pred mean: 2.137136936187744
lead: 5
pred mean: 2.1405961513519287
lead: 0
pred mean: 2.13950252532959
lead: 4
pred mean: 2.143631935119629
lead: 2
pred mean: 2.1399052143096924
lead: 2
pred mean: 2.1407527923583984
lead: 4
pred mean: 2.1426608562469482
lead: 5
pred mean: 2.1384074687957764
 15%|█▌        | 285/1855 [05:44<31:06,  1.19s/it]                                                  {'loss': 16.1505, 'learning_rate': 0.00019826870801686351, 'epoch': 0.77}
 15%|█▌        | 285/1855 [05:44<31:06,  1.19s/it]lead: 5
pred mean: 2.1522271633148193
lead: 3
pred mean: 2.1492273807525635
lead: 3
pred mean: 2.1520280838012695
lead: 3
pred mean: 2.1490814685821533
lead: 0
pred mean: 2.1519217491149902
lead: 1
pred mean: 2.1538500785827637
lead:lead:  33

pred mean:pred mean:  2.15323495864868162.155308723449707

 15%|█▌        | 286/1855 [05:45<31:07,  1.19s/it]lead: 3
pred mean: 2.159585475921631
lead: 5
pred mean: 2.1619443893432617
lead: 4
pred mean: 2.1640448570251465
lead: 0
pred mean: 2.160872220993042
lead: 0
pred mean: 2.159212589263916
lead: 2
pred mean: 2.163285255432129
lead: 3
pred mean: 2.1615447998046875
lead: 1
pred mean: 2.1653270721435547
 15%|█▌        | 287/1855 [05:46<31:08,  1.19s/it]lead: 1
pred mean: 2.175086498260498
lead: 1
pred mean: 2.1695196628570557
lead: 4
pred mean: 2.168945074081421
lead: 1
pred mean: 2.173741340637207
lead: 4
pred mean: 2.1688525676727295
lead: 0
pred mean: 2.1720402240753174
lead: 5
pred mean: 2.171933174133301
lead: 2
pred mean: 2.172086715698242
 16%|█▌        | 288/1855 [05:47<31:02,  1.19s/it]lead: 1
pred mean: 2.181549072265625
lead: 5
pred mean: 2.1836674213409424
lead: 0
pred mean: 2.182188034057617
lead: 5
pred mean: 2.183939218521118
lead: 5
pred mean: 2.1860861778259277
lead: 2
pred mean: 2.1835272312164307
lead: 5
pred mean: 2.186448097229004
lead: 0
pred mean: 2.1759328842163086
 16%|█▌        | 289/1855 [05:48<31:33,  1.21s/it]lead: 4
pred mean: 2.1936349868774414
lead: 0
pred mean: 2.187657117843628
lead: 5
lead: 2
pred mean: 2.1874608993530273
pred mean: 2.1913564205169678
lead: 0
pred mean: 2.184976577758789
lead: 0
pred mean: 2.19050931930542
lead: 3
pred mean: 2.184114456176758
lead: 2
pred mean: 2.185697078704834
 16%|█▌        | 290/1855 [05:50<31:22,  1.20s/it]                                                  {'loss': 16.0854, 'learning_rate': 0.000198089986774208, 'epoch': 0.78}
 16%|█▌        | 290/1855 [05:50<31:22,  1.20s/it]lead: 5
pred mean: 2.1981446743011475
lead: 1
pred mean: 2.194489002227783
lead: 0
pred mean: 2.2068774700164795
lead: 1
pred mean: 2.1956591606140137
lead: 1
pred mean: 2.1927647590637207
lead: 3
pred mean: 2.1963393688201904
lead: 3
pred mean: 2.2012221813201904
lead: 1
pred mean: 2.1971981525421143
 16%|█▌        | 291/1855 [05:51<31:18,  1.20s/it]lead: 4
pred mean: 2.214456796646118
lead: 1
pred mean: 2.209989547729492
lead: 2
pred mean: 2.2033772468566895
lead: 1
pred mean: 2.203839063644409
lead: 0
pred mean: 2.2140069007873535
lead: 3
pred mean: 2.2071115970611572
lead: 5
pred mean: 2.201198101043701
lead: 4
pred mean: 2.205538749694824
 16%|█▌        | 292/1855 [05:52<31:10,  1.20s/it]lead: 2
pred mean: 2.219813823699951
lead:lead:  31

pred mean:pred mean:  2.21857094764709472.219001293182373

lead: 4
pred mean: 2.2215116024017334
lead: 0
pred mean: 2.222545623779297
lead: 2
pred mean: 2.219996452331543
lead: 1
pred mean: 2.2208774089813232
lead: 2
pred mean: 2.2215216159820557
 16%|█▌        | 293/1855 [05:53<30:52,  1.19s/it]lead: 3
pred mean: 2.2303695678710938
lead: 5
pred mean: 2.228619337081909
lead:lead:  12

pred mean:pred mean:  2.2263062000274662.223600387573242

lead: 0
pred mean: 2.2253530025482178
lead: 2
pred mean: 2.2339694499969482
lead: 5
pred mean: 2.2286107540130615
lead: 2
pred mean: 2.2231132984161377
 16%|█▌        | 294/1855 [05:54<30:52,  1.19s/it]lead: 3
pred mean: 2.2375667095184326
lead: 4
pred mean: 2.2438085079193115
lead: 5
pred mean: 2.237746000289917
lead: 4
pred mean: 2.2400240898132324
lead: 4
pred mean: 2.2409706115722656
lead: 0
pred mean: 2.2381246089935303
lead: 1
pred mean: 2.246946334838867
lead: 4
pred mean: 2.2435686588287354
 16%|█▌        | 295/1855 [05:55<30:42,  1.18s/it]                                                  {'loss': 16.0172, 'learning_rate': 0.00019790257695662027, 'epoch': 0.8}
 16%|█▌        | 295/1855 [05:55<30:42,  1.18s/it]lead: 4
pred mean: 2.259601354598999
lead: 2
pred mean: 2.2560267448425293
lead: 5
pred mean: 2.2548716068267822
lead: 4
pred mean: 2.258262872695923
lead: 1
pred mean: 2.254258632659912
lead: 2
pred mean: 2.262566089630127
lead: 3
pred mean: 2.2528300285339355
lead: 5
pred mean: 2.256779193878174
 16%|█▌        | 296/1855 [05:57<30:48,  1.19s/it]lead: 1
pred mean: 2.263155221939087
lead: 4
pred mean: 2.2642345428466797
lead: 4
pred mean: 2.265195846557617
lead: 1
pred mean: 2.261446714401245
lead: 5
pred mean: 2.262345552444458
lead: 1
pred mean: 2.2633965015411377
lead: 4
pred mean: 2.2649359703063965
lead: 5
pred mean: 2.261253833770752
 16%|█▌        | 297/1855 [05:58<30:45,  1.18s/it]lead: 2
pred mean: 2.2660210132598877
lead: 1
pred mean: 2.2685470581054688
lead: 2
pred mean: 2.270775318145752
lead: 1
pred mean: 2.2696449756622314
lead: 1
pred mean: 2.2709953784942627
lead: 0
pred mean: 2.2665867805480957
lead: 2
pred mean: 2.268683910369873
lead: 4
pred mean: 2.266649007797241
 16%|█▌        | 298/1855 [05:59<30:50,  1.19s/it]lead: 0
pred mean: 2.2802298069000244
lead: 5
pred mean: 2.2831778526306152
lead: 4
pred mean: 2.2842447757720947
lead: 4
lead: 3pred mean:
 2.282379627227783
pred mean: 2.2813491821289062
lead: 1
pred mean: 2.286193609237671
lead: 1
pred mean: 2.2786052227020264
lead: 5
pred mean: 2.2811713218688965
 16%|█▌        | 299/1855 [06:00<30:39,  1.18s/it]lead: 3
pred mean: 2.302608013153076
lead: 4
pred mean: 2.2972593307495117
lead: 1
pred mean: 2.2963409423828125
lead: 2
pred mean: 2.2967493534088135
lead: 5
pred mean: 2.297499418258667
lead: 3
pred mean: 2.2968339920043945
lead: 1
pred mean: 2.298734664916992
lead: 4
pred mean: 2.2989418506622314
 16%|█▌        | 300/1855 [06:01<31:04,  1.20s/it]                                                  {'loss': 15.9529, 'learning_rate': 0.00019770649516441085, 'epoch': 0.81}
 16%|█▌        | 300/1855 [06:01<31:04,  1.20s/it]lead: 4
pred mean: 2.3041303157806396
lead: 2
pred mean: 2.2987987995147705
lead: 2
pred mean: 2.3035459518432617
lead: 4
pred mean: 2.3018088340759277
lead: 0
pred mean: 2.305971384048462
lead: 1
pred mean: 2.29875111579895
lead: 0
pred mean: 2.3013198375701904
lead: 3
pred mean: 2.301342725753784
 16%|█▌        | 301/1855 [06:03<31:05,  1.20s/it]lead: 4
pred mean: 2.3143532276153564
lead: 3
pred mean: 2.312326192855835
lead: 3
pred mean: 2.3123159408569336
lead: 1
pred mean: 2.313394546508789
lead: 3
pred mean: 2.312126874923706
lead: 3
pred mean: 2.313535690307617
lead: 4
pred mean: 2.3147380352020264
lead: 5
pred mean: 2.312148094177246
 16%|█▋        | 302/1855 [06:04<31:11,  1.20s/it]lead: 3
pred mean: 2.325105905532837
lead: 5
pred mean: 2.3230161666870117
lead: 0
pred mean: 2.3282361030578613
lead: 4
pred mean: 2.324536085128784
lead: 0
pred mean: 2.3243680000305176
lead: 3
pred mean: 2.3248703479766846
lead: 4
lead: 3
pred mean: 2.326308488845825
pred mean: 2.323312997817993
 16%|█▋        | 303/1855 [06:05<31:06,  1.20s/it]lead: 2
pred mean: 2.3465678691864014
lead: 3
pred mean: 2.3403594493865967
lead: 5
pred mean: 2.340195894241333
lead: 3
pred mean: 2.3448598384857178
lead: 3
pred mean: 2.3378143310546875
lead: 4
pred mean: 2.3389134407043457
lead: 5
pred mean: 2.349388599395752
lead: 2
pred mean: 2.337191343307495
 16%|█▋        | 304/1855 [06:06<30:50,  1.19s/it]lead: 3
pred mean: 2.3518779277801514
lead: 2
pred mean: 2.3486437797546387
lead: 5
pred mean: 2.3482110500335693
lead: 2
pred mean: 2.3457791805267334
lead: 1
pred mean: 2.3456220626831055
lead: 5
pred mean: 2.3491127490997314
lead: 1
pred mean: 2.3415780067443848
lead: 2
pred mean: 2.3478972911834717
 16%|█▋        | 305/1855 [06:07<30:48,  1.19s/it]                                                  {'loss': 15.8875, 'learning_rate': 0.00019750175876603296, 'epoch': 0.82}
 16%|█▋        | 305/1855 [06:07<30:48,  1.19s/it]lead: 5
pred mean: 2.3503265380859375
lead: 0
pred mean: 2.3561084270477295
lead: 2
pred mean: 2.3527584075927734
lead: 4
pred mean: 2.3498551845550537
lead: 0
pred mean: 2.354170799255371
lead: 0
pred mean: 2.3542213439941406
lead: 3
pred mean: 2.3504748344421387
lead: 3
pred mean: 2.3569939136505127
 16%|█▋        | 306/1855 [06:09<30:42,  1.19s/it]lead: 3
pred mean: 2.3690178394317627
lead: 1
pred mean: 2.3638381958007812
lead: 0
pred mean: 2.363579750061035
lead: 3
pred mean: 2.36124587059021
lead: 0
pred mean: 2.3645389080047607
lead: 4
pred mean: 2.3685083389282227
lead: 1
pred mean: 2.3639185428619385
lead: 1
pred mean: 2.359929084777832
 17%|█▋        | 307/1855 [06:10<30:39,  1.19s/it]lead: 2
pred mean: 2.377837896347046
lead: 5
pred mean: 2.3750922679901123
lead: 2
pred mean: 2.378063440322876
lead: 5
lead: 4
pred mean: 2.3694756031036377
pred mean: 2.375556707382202
lead: 3
pred mean: 2.3759000301361084
lead: 3
pred mean: 2.381948947906494
lead: 2
pred mean: 2.3745884895324707
 17%|█▋        | 308/1855 [06:11<30:44,  1.19s/it]lead: 1
pred mean: 2.381132125854492
lead: 0
pred mean: 2.383678674697876
lead: 2
pred mean: 2.382744312286377
lead: 5
pred mean: 2.384453773498535
lead: 4
pred mean: 2.37911057472229
lead: 1
pred mean: 2.3835384845733643
lead: 3
pred mean: 2.3808488845825195
lead: 0
pred mean: 2.3760952949523926
 17%|█▋        | 309/1855 [06:12<30:45,  1.19s/it]lead: 2
pred mean: 2.4013400077819824
lead:lead:  53

pred mean:pred mean:  2.3978996276855472.390904188156128

lead: 5
pred mean: 2.392592668533325
lead: 1
pred mean: 2.4015071392059326
lead: 1
pred mean: 2.3961565494537354
lead: 5
pred mean: 2.394857883453369
lead: 0
pred mean: 2.399083137512207
 17%|█▋        | 310/1855 [06:13<30:39,  1.19s/it]                                                  {'loss': 15.818, 'learning_rate': 0.00019728838589654397, 'epoch': 0.84}
 17%|█▋        | 310/1855 [06:13<30:39,  1.19s/it]lead: 1
pred mean: 2.4108123779296875
lead: 0
pred mean: 2.413041591644287
lead: 1
pred mean: 2.4149844646453857
lead: 1
pred mean: 2.411329746246338
lead: 2
pred mean: 2.411257743835449
lead: 5
pred mean: 2.4134349822998047
lead: 0
pred mean: 2.4117064476013184
lead: 1
pred mean: 2.412353515625
 17%|█▋        | 311/1855 [06:15<30:31,  1.19s/it]lead: 2
pred mean: 2.4240455627441406
lead: 2
pred mean: 2.4171154499053955
lead: 5
pred mean: 2.423497200012207
lead: 4
pred mean: 2.4238641262054443
lead: 2
pred mean: 2.4183897972106934
lead: 2
pred mean: 2.4225997924804688
lead: 1
pred mean: 2.4247710704803467
lead: 3
pred mean: 2.4206459522247314
 17%|█▋        | 312/1855 [06:16<30:31,  1.19s/it]lead: 2
pred mean: 2.423657178878784
lead: 5
pred mean: 2.426028251647949
lead: 4
pred mean: 2.427105188369751
lead: 5
pred mean: 2.4219517707824707
lead: 4
pred mean: 2.4261221885681152
lead: 4
pred mean: 2.432054042816162
lead: 0
pred mean: 2.4278531074523926
lead: 2
pred mean: 2.4295215606689453
 17%|█▋        | 313/1855 [06:17<30:29,  1.19s/it]lead: 5
pred mean: 2.4345242977142334
lead: 5
pred mean: 2.4364748001098633
lead: 0
pred mean: 2.436765193939209
lead: 3
pred mean: 2.4322988986968994
lead: 3
lead: 1
pred mean: 2.4257121086120605
pred mean: 2.433302879333496
lead: 3
pred mean: 2.4382970333099365
lead: 3
pred mean: 2.438213586807251
 17%|█▋        | 314/1855 [06:18<30:35,  1.19s/it]lead: 5
pred mean: 2.4495673179626465
lead: 5
pred mean: 2.4538943767547607
lead: 1
pred mean: 2.4489963054656982
lead: 3
pred mean: 2.4487192630767822
lead: 5
pred mean: 2.4505457878112793
lead: 1
pred mean: 2.4482533931732178
lead: 5
pred mean: 2.4501237869262695
lead: 4
pred mean: 2.453052043914795
 17%|█▋        | 315/1855 [06:19<30:29,  1.19s/it]                                                  {'loss': 15.753, 'learning_rate': 0.0001970663954559991, 'epoch': 0.85}
 17%|█▋        | 315/1855 [06:19<30:29,  1.19s/it]lead: 1
pred mean: 2.466231107711792
lead: 4
pred mean: 2.4581732749938965
lead: 0
pred mean: 2.462614059448242
lead: 1
pred mean: 2.4618239402770996
lead: 2
pred mean: 2.4632110595703125
lead: 0
lead: 5
pred mean: 2.4588797092437744
pred mean: 2.457078218460083
lead: 4
pred mean: 2.461479663848877
 17%|█▋        | 316/1855 [06:21<30:38,  1.19s/it]lead: 3
pred mean: 2.4732577800750732
lead: 4
pred mean: 2.4675660133361816
lead: 0
pred mean: 2.4691860675811768
lead: 3
lead: 5
pred mean: 2.467310905456543
pred mean: 2.4681594371795654
lead: 2
pred mean: 2.470242977142334
lead: 0
pred mean: 2.4671688079833984
lead: 3
pred mean: 2.468470335006714
 17%|█▋        | 317/1855 [06:22<30:35,  1.19s/it]lead: 4
pred mean: 2.4791524410247803
lead: 1
pred mean: 2.4818429946899414
lead: 5
pred mean: 2.483013868331909
lead: 5
pred mean: 2.4806647300720215
lead: 3
pred mean: 2.4856789112091064
lead: 0
pred mean: 2.4821584224700928
lead: 3
pred mean: 2.4811041355133057
lead: 4
pred mean: 2.4780588150024414
 17%|█▋        | 318/1855 [06:23<30:28,  1.19s/it]lead: 0
pred mean: 2.493939161300659
lead: 2
lead: 0pred mean:
 2.493635416030884
pred mean: 2.4891109466552734
lead: 2
pred mean: 2.4964170455932617
lead: 1
pred mean: 2.499972105026245
lead: 4
pred mean: 2.497607707977295
lead: 1
pred mean: 2.4995391368865967
lead: 5
pred mean: 2.494966983795166
 17%|█▋        | 319/1855 [06:24<30:35,  1.20s/it]lead: 5
pred mean: 2.504056453704834
lead: 3
pred mean: 2.4986212253570557
lead: 3
pred mean: 2.5035157203674316
lead: 5
pred mean: 2.5032646656036377
lead: 5
pred mean: 2.505631685256958
lead: 2
pred mean: 2.506720781326294
lead: 4
pred mean: 2.504145383834839
lead: 4
pred mean: 2.5091617107391357
 17%|█▋        | 320/1855 [06:25<30:30,  1.19s/it]                                                  {'loss': 15.6856, 'learning_rate': 0.00019683580710777728, 'epoch': 0.86}
 17%|█▋        | 320/1855 [06:25<30:30,  1.19s/it]lead: 0
pred mean: 2.5056540966033936
lead: 5
pred mean: 2.503422737121582
lead: 1
pred mean: 2.5084915161132812
lead: 2
pred mean: 2.507242441177368
lead: 0
pred mean: 2.5080156326293945
lead: 0
pred mean: 2.5025832653045654
lead: 4
pred mean: 2.5101983547210693
lead: 0
pred mean: 2.5106005668640137
 17%|█▋        | 321/1855 [06:27<30:36,  1.20s/it]lead: 4
pred mean: 2.5155272483825684
lead:lead:  02

pred mean: pred mean:2.5124621391296387 
2.5169177055358887
lead: 0
pred mean: 2.514707565307617
lead: 5
pred mean: 2.513720750808716
lead: 1
pred mean: 2.5123982429504395
lead: 2
pred mean: 2.517402172088623
lead: 1
pred mean: 2.51747465133667
 17%|█▋        | 322/1855 [06:28<30:33,  1.20s/it]lead: 5
lead: 3
pred mean: 2.533804178237915
pred mean: 2.5352611541748047
lead: 0
pred mean: 2.53066349029541
lead: 4
pred mean: 2.5368340015411377
lead: 4
pred mean: 2.5328967571258545
lead: 2
pred mean: 2.5351853370666504
lead: 4
pred mean: 2.5355281829833984
lead: 5
pred mean: 2.5392251014709473
 17%|█▋        | 323/1855 [06:29<30:33,  1.20s/it]lead: 1
pred mean: 2.5487942695617676
lead: 1
pred mean: 2.548814058303833
lead: 0
pred mean: 2.5424747467041016
lead: 2
pred mean: 2.546271800994873
lead: 4
pred mean: 2.5457699298858643
lead: 1
pred mean: 2.550694465637207
lead: 3
pred mean: 2.546649217605591
lead: 0
pred mean: 2.5481982231140137
 17%|█▋        | 324/1855 [06:30<30:26,  1.19s/it]lead: 0
lead: 4
pred mean: 2.551212787628174
pred mean: 2.553584098815918
lead: 1
pred mean: 2.5499253273010254
lead: 5
pred mean: 2.5519204139709473
lead: 0
pred mean: 2.5549771785736084
lead: 2
pred mean: 2.548903226852417
lead: 5
lead: 3
pred mean: 2.5531344413757324
pred mean: 2.551347255706787
 18%|█▊        | 325/1855 [06:31<30:31,  1.20s/it]                                                  {'loss': 15.6187, 'learning_rate': 0.00019659664127683936, 'epoch': 0.88}
 18%|█▊        | 325/1855 [06:31<30:31,  1.20s/it]lead: 5
pred mean: 2.5623438358306885
lead: 5
pred mean: 2.5618531703948975
lead: 1
pred mean: 2.5618584156036377
lead: 1
pred mean: 2.561035633087158
lead: 1
pred mean: 2.5595812797546387
lead: 3
pred mean: 2.5629985332489014
lead: 2
pred mean: 2.558610200881958
lead: 2
pred mean: 2.5602328777313232
 18%|█▊        | 326/1855 [06:32<30:30,  1.20s/it]lead: 3
pred mean: 2.5771644115448
lead: 1
pred mean: 2.5687365531921387
lead: 3
pred mean: 2.5739026069641113
lead: 3
pred mean: 2.573401927947998
lead:lead:  23

pred mean:pred mean:  2.57175087928771972.575273275375366

lead: 4
pred mean: 2.5723066329956055
lead: 3
pred mean: 2.5699825286865234
 18%|█▊        | 327/1855 [06:34<30:32,  1.20s/it]lead: 5
pred mean: 2.5811586380004883
lead: 2
pred mean: 2.5743913650512695
lead: 4
pred mean: 2.581151008605957
lead: 1
pred mean: 2.582404375076294
lead: 0
pred mean: 2.5804507732391357
lead: 1
pred mean: 2.5810024738311768
lead: 1
pred mean: 2.5819125175476074
lead: 2
pred mean: 2.5836691856384277
 18%|█▊        | 328/1855 [06:35<30:16,  1.19s/it]lead: 2
pred mean: 2.5889992713928223
lead: 0
pred mean: 2.588240623474121
lead: 3
pred mean: 2.587296962738037
lead: 0
pred mean: 2.5940663814544678
lead: 5
pred mean: 2.58293080329895
lead: 4
pred mean: 2.587761402130127
lead: 1
pred mean: 2.581907033920288
lead: 2
pred mean: 2.591477155685425
 18%|█▊        | 329/1855 [06:36<30:02,  1.18s/it]lead: 4
pred mean: 2.6054773330688477
lead: 3
pred mean: 2.613313674926758
lead: 3
pred mean: 2.607588529586792
lead: 4
pred mean: 2.608543872833252
lead: 2
pred mean: 2.612678050994873
lead: 1
pred mean: 2.6062140464782715
lead: 5
pred mean: 2.6049234867095947
lead: 4
pred mean: 2.6041715145111084
 18%|█▊        | 330/1855 [06:37<29:56,  1.18s/it]                                                  {'loss': 15.5514, 'learning_rate': 0.00019634891914791896, 'epoch': 0.89}
 18%|█▊        | 330/1855 [06:37<29:56,  1.18s/it]lead: 0
pred mean: 2.6245169639587402
lead: 2
pred mean: 2.6242878437042236
lead: 5
pred mean: 2.6257941722869873
lead: 5
pred mean: 2.6202235221862793
lead: 0
pred mean: 2.626596212387085lead:
 5
pred mean: 2.621058940887451
lead: 4
pred mean: 2.6199052333831787
lead: 4
pred mean: 2.618741512298584
 18%|█▊        | 331/1855 [06:38<30:09,  1.19s/it]lead: 5
pred mean: 2.624685049057007
lead: 4
pred mean: 2.629512310028076
lead: 5
pred mean: 2.6253132820129395
lead: 4
pred mean: 2.638439655303955
lead: 5
pred mean: 2.629897117614746
lead: 3
pred mean: 2.6303298473358154
lead: 5
pred mean: 2.6251604557037354
lead: 3
pred mean: 2.6390321254730225
 18%|█▊        | 332/1855 [06:40<30:31,  1.20s/it]lead: 5
pred mean: 2.6245388984680176
lead: 1
pred mean: 2.625638723373413
lead: 4
pred mean: 2.6265676021575928
lead: 1
pred mean: 2.629910469055176
lead: 2
pred mean: 2.6383254528045654
lead: 2
pred mean: 2.6284918785095215
lead: 5
pred mean: 2.627023458480835
lead: 0
pred mean: 2.625426769256592
 18%|█▊        | 333/1855 [06:41<30:32,  1.20s/it]lead: 0
pred mean: 2.6410608291625977
lead: 4
pred mean: 2.6424460411071777
lead: 1
lead: 4
pred mean: 2.6450726985931396
pred mean: 2.639414072036743
lead: 4
pred mean: 2.6375250816345215
lead: 5
pred mean: 2.6403937339782715
lead: 5
pred mean: 2.6391327381134033
lead: 2
pred mean: 2.6454367637634277
 18%|█▊        | 334/1855 [06:42<30:17,  1.20s/it]lead: 2
pred mean: 2.6549415588378906
lead: 3
pred mean: 2.6516857147216797
lead: 1
pred mean: 2.6535532474517822
lead: 4
pred mean: 2.6484975814819336
lead: 2
pred mean: 2.6560451984405518
lead: 0
pred mean: 2.6597650051116943
lead: 3
pred mean: 2.6564736366271973
lead: 1
pred mean: 2.651071786880493
 18%|█▊        | 335/1855 [06:43<30:23,  1.20s/it]                                                  {'loss': 15.4824, 'learning_rate': 0.00019609266266364602, 'epoch': 0.9}
 18%|█▊        | 335/1855 [06:43<30:23,  1.20s/it]lead: 1
pred mean: 2.672577142715454
lead: 1
pred mean: 2.667548418045044
lead: 1
pred mean: 2.670901298522949
lead: 3
pred mean: 2.6608917713165283
lead: 3
pred mean: 2.6726737022399902
lead: 2
pred mean: 2.67055082321167
lead: 0
pred mean: 2.6700422763824463
lead: 1
pred mean: 2.670638084411621
 18%|█▊        | 336/1855 [06:44<30:24,  1.20s/it]lead: 2
pred mean: 2.679637908935547
lead: 1
pred mean: 2.676095485687256
lead: 0
pred mean: 2.671790361404419
lead: 2
pred mean: 2.676900625228882
lead: 0
pred mean: 2.678497076034546
lead: 3
pred mean: 2.674292802810669
lead: 0
pred mean: 2.6787426471710205
lead: 4
pred mean: 2.6758036613464355
 18%|█▊        | 337/1855 [06:46<30:23,  1.20s/it]lead: 0
pred mean: 2.6868197917938232
lead: 3
pred mean: 2.690516948699951
lead: 4
pred mean: 2.6902847290039062
lead: 1
pred mean: 2.693013906478882
lead: 5
pred mean: 2.695020914077759
lead: 2
pred mean: 2.6925761699676514
lead: 2
pred mean: 2.691023588180542
lead: 3
pred mean: 2.6861157417297363
 18%|█▊        | 338/1855 [06:47<30:19,  1.20s/it]lead: 0
pred mean: 2.699763059616089
lead: 4lead:
 3
pred mean: pred mean:2.7041406631469727 
2.6996188163757324
lead: 0
pred mean: 2.6995115280151367
lead: 2
pred mean: 2.702519178390503
lead: 4
pred mean: 2.709589958190918
lead: 0
pred mean: 2.7018656730651855
lead: 0
pred mean: 2.6986186504364014
 18%|█▊        | 339/1855 [06:48<30:15,  1.20s/it]lead: 3
lead: 1
pred mean: 2.7019333839416504
pred mean: 2.712581157684326
lead: 0
pred mean: 2.6938586235046387
lead: 3
pred mean: 2.7116880416870117
lead: 5
pred mean: 2.7060909271240234
lead: 3
pred mean: 2.699734926223755
lead: 5
pred mean: 2.702070951461792
lead: 1
pred mean: 2.7055282592773438
 18%|█▊        | 340/1855 [06:49<30:09,  1.19s/it]                                                  {'loss': 15.4165, 'learning_rate': 0.00019582789452260316, 'epoch': 0.92}
 18%|█▊        | 340/1855 [06:49<30:09,  1.19s/it]lead: 3
pred mean: 2.698366641998291
lead: 4
pred mean: 2.707566261291504
lead: 1
pred mean: 2.7035913467407227
lead: 3
pred mean: 2.7052571773529053
lead: 5
pred mean: 2.7104074954986572
lead: 3
pred mean: 2.7100517749786377
lead: 1
pred mean: 2.7085013389587402
lead: 4
pred mean: 2.7032625675201416
 18%|█▊        | 341/1855 [06:50<30:09,  1.20s/it]lead: 1
pred mean: 2.73036527633667
lead: 0
pred mean: 2.7349817752838135
lead: 3
lead: 1
pred mean: 2.728912591934204
pred mean: 2.7312564849853516
lead: 1
pred mean: 2.738980531692505
lead: 3
pred mean: 2.7285807132720947
lead: 4
pred mean: 2.73176908493042
lead: 0
pred mean: 2.7331337928771973
 18%|█▊        | 342/1855 [06:52<30:07,  1.19s/it]lead: 0
pred mean: 2.746995210647583
lead: 5
pred mean: 2.7442898750305176
lead:lead:  02

pred mean:pred mean:  2.7436401844024662.745466470718384

lead: 2
pred mean: 2.7471439838409424
lead: 2
pred mean: 2.7452752590179443
lead: 0
lead: 1pred mean:
 2.748114824295044
pred mean: 2.7507219314575195
 18%|█▊        | 343/1855 [06:53<30:03,  1.19s/it]lead: 2
pred mean: 2.753962278366089
lead: 2
pred mean: 2.7523865699768066
lead: 3
pred mean: 2.7588272094726562
lead: 3
pred mean: 2.756098747253418
lead: 0
pred mean: 2.744349241256714
lead: 2
pred mean: 2.7558248043060303
lead: 1
pred mean: 2.757014274597168
lead: 0
pred mean: 2.7464864253997803
 19%|█▊        | 344/1855 [06:54<30:05,  1.20s/it]lead: 4
pred mean: 2.7639877796173096
lead: 1
pred mean: 2.7539260387420654
lead: 0
pred mean: 2.756648063659668
lead: 5
lead: 1
pred mean: 2.755646228790283
pred mean: 2.75187349319458
lead:lead:  25

pred mean:pred mean:  2.7518639564514162.7574291229248047

lead: 0
pred mean: 2.755120277404785
 19%|█▊        | 345/1855 [06:55<30:04,  1.20s/it]                                                  {'loss': 15.347, 'learning_rate': 0.00019555463817731502, 'epoch': 0.93}
 19%|█▊        | 345/1855 [06:55<30:04,  1.20s/it]lead: 5
pred mean: 2.7694954872131348
lead: 5
pred mean: 2.7694902420043945
lead: 3
pred mean: 2.7720372676849365
lead: 5
pred mean: 2.768488645553589
lead: 3
pred mean: 2.7700493335723877
lead: 2
pred mean: 2.7645304203033447
lead: 4
pred mean: 2.7732958793640137
lead: 3
pred mean: 2.7764744758605957
 19%|█▊        | 346/1855 [06:56<29:53,  1.19s/it]lead: 4
pred mean: 2.782177686691284
lead: 4
pred mean: 2.7850003242492676
lead: 4
pred mean: 2.784322500228882
lead: 2
pred mean: 2.7817840576171875
lead: 4
pred mean: 2.7827558517456055
lead: 3
pred mean: 2.7885100841522217
lead: 1
pred mean: 2.7827892303466797
lead: 1
pred mean: 2.782308340072632
 19%|█▊        | 347/1855 [06:58<29:53,  1.19s/it]lead: 4
pred mean: 2.7910048961639404
lead: 2
pred mean: 2.782278060913086
lead: 2
pred mean: 2.784252405166626
lead: 5
lead: 1
pred mean: 2.7833175659179688
pred mean: 2.7844059467315674
lead: 1
pred mean: 2.7935562133789062
lead: 1
pred mean: 2.7865076065063477
lead: 2
pred mean: 2.788968563079834
 19%|█▉        | 348/1855 [06:59<29:54,  1.19s/it]lead: 5
pred mean: 2.792844772338867
lead: 1
pred mean: 2.7974178791046143
lead: 3
pred mean: 2.796827793121338
lead: 0
pred mean: 2.7998218536376953
lead: 2
pred mean: 2.8032844066619873
lead: 1
pred mean: 2.79538893699646
lead: 5
pred mean: 2.7942724227905273
lead: 1
pred mean: 2.801313638687134
 19%|█▉        | 349/1855 [07:00<29:56,  1.19s/it]lead: 4
lead: 2
pred mean: 2.8086025714874268
pred mean: 2.8169808387756348
lead: 1
pred mean: 2.8121986389160156
lead: 1
pred mean: 2.8069748878479004
lead: 5
pred mean: 2.8120839595794678
lead: 2
pred mean: 2.814251184463501
lead: 3
pred mean: 2.8138279914855957
lead: 1
pred mean: 2.820202350616455
 19%|█▉        | 350/1855 [07:01<29:42,  1.18s/it]                                                  {'loss': 15.2815, 'learning_rate': 0.00019527291783217097, 'epoch': 0.94}
 19%|█▉        | 350/1855 [07:01<29:42,  1.18s/it]lead: 0
pred mean: 2.832686424255371
lead: 5
lead: 0
pred mean: 2.823558807373047
pred mean: 2.8295187950134277
lead: 2
pred mean: 2.829678535461426
lead: 0
pred mean: 2.8253517150878906
lead: 0
pred mean: 2.826021909713745
lead: 3
pred mean: 2.829392194747925
lead: 4
pred mean: 2.8278558254241943
 19%|█▉        | 351/1855 [07:02<29:46,  1.19s/it]lead: 3
pred mean: 2.833660125732422
lead: 5
pred mean: 2.8304688930511475
lead: 3
lead:pred mean:  32.840383529663086

pred mean: 2.8367321491241455
lead: 3
pred mean: 2.8341922760009766
lead: 3
pred mean: 2.8340981006622314
lead: 1
pred mean: 2.8327903747558594
lead: 4
pred mean: 2.830066204071045
 19%|█▉        | 352/1855 [07:04<29:47,  1.19s/it]lead: 5
pred mean: 2.8418993949890137
lead: 5
pred mean: 2.842266798019409
lead: 2
lead: 5
pred mean: 2.8324642181396484
pred mean: 2.8431828022003174
lead: 3
lead: 2
pred mean: 2.834169864654541
pred mean: 2.8303749561309814
lead: 4
pred mean: 2.8314948081970215
lead: 4
pred mean: 2.840543746948242
 19%|█▉        | 353/1855 [07:05<29:50,  1.19s/it]lead: 0
pred mean: 2.8496718406677246
lead: 5
pred mean: 2.8478968143463135
lead: 0
pred mean: 2.850558280944824
lead: 4
pred mean: 2.8456509113311768
lead: 3
pred mean: 2.8462202548980713
lead: 1
pred mean: 2.847749948501587
lead: 2
pred mean: 2.8486952781677246
lead: 4
pred mean: 2.848123550415039
 19%|█▉        | 354/1855 [07:06<29:53,  1.19s/it]lead: 0
pred mean: 2.8797998428344727
lead: 4
pred mean: 2.8816640377044678
lead: 1
lead:pred mean:  32.8793857097625732

pred mean: 2.87825083732605
lead: 4
lead: 0
pred mean: 2.8786962032318115
pred mean: 2.8761651515960693
lead: 5
pred mean: 2.883131980895996
lead: 5
pred mean: 2.8694844245910645
 19%|█▉        | 355/1855 [07:07<29:40,  1.19s/it]                                                  {'loss': 15.214, 'learning_rate': 0.000194982758441281, 'epoch': 0.96}
 19%|█▉        | 355/1855 [07:07<29:40,  1.19s/it]lead: 2
pred mean: 2.8680529594421387
lead: 2
pred mean: 2.868424654006958
lead: 4
pred mean: 2.874544382095337
lead: 0
pred mean: 2.8762784004211426
lead: 4
pred mean: 2.8742048740386963
lead: 2
pred mean: 2.874070644378662
lead: 2
pred mean: 2.8715529441833496
lead: 5
pred mean: 2.873312473297119
 19%|█▉        | 356/1855 [07:08<29:35,  1.18s/it]lead: 3
pred mean: 2.8791890144348145
lead: 3
pred mean: 2.8771111965179443
lead: 5
lead:pred mean:  12.8797953128814697

pred mean: 2.8720433712005615
lead: 5
pred mean: 2.878298044204712
lead: 3
lead: 5
pred mean: 2.8759026527404785
pred mean: 2.8793857097625732
lead: 4
pred mean: 2.874574899673462
 19%|█▉        | 357/1855 [07:09<29:29,  1.18s/it]lead: 4
pred mean: 2.9025719165802
lead: 4
pred mean: lead:2.904627799987793 
2
pred mean: 2.9000916481018066
lead: 4
pred mean: 2.902524471282959
lead: 2
pred mean: 2.8976993560791016
lead: 5
pred mean: 2.9016311168670654
lead: 0
pred mean: 2.8960018157958984
lead: 3
pred mean: 2.9068264961242676
 19%|█▉        | 358/1855 [07:11<29:23,  1.18s/it]lead: 2
pred mean: 2.912445068359375
lead: 0
pred mean: 2.9131836891174316
lead: 5
pred mean: 2.910917282104492
lead: 2
pred mean: 2.9101946353912354
lead: 5
lead: 0
pred mean: 2.9139602184295654
pred mean: 2.9126245975494385
lead: 5
pred mean: 2.9168894290924072
lead: 1
pred mean: 2.9133646488189697
 19%|█▉        | 359/1855 [07:12<29:23,  1.18s/it]lead: 4
pred mean: 2.920701742172241
lead: 4
pred mean: 2.9156017303466797
lead: 1
pred mean: 2.9144492149353027
lead: 0
lead: 1
pred mean: 2.914722204208374
pred mean: 2.9190409183502197
lead: 1
pred mean: 2.915569543838501
lead: 3
pred mean: 2.913113832473755
lead: 4
pred mean: 2.926044464111328
 19%|█▉        | 360/1855 [07:13<29:19,  1.18s/it]                                                  {'loss': 15.1479, 'learning_rate': 0.00019468418570626572, 'epoch': 0.97}
 19%|█▉        | 360/1855 [07:13<29:19,  1.18s/it]lead: 3
pred mean: 2.918337106704712
lead: 3
pred mean: 2.9153897762298584
lead: 0
pred mean: 2.9164774417877197
lead: 5
pred mean: 2.911543130874634
lead: 3
pred mean: 2.9168918132781982
lead: 2
pred mean: 2.922250747680664
lead: 0
pred mean: 2.915006637573242
lead: 0
pred mean: 2.9072341918945312
 19%|█▉        | 361/1855 [07:14<29:37,  1.19s/it]lead: 2
pred mean: 2.923370122909546
lead: 1
pred mean: 2.921135902404785
lead: 5
pred mean: 2.917020082473755
lead: 3
pred mean: 2.9132471084594727
lead: 5
pred mean: 2.925427198410034
lead: 1
pred mean: 2.919835090637207
lead: 4
pred mean: 2.920445442199707
lead: 3
pred mean: 2.9223601818084717
 20%|█▉        | 362/1855 [07:15<29:53,  1.20s/it]lead: 0
pred mean: 2.9483087062835693
lead: 0
pred mean: 2.9536495208740234
lead:lead:  4
0
pred mean:pred mean:  2.9541673660278322.9502861499786377

lead: 3
pred mean: 2.9549825191497803
lead: 4
pred mean: 2.9532172679901123
lead: 1
pred mean: 2.95654034614563
lead: 2
pred mean: 2.9532413482666016
 20%|█▉        | 363/1855 [07:17<29:55,  1.20s/it]lead: 2
pred mean: 2.968034267425537
lead: 1
pred mean: 2.9714014530181885
lead: 5
lead: 3
pred mean: 2.966625452041626
pred mean: 2.966141939163208
lead: 5
pred mean: 2.966611862182617
lead: 2
pred mean: 2.971233606338501
lead: 2
pred mean: 2.9659764766693115
lead: 2
pred mean: 2.9676296710968018
 20%|█▉        | 364/1855 [07:18<29:49,  1.20s/it]lead: 4
pred mean: 2.973292827606201
lead: 4
pred mean: 2.9791812896728516
lead: 5
lead: 0
pred mean: 2.9778342247009277
pred mean: 2.9857096672058105
lead: 3
pred mean: 2.9754395484924316
lead: 5
pred mean: 2.983323812484741
lead: 4
pred mean: 2.976877212524414
lead: 3
pred mean: 2.9761505126953125
 20%|█▉        | 365/1855 [07:19<29:31,  1.19s/it]                                                  {'loss': 15.0814, 'learning_rate': 0.00019437722607397922, 'epoch': 0.98}
 20%|█▉        | 365/1855 [07:19<29:31,  1.19s/it]lead: 3
pred mean: 2.9911274909973145
lead: 5
pred mean: 2.982722759246826
lead: 0
pred mean: 2.991410970687866
lead: 4
pred mean: 2.989382028579712
lead: 5
pred mean: 2.980274200439453
lead: 2
pred mean: 2.982805013656616
lead: 1
pred mean: 2.986813545227051
lead: 3
pred mean: 2.9873127937316895
 20%|█▉        | 366/1855 [07:20<29:20,  1.18s/it]lead: 0
pred mean: 2.9834587574005127
lead: 1
pred mean: 2.9802942276000977
lead: 1
pred mean: 2.9806132316589355
lead: 4
pred mean: 2.9742507934570312
lead: 0
lead: 0
pred mean: 2.979405403137207
pred mean: 2.9780776500701904
lead: 2
pred mean: 2.9850125312805176
lead: 3
pred mean: 2.984116315841675
 20%|█▉        | 367/1855 [07:21<29:22,  1.18s/it]lead: 5
pred mean: 2.981309652328491
lead: 5
pred mean: 2.9865481853485107
lead: 1
pred mean: 2.9941091537475586
lead: 0
lead: 0
pred mean: 2.986529588699341
lead: 4
pred mean: 2.9890477657318115
pred mean: 2.988055467605591
lead: 3
pred mean: 2.9884495735168457
lead: 2
pred mean: 2.9856371879577637
 20%|█▉        | 368/1855 [07:22<29:15,  1.18s/it]lead: 2
pred mean: 3.014378547668457
lead: 5
pred mean: 3.0122761726379395
lead: 3
lead: 1
pred mean: 3.0034337043762207
pred mean: 3.01096510887146
lead: 1
pred mean: 3.0066652297973633
lead: 5
pred mean: 3.0055460929870605
lead: 0
pred mean: 3.013828992843628
lead: 3
pred mean: 3.0071663856506348
 20%|█▉        | 369/1855 [07:24<29:17,  1.18s/it]lead: 2
pred mean: 3.023420572280884
lead: 1
pred mean: 3.0308594703674316
lead: 4
pred mean: 3.0283803939819336
lead: 0
pred mean: 3.0319204330444336
lead: 2
lead: 1
pred mean: 3.030221700668335
pred mean: 3.0291318893432617
lead: 2
pred mean: 3.037367105484009
lead: 1
pred mean: 3.0326786041259766
 20%|█▉        | 370/1855 [07:25<29:16,  1.18s/it]                                                  {'loss': 15.0131, 'learning_rate': 0.00019406190673416698, 'epoch': 1.0}
 20%|█▉        | 370/1855 [07:25<29:16,  1.18s/it]lead: 5
pred mean: 3.0227878093719482
lead: 1
pred mean: 3.0305213928222656
lead: 0
pred mean: 3.0223076343536377
lead: 2
pred mean: 3.0286407470703125
lead: 1
pred mean: 3.026211738586426
lead: 2
pred mean: 3.0451302528381348
lead: 2
pred mean: 3.0356290340423584
lead: 0
pred mean: 3.023569107055664
 20%|██        | 371/1855 [07:26<28:19,  1.15s/it]/workspace/lutianyou/program/long-ENSO/trainer/utils.py:166: UserWarning: TypedStorage is deprecated. It will be removed in the future and UntypedStorage will be the only storage class. This should only matter to you if you are using storages directly.  To access UntypedStorage directly, use tensor.untyped_storage() instead of tensor.storage()
  storage = elem.storage()._new_shared(numel, device=elem.device)
/workspace/lutianyou/program/long-ENSO/trainer/utils.py:166: UserWarning: TypedStorage is deprecated. It will be removed in the future and UntypedStorage will be the only storage class. This should only matter to you if you are using storages directly.  To access UntypedStorage directly, use tensor.untyped_storage() instead of tensor.storage()
  storage = elem.storage()._new_shared(numel, device=elem.device)
/workspace/lutianyou/program/long-ENSO/trainer/utils.py:166: UserWarning: TypedStorage is deprecated. It will be removed in the future and UntypedStorage will be the only storage class. This should only matter to you if you are using storages directly.  To access UntypedStorage directly, use tensor.untyped_storage() instead of tensor.storage()
  storage = elem.storage()._new_shared(numel, device=elem.device)
/workspace/lutianyou/program/long-ENSO/trainer/utils.py:166: UserWarning: TypedStorage is deprecated. It will be removed in the future and UntypedStorage will be the only storage class. This should only matter to you if you are using storages directly.  To access UntypedStorage directly, use tensor.untyped_storage() instead of tensor.storage()
  storage = elem.storage()._new_shared(numel, device=elem.device)
/workspace/lutianyou/program/long-ENSO/trainer/utils.py:166: UserWarning: TypedStorage is deprecated. It will be removed in the future and UntypedStorage will be the only storage class. This should only matter to you if you are using storages directly.  To access UntypedStorage directly, use tensor.untyped_storage() instead of tensor.storage()
  storage = elem.storage()._new_shared(numel, device=elem.device)
/workspace/lutianyou/program/long-ENSO/trainer/utils.py:166: UserWarning: TypedStorage is deprecated. It will be removed in the future and UntypedStorage will be the only storage class. This should only matter to you if you are using storages directly.  To access UntypedStorage directly, use tensor.untyped_storage() instead of tensor.storage()
  storage = elem.storage()._new_shared(numel, device=elem.device)
/workspace/lutianyou/program/long-ENSO/trainer/utils.py:166: UserWarning: TypedStorage is deprecated. It will be removed in the future and UntypedStorage will be the only storage class. This should only matter to you if you are using storages directly.  To access UntypedStorage directly, use tensor.untyped_storage() instead of tensor.storage()
  storage = elem.storage()._new_shared(numel, device=elem.device)
/workspace/lutianyou/program/long-ENSO/trainer/utils.py:166: UserWarning: TypedStorage is deprecated. It will be removed in the future and UntypedStorage will be the only storage class. This should only matter to you if you are using storages directly.  To access UntypedStorage directly, use tensor.untyped_storage() instead of tensor.storage()
  storage = elem.storage()._new_shared(numel, device=elem.device)
/workspace/lutianyou/program/long-ENSO/trainer/utils.py:166: UserWarning: TypedStorage is deprecated. It will be removed in the future and UntypedStorage will be the only storage class. This should only matter to you if you are using storages directly.  To access UntypedStorage directly, use tensor.untyped_storage() instead of tensor.storage()
  storage = elem.storage()._new_shared(numel, device=elem.device)
/workspace/lutianyou/program/long-ENSO/trainer/utils.py:166: UserWarning: TypedStorage is deprecated. It will be removed in the future and UntypedStorage will be the only storage class. This should only matter to you if you are using storages directly.  To access UntypedStorage directly, use tensor.untyped_storage() instead of tensor.storage()
  storage = elem.storage()._new_shared(numel, device=elem.device)
/workspace/lutianyou/program/long-ENSO/trainer/utils.py:166: UserWarning: TypedStorage is deprecated. It will be removed in the future and UntypedStorage will be the only storage class. This should only matter to you if you are using storages directly.  To access UntypedStorage directly, use tensor.untyped_storage() instead of tensor.storage()
  storage = elem.storage()._new_shared(numel, device=elem.device)
/workspace/lutianyou/program/long-ENSO/trainer/utils.py:166: UserWarning: TypedStorage is deprecated. It will be removed in the future and UntypedStorage will be the only storage class. This should only matter to you if you are using storages directly.  To access UntypedStorage directly, use tensor.untyped_storage() instead of tensor.storage()
  storage = elem.storage()._new_shared(numel, device=elem.device)
/workspace/lutianyou/program/long-ENSO/trainer/utils.py:166: UserWarning: TypedStorage is deprecated. It will be removed in the future and UntypedStorage will be the only storage class. This should only matter to you if you are using storages directly.  To access UntypedStorage directly, use tensor.untyped_storage() instead of tensor.storage()
  storage = elem.storage()._new_shared(numel, device=elem.device)
/workspace/lutianyou/program/long-ENSO/trainer/utils.py:166: UserWarning: TypedStorage is deprecated. It will be removed in the future and UntypedStorage will be the only storage class. This should only matter to you if you are using storages directly.  To access UntypedStorage directly, use tensor.untyped_storage() instead of tensor.storage()
  storage = elem.storage()._new_shared(numel, device=elem.device)
/workspace/lutianyou/program/long-ENSO/trainer/utils.py:166: UserWarning: TypedStorage is deprecated. It will be removed in the future and UntypedStorage will be the only storage class. This should only matter to you if you are using storages directly.  To access UntypedStorage directly, use tensor.untyped_storage() instead of tensor.storage()
  storage = elem.storage()._new_shared(numel, device=elem.device)
/workspace/lutianyou/program/long-ENSO/trainer/utils.py:166: UserWarning: TypedStorage is deprecated. It will be removed in the future and UntypedStorage will be the only storage class. This should only matter to you if you are using storages directly.  To access UntypedStorage directly, use tensor.untyped_storage() instead of tensor.storage()
  storage = elem.storage()._new_shared(numel, device=elem.device)
/workspace/lutianyou/program/long-ENSO/trainer/utils.py:166: UserWarning: TypedStorage is deprecated. It will be removed in the future and UntypedStorage will be the only storage class. This should only matter to you if you are using storages directly.  To access UntypedStorage directly, use tensor.untyped_storage() instead of tensor.storage()
  storage = elem.storage()._new_shared(numel, device=elem.device)
/workspace/lutianyou/program/long-ENSO/trainer/utils.py:166: UserWarning: TypedStorage is deprecated. It will be removed in the future and UntypedStorage will be the only storage class. This should only matter to you if you are using storages directly.  To access UntypedStorage directly, use tensor.untyped_storage() instead of tensor.storage()
  storage = elem.storage()._new_shared(numel, device=elem.device)
/workspace/lutianyou/program/long-ENSO/trainer/utils.py:166: UserWarning: TypedStorage is deprecated. It will be removed in the future and UntypedStorage will be the only storage class. This should only matter to you if you are using storages directly.  To access UntypedStorage directly, use tensor.untyped_storage() instead of tensor.storage()
  storage = elem.storage()._new_shared(numel, device=elem.device)
/workspace/lutianyou/program/long-ENSO/trainer/utils.py:166: UserWarning: TypedStorage is deprecated. It will be removed in the future and UntypedStorage will be the only storage class. This should only matter to you if you are using storages directly.  To access UntypedStorage directly, use tensor.untyped_storage() instead of tensor.storage()
  storage = elem.storage()._new_shared(numel, device=elem.device)
/workspace/lutianyou/program/long-ENSO/trainer/utils.py:166: UserWarning: TypedStorage is deprecated. It will be removed in the future and UntypedStorage will be the only storage class. This should only matter to you if you are using storages directly.  To access UntypedStorage directly, use tensor.untyped_storage() instead of tensor.storage()
  storage = elem.storage()._new_shared(numel, device=elem.device)
/workspace/lutianyou/program/long-ENSO/trainer/utils.py:166: UserWarning: TypedStorage is deprecated. It will be removed in the future and UntypedStorage will be the only storage class. This should only matter to you if you are using storages directly.  To access UntypedStorage directly, use tensor.untyped_storage() instead of tensor.storage()
  storage = elem.storage()._new_shared(numel, device=elem.device)
/workspace/lutianyou/program/long-ENSO/trainer/utils.py:166: UserWarning: TypedStorage is deprecated. It will be removed in the future and UntypedStorage will be the only storage class. This should only matter to you if you are using storages directly.  To access UntypedStorage directly, use tensor.untyped_storage() instead of tensor.storage()
  storage = elem.storage()._new_shared(numel, device=elem.device)
/workspace/lutianyou/program/long-ENSO/trainer/utils.py:166: UserWarning: TypedStorage is deprecated. It will be removed in the future and UntypedStorage will be the only storage class. This should only matter to you if you are using storages directly.  To access UntypedStorage directly, use tensor.untyped_storage() instead of tensor.storage()
  storage = elem.storage()._new_shared(numel, device=elem.device)
/workspace/lutianyou/program/long-ENSO/trainer/utils.py:166: UserWarning: TypedStorage is deprecated. It will be removed in the future and UntypedStorage will be the only storage class. This should only matter to you if you are using storages directly.  To access UntypedStorage directly, use tensor.untyped_storage() instead of tensor.storage()
  storage = elem.storage()._new_shared(numel, device=elem.device)
/workspace/lutianyou/program/long-ENSO/trainer/utils.py:166: UserWarning: TypedStorage is deprecated. It will be removed in the future and UntypedStorage will be the only storage class. This should only matter to you if you are using storages directly.  To access UntypedStorage directly, use tensor.untyped_storage() instead of tensor.storage()
  storage = elem.storage()._new_shared(numel, device=elem.device)
/workspace/lutianyou/program/long-ENSO/trainer/utils.py:166: UserWarning: TypedStorage is deprecated. It will be removed in the future and UntypedStorage will be the only storage class. This should only matter to you if you are using storages directly.  To access UntypedStorage directly, use tensor.untyped_storage() instead of tensor.storage()
  storage = elem.storage()._new_shared(numel, device=elem.device)
/workspace/lutianyou/program/long-ENSO/trainer/utils.py:166: UserWarning: TypedStorage is deprecated. It will be removed in the future and UntypedStorage will be the only storage class. This should only matter to you if you are using storages directly.  To access UntypedStorage directly, use tensor.untyped_storage() instead of tensor.storage()
  storage = elem.storage()._new_shared(numel, device=elem.device)
/workspace/lutianyou/program/long-ENSO/trainer/utils.py:166: UserWarning: TypedStorage is deprecated. It will be removed in the future and UntypedStorage will be the only storage class. This should only matter to you if you are using storages directly.  To access UntypedStorage directly, use tensor.untyped_storage() instead of tensor.storage()
  storage = elem.storage()._new_shared(numel, device=elem.device)
/workspace/lutianyou/program/long-ENSO/trainer/utils.py:166: UserWarning: TypedStorage is deprecated. It will be removed in the future and UntypedStorage will be the only storage class. This should only matter to you if you are using storages directly.  To access UntypedStorage directly, use tensor.untyped_storage() instead of tensor.storage()
  storage = elem.storage()._new_shared(numel, device=elem.device)
/workspace/lutianyou/program/long-ENSO/trainer/utils.py:166: UserWarning: TypedStorage is deprecated. It will be removed in the future and UntypedStorage will be the only storage class. This should only matter to you if you are using storages directly.  To access UntypedStorage directly, use tensor.untyped_storage() instead of tensor.storage()
  storage = elem.storage()._new_shared(numel, device=elem.device)
/workspace/lutianyou/program/long-ENSO/trainer/utils.py:166: UserWarning: TypedStorage is deprecated. It will be removed in the future and UntypedStorage will be the only storage class. This should only matter to you if you are using storages directly.  To access UntypedStorage directly, use tensor.untyped_storage() instead of tensor.storage()
  storage = elem.storage()._new_shared(numel, device=elem.device)
/workspace/lutianyou/program/long-ENSO/trainer/utils.py:166: UserWarning: TypedStorage is deprecated. It will be removed in the future and UntypedStorage will be the only storage class. This should only matter to you if you are using storages directly.  To access UntypedStorage directly, use tensor.untyped_storage() instead of tensor.storage()
  storage = elem.storage()._new_shared(numel, device=elem.device)
/workspace/lutianyou/program/long-ENSO/trainer/utils.py:166: UserWarning: TypedStorage is deprecated. It will be removed in the future and UntypedStorage will be the only storage class. This should only matter to you if you are using storages directly.  To access UntypedStorage directly, use tensor.untyped_storage() instead of tensor.storage()
  storage = elem.storage()._new_shared(numel, device=elem.device)
/workspace/lutianyou/program/long-ENSO/trainer/utils.py:166: UserWarning: TypedStorage is deprecated. It will be removed in the future and UntypedStorage will be the only storage class. This should only matter to you if you are using storages directly.  To access UntypedStorage directly, use tensor.untyped_storage() instead of tensor.storage()
  storage = elem.storage()._new_shared(numel, device=elem.device)
/workspace/lutianyou/program/long-ENSO/trainer/utils.py:166: UserWarning: TypedStorage is deprecated. It will be removed in the future and UntypedStorage will be the only storage class. This should only matter to you if you are using storages directly.  To access UntypedStorage directly, use tensor.untyped_storage() instead of tensor.storage()
  storage = elem.storage()._new_shared(numel, device=elem.device)
/workspace/lutianyou/program/long-ENSO/trainer/utils.py:166: UserWarning: TypedStorage is deprecated. It will be removed in the future and UntypedStorage will be the only storage class. This should only matter to you if you are using storages directly.  To access UntypedStorage directly, use tensor.untyped_storage() instead of tensor.storage()
  storage = elem.storage()._new_shared(numel, device=elem.device)
/workspace/lutianyou/program/long-ENSO/trainer/utils.py:166: UserWarning: TypedStorage is deprecated. It will be removed in the future and UntypedStorage will be the only storage class. This should only matter to you if you are using storages directly.  To access UntypedStorage directly, use tensor.untyped_storage() instead of tensor.storage()
  storage = elem.storage()._new_shared(numel, device=elem.device)
/workspace/lutianyou/program/long-ENSO/trainer/utils.py:166: UserWarning: TypedStorage is deprecated. It will be removed in the future and UntypedStorage will be the only storage class. This should only matter to you if you are using storages directly.  To access UntypedStorage directly, use tensor.untyped_storage() instead of tensor.storage()
  storage = elem.storage()._new_shared(numel, device=elem.device)
/workspace/lutianyou/program/long-ENSO/trainer/utils.py:166: UserWarning: TypedStorage is deprecated. It will be removed in the future and UntypedStorage will be the only storage class. This should only matter to you if you are using storages directly.  To access UntypedStorage directly, use tensor.untyped_storage() instead of tensor.storage()
  storage = elem.storage()._new_shared(numel, device=elem.device)
/workspace/lutianyou/program/long-ENSO/trainer/utils.py:166: UserWarning: TypedStorage is deprecated. It will be removed in the future and UntypedStorage will be the only storage class. This should only matter to you if you are using storages directly.  To access UntypedStorage directly, use tensor.untyped_storage() instead of tensor.storage()
  storage = elem.storage()._new_shared(numel, device=elem.device)
/workspace/lutianyou/program/long-ENSO/trainer/utils.py:166: UserWarning: TypedStorage is deprecated. It will be removed in the future and UntypedStorage will be the only storage class. This should only matter to you if you are using storages directly.  To access UntypedStorage directly, use tensor.untyped_storage() instead of tensor.storage()
  storage = elem.storage()._new_shared(numel, device=elem.device)
/workspace/lutianyou/program/long-ENSO/trainer/utils.py:166: UserWarning: TypedStorage is deprecated. It will be removed in the future and UntypedStorage will be the only storage class. This should only matter to you if you are using storages directly.  To access UntypedStorage directly, use tensor.untyped_storage() instead of tensor.storage()
  storage = elem.storage()._new_shared(numel, device=elem.device)
/workspace/lutianyou/program/long-ENSO/trainer/utils.py:166: UserWarning: TypedStorage is deprecated. It will be removed in the future and UntypedStorage will be the only storage class. This should only matter to you if you are using storages directly.  To access UntypedStorage directly, use tensor.untyped_storage() instead of tensor.storage()
  storage = elem.storage()._new_shared(numel, device=elem.device)
/workspace/lutianyou/program/long-ENSO/trainer/utils.py:166: UserWarning: TypedStorage is deprecated. It will be removed in the future and UntypedStorage will be the only storage class. This should only matter to you if you are using storages directly.  To access UntypedStorage directly, use tensor.untyped_storage() instead of tensor.storage()
  storage = elem.storage()._new_shared(numel, device=elem.device)
/workspace/lutianyou/program/long-ENSO/trainer/utils.py:166: UserWarning: TypedStorage is deprecated. It will be removed in the future and UntypedStorage will be the only storage class. This should only matter to you if you are using storages directly.  To access UntypedStorage directly, use tensor.untyped_storage() instead of tensor.storage()
  storage = elem.storage()._new_shared(numel, device=elem.device)
/workspace/lutianyou/program/long-ENSO/trainer/utils.py:166: UserWarning: TypedStorage is deprecated. It will be removed in the future and UntypedStorage will be the only storage class. This should only matter to you if you are using storages directly.  To access UntypedStorage directly, use tensor.untyped_storage() instead of tensor.storage()
  storage = elem.storage()._new_shared(numel, device=elem.device)
/workspace/lutianyou/program/long-ENSO/trainer/utils.py:166: UserWarning: TypedStorage is deprecated. It will be removed in the future and UntypedStorage will be the only storage class. This should only matter to you if you are using storages directly.  To access UntypedStorage directly, use tensor.untyped_storage() instead of tensor.storage()
  storage = elem.storage()._new_shared(numel, device=elem.device)
/workspace/lutianyou/program/long-ENSO/trainer/utils.py:166: UserWarning: TypedStorage is deprecated. It will be removed in the future and UntypedStorage will be the only storage class. This should only matter to you if you are using storages directly.  To access UntypedStorage directly, use tensor.untyped_storage() instead of tensor.storage()
  storage = elem.storage()._new_shared(numel, device=elem.device)
/workspace/lutianyou/program/long-ENSO/trainer/utils.py:166: UserWarning: TypedStorage is deprecated. It will be removed in the future and UntypedStorage will be the only storage class. This should only matter to you if you are using storages directly.  To access UntypedStorage directly, use tensor.untyped_storage() instead of tensor.storage()
  storage = elem.storage()._new_shared(numel, device=elem.device)
/workspace/lutianyou/program/long-ENSO/trainer/utils.py:166: UserWarning: TypedStorage is deprecated. It will be removed in the future and UntypedStorage will be the only storage class. This should only matter to you if you are using storages directly.  To access UntypedStorage directly, use tensor.untyped_storage() instead of tensor.storage()
  storage = elem.storage()._new_shared(numel, device=elem.device)
/workspace/lutianyou/program/long-ENSO/trainer/utils.py:166: UserWarning: TypedStorage is deprecated. It will be removed in the future and UntypedStorage will be the only storage class. This should only matter to you if you are using storages directly.  To access UntypedStorage directly, use tensor.untyped_storage() instead of tensor.storage()
  storage = elem.storage()._new_shared(numel, device=elem.device)
/workspace/lutianyou/program/long-ENSO/trainer/utils.py:166: UserWarning: TypedStorage is deprecated. It will be removed in the future and UntypedStorage will be the only storage class. This should only matter to you if you are using storages directly.  To access UntypedStorage directly, use tensor.untyped_storage() instead of tensor.storage()
  storage = elem.storage()._new_shared(numel, device=elem.device)
/workspace/lutianyou/program/long-ENSO/trainer/utils.py:166: UserWarning: TypedStorage is deprecated. It will be removed in the future and UntypedStorage will be the only storage class. This should only matter to you if you are using storages directly.  To access UntypedStorage directly, use tensor.untyped_storage() instead of tensor.storage()
  storage = elem.storage()._new_shared(numel, device=elem.device)
/workspace/lutianyou/program/long-ENSO/trainer/utils.py:166: UserWarning: TypedStorage is deprecated. It will be removed in the future and UntypedStorage will be the only storage class. This should only matter to you if you are using storages directly.  To access UntypedStorage directly, use tensor.untyped_storage() instead of tensor.storage()
  storage = elem.storage()._new_shared(numel, device=elem.device)
/workspace/lutianyou/program/long-ENSO/trainer/utils.py:166: UserWarning: TypedStorage is deprecated. It will be removed in the future and UntypedStorage will be the only storage class. This should only matter to you if you are using storages directly.  To access UntypedStorage directly, use tensor.untyped_storage() instead of tensor.storage()
  storage = elem.storage()._new_shared(numel, device=elem.device)
/workspace/lutianyou/program/long-ENSO/trainer/utils.py:166: UserWarning: TypedStorage is deprecated. It will be removed in the future and UntypedStorage will be the only storage class. This should only matter to you if you are using storages directly.  To access UntypedStorage directly, use tensor.untyped_storage() instead of tensor.storage()
  storage = elem.storage()._new_shared(numel, device=elem.device)
/workspace/lutianyou/program/long-ENSO/trainer/utils.py:166: UserWarning: TypedStorage is deprecated. It will be removed in the future and UntypedStorage will be the only storage class. This should only matter to you if you are using storages directly.  To access UntypedStorage directly, use tensor.untyped_storage() instead of tensor.storage()
  storage = elem.storage()._new_shared(numel, device=elem.device)
/workspace/lutianyou/program/long-ENSO/trainer/utils.py:166: UserWarning: TypedStorage is deprecated. It will be removed in the future and UntypedStorage will be the only storage class. This should only matter to you if you are using storages directly.  To access UntypedStorage directly, use tensor.untyped_storage() instead of tensor.storage()
  storage = elem.storage()._new_shared(numel, device=elem.device)
/workspace/lutianyou/program/long-ENSO/trainer/utils.py:166: UserWarning: TypedStorage is deprecated. It will be removed in the future and UntypedStorage will be the only storage class. This should only matter to you if you are using storages directly.  To access UntypedStorage directly, use tensor.untyped_storage() instead of tensor.storage()
  storage = elem.storage()._new_shared(numel, device=elem.device)
/workspace/lutianyou/program/long-ENSO/trainer/utils.py:166: UserWarning: TypedStorage is deprecated. It will be removed in the future and UntypedStorage will be the only storage class. This should only matter to you if you are using storages directly.  To access UntypedStorage directly, use tensor.untyped_storage() instead of tensor.storage()
  storage = elem.storage()._new_shared(numel, device=elem.device)
/workspace/lutianyou/program/long-ENSO/trainer/utils.py:166: UserWarning: TypedStorage is deprecated. It will be removed in the future and UntypedStorage will be the only storage class. This should only matter to you if you are using storages directly.  To access UntypedStorage directly, use tensor.untyped_storage() instead of tensor.storage()
  storage = elem.storage()._new_shared(numel, device=elem.device)
/workspace/lutianyou/program/long-ENSO/trainer/utils.py:166: UserWarning: TypedStorage is deprecated. It will be removed in the future and UntypedStorage will be the only storage class. This should only matter to you if you are using storages directly.  To access UntypedStorage directly, use tensor.untyped_storage() instead of tensor.storage()
  storage = elem.storage()._new_shared(numel, device=elem.device)
/workspace/lutianyou/program/long-ENSO/trainer/utils.py:166: UserWarning: TypedStorage is deprecated. It will be removed in the future and UntypedStorage will be the only storage class. This should only matter to you if you are using storages directly.  To access UntypedStorage directly, use tensor.untyped_storage() instead of tensor.storage()
  storage = elem.storage()._new_shared(numel, device=elem.device)
lead: 3
pred mean: 3.0374515056610107
lead: 3
pred mean: 3.035291910171509
lead: 2
pred mean: 3.0320255756378174
lead: 3
pred mean: 3.0424656867980957
lead: 5
pred mean: 3.040170431137085
lead: 0
pred mean: 3.0451207160949707
lead: 0
pred mean: 3.0386390686035156
lead: 4
pred mean: 3.0333545207977295
 20%|██        | 372/1855 [07:28<38:23,  1.55s/it]lead: 5
pred mean: 3.0412075519561768
lead: 4
pred mean: 3.050734281539917
lead: 2
pred mean: 3.0459272861480713
lead: 2
pred mean: 3.042224884033203
lead: 1
pred mean: 3.0531420707702637
lead: 2
pred mean: 3.044865608215332
lead: 5
pred mean: 3.0528717041015625
lead: 2
pred mean: 3.0539469718933105
 20%|██        | 373/1855 [07:30<35:35,  1.44s/it]lead: 5
pred mean: 3.04886794090271
lead: 1
pred mean: 3.0635879039764404
lead: 0
lead: 3
pred mean: 3.044722318649292
pred mean: 3.037706136703491
lead: 0
pred mean: 3.0505969524383545
lead: 2
pred mean: 3.0523061752319336
lead: 0
pred mean: 3.050358533859253
lead: 5
pred mean: 3.045459032058716
 20%|██        | 374/1855 [07:31<33:40,  1.36s/it]lead: 2
pred mean: 3.0748841762542725
lead: 2
pred mean: 3.072998046875
lead: 4
pred mean: 3.0753092765808105
lead: 5
pred mean: 3.071725845336914
lead: 2
pred mean: 3.0565919876098633
lead: 0
pred mean: 3.0729753971099854
lead: 4
pred mean: 3.0702285766601562
lead: 5
pred mean: 3.0781772136688232
 20%|██        | 375/1855 [07:32<32:25,  1.31s/it]                                                  {'loss': 14.9444, 'learning_rate': 0.0001937382556170571, 'epoch': 1.01}
 20%|██        | 375/1855 [07:32<32:25,  1.31s/it]lead: 0
pred mean: 3.086855888366699
lead: 3
pred mean: 3.0840041637420654
lead: 4
pred mean: 3.081223726272583
lead: 5
pred mean: 3.089700698852539
lead: 3
pred mean: 3.087209463119507
lead: 3
pred mean: 3.0903584957122803
lead: 3
pred mean: 3.0818254947662354
lead: 0
pred mean: 3.0885722637176514
 20%|██        | 376/1855 [07:33<31:26,  1.28s/it]lead: 3
pred mean: 3.1007280349731445
lead: 4
pred mean: 3.1059093475341797
lead: 4
pred mean: 3.1023879051208496
lead: 1
pred mean: 3.0981297492980957
lead: 0
pred mean: 3.097796678543091
lead: 1
lead: 0
pred mean: 3.1033194065093994
pred mean: 3.1055896282196045
lead: 4
pred mean: 3.101384162902832
 20%|██        | 377/1855 [07:34<31:02,  1.26s/it]lead: 5
pred mean: 3.108996629714966
lead: 4
pred mean: 3.1108291149139404
lead: 3
pred mean: 3.1009597778320312
lead: 2
pred mean: 3.1075589656829834
lead: 2
pred mean: 3.1108856201171875
lead: 5
pred mean: 3.1059646606445312
lead: 4
pred mean: 3.104851007461548
lead: 0
pred mean: 3.1096456050872803
 20%|██        | 378/1855 [07:36<30:36,  1.24s/it]lead: 4
pred mean: 3.0988447666168213
lead: 3
pred mean: 3.0937294960021973
lead: 1
pred mean: 3.0938708782196045
lead: 0
pred mean: 3.1009528636932373
lead: 0
pred mean: 3.0989692211151123
lead: 4
pred mean: 3.0895509719848633
lead: 1
pred mean: 3.0947320461273193
lead: 3
pred mean: 3.101170301437378
 20%|██        | 379/1855 [07:37<30:13,  1.23s/it]lead: 2
pred mean: 3.1193604469299316
lead: 3
pred mean: 3.115119218826294
lead: 5
pred mean: 3.1186177730560303
lead: 3
pred mean: 3.124570369720459
lead: 2
pred mean: 3.111989974975586
lead: 3
pred mean: 3.119442939758301
lead: 0
pred mean: 3.1117937564849854
lead: 0
pred mean: 3.1196391582489014
 20%|██        | 380/1855 [07:38<29:50,  1.21s/it]                                                  {'loss': 14.8764, 'learning_rate': 0.00019340630139088658, 'epoch': 1.02}
 20%|██        | 380/1855 [07:38<29:50,  1.21s/it]lead: 5
pred mean: 3.1366934776306152
lead: 3
pred mean: 3.14050030708313
lead: 5
pred mean: 3.1285271644592285
lead: 2
pred mean: 3.138664484024048
lead: 5
pred mean: 3.130167007446289
lead: 0
pred mean: 3.139760971069336
lead: 4
pred mean: 3.138155937194824
lead: 4
pred mean: 3.1311352252960205
 21%|██        | 381/1855 [07:39<29:31,  1.20s/it]lead: 5
pred mean: 3.1474125385284424
lead:lead:  22

pred mean:pred mean:  3.1441817283630373.143848419189453

lead: 3
pred mean: 3.1434707641601562
lead: 5
pred mean: 3.1471314430236816
lead: 5
pred mean: 3.1471123695373535
lead: 2
pred mean: 3.146068811416626
lead: 4
pred mean: 3.1439778804779053
 21%|██        | 382/1855 [07:40<29:25,  1.20s/it]lead: 4
pred mean: 3.152205467224121
lead: 4
pred mean: 3.161004066467285
lead: 2
lead: 5
lead: 0
pred mean: 3.1564576625823975
pred mean: 3.1571590900421143
pred mean: 3.156994342803955
lead: 3
pred mean: 3.16166615486145
lead: 4
pred mean: 3.1556296348571777
lead: 4
pred mean: 3.160116195678711
 21%|██        | 383/1855 [07:42<29:14,  1.19s/it]lead: 0
pred mean: 3.1685080528259277
lead: 0
pred mean: 3.1558268070220947
lead: 3
pred mean: 3.15874981880188
lead: 4
pred mean: 3.161792755126953
lead: 2
pred mean: 3.165391206741333
lead: 5
pred mean: 3.1649327278137207
lead: 5
pred mean: 3.1638543605804443
lead: 0
pred mean: 3.163409948348999
 21%|██        | 384/1855 [07:43<29:12,  1.19s/it]lead: 1
pred mean: 3.150810480117798
lead: 1
pred mean: 3.162078857421875
lead: 1
lead: 3
pred mean: 3.1519980430603027
pred mean: 3.1615099906921387
lead: 3
pred mean: 3.149381637573242
lead: 1
pred mean: 3.1540379524230957
lead: 1
pred mean: 3.1602065563201904
lead: 4
pred mean: 3.1610891819000244
 21%|██        | 385/1855 [07:44<29:15,  1.19s/it]                                                  {'loss': 14.8092, 'learning_rate': 0.00019306607345936176, 'epoch': 1.04}
 21%|██        | 385/1855 [07:44<29:15,  1.19s/it]lead: 3
pred mean: 3.1970162391662598
lead: 5
pred mean: 3.1969475746154785
lead: 4
lead: 0
pred mean: 3.1997158527374268
pred mean: 3.2037699222564697
lead: 4
pred mean: 3.197498321533203
lead: 1
pred mean: 3.2013001441955566
lead: 4
pred mean: 3.195834159851074
lead: 2
pred mean: 3.1973395347595215
 21%|██        | 386/1855 [07:45<29:09,  1.19s/it]lead: 1
pred mean: 3.207908868789673
lead: 5
pred mean: 3.2069947719573975
lead: 3
pred mean: 3.204556703567505
lead: 0
pred mean: 3.2081961631774902
lead: 0
pred mean: 3.2075319290161133
lead: 1
pred mean: 3.209632158279419
lead: 0
pred mean: 3.2063422203063965
lead: 1
pred mean: 3.203172206878662
 21%|██        | 387/1855 [07:46<29:05,  1.19s/it]lead: 2
pred mean: 3.1988179683685303
lead: 2
pred mean: 3.1996047496795654
lead: 5
pred mean: 3.206172466278076
lead: 2
lead: 0
pred mean: 3.2011258602142334
pred mean: 3.204775810241699
lead: 5
pred mean: 3.202253580093384
lead: 1
pred mean: 3.206272840499878
lead: 0
pred mean: 3.1953132152557373
 21%|██        | 388/1855 [07:47<29:01,  1.19s/it]lead: 3
pred mean: 3.2105472087860107
lead: 1
pred mean: 3.2141737937927246
lead: 1lead:
 5
pred mean: pred mean:3.210160970687866 
3.217350959777832
lead: 2
pred mean: 3.219970703125
lead: 3
pred mean: 3.2093822956085205
lead: 5
pred mean: 3.2119522094726562
lead: 4
pred mean: 3.2229015827178955
 21%|██        | 389/1855 [07:49<28:43,  1.18s/it]lead: 5
pred mean: 3.2188339233398438
lead: 4
pred mean: 3.22799015045166
lead: 3
pred mean: 3.2171013355255127
lead: 3
pred mean: 3.2166097164154053
lead: 2
pred mean: 3.2220804691314697
lead: 3
pred mean: 3.219086170196533
lead: 0
pred mean: 3.209057092666626
lead: 1
pred mean: 3.2175679206848145
 21%|██        | 390/1855 [07:50<28:52,  1.18s/it]                                                  {'loss': 14.7433, 'learning_rate': 0.00019271760195905394, 'epoch': 1.05}
 21%|██        | 390/1855 [07:50<28:52,  1.18s/it]lead: 3
lead:pred mean:  5
3.2375760078430176
pred mean: 3.2377970218658447
lead: 4
pred mean: 3.246843099594116
lead: 4
pred mean: 3.2348246574401855
lead: 0
pred mean: 3.23492169380188
lead: 3
lead: 0pred mean:
 3.239370584487915
pred mean: 3.2324070930480957
lead: 2
pred mean: 3.2284135818481445
 21%|██        | 391/1855 [07:51<28:53,  1.18s/it]lead: 1
pred mean: 3.239413261413574
lead: 3
lead:pred mean:  03.2364909648895264

lead: 0
pred mean: 3.236659526824951
pred mean: 3.2268636226654053
lead: 1
pred mean: 3.2371737957000732
lead: 3
pred mean: 3.2328009605407715
lead: 3
pred mean: 3.238345146179199
lead: 2
pred mean: 3.2310285568237305
 21%|██        | 392/1855 [07:52<28:47,  1.18s/it]lead: 1
pred mean: 3.264301300048828
lead: 0
pred mean: 3.261409282684326lead:
 2
pred mean: 3.2637689113616943
lead: 1
pred mean: 3.2645070552825928
lead: 4
pred mean: 3.270186424255371
lead: 2
pred mean: 3.25957989692688
lead: 4
pred mean: 3.271833658218384
lead: 1
pred mean: 3.2606301307678223
 21%|██        | 393/1855 [07:53<28:49,  1.18s/it]lead: 2
lead: 3
lead: 1
pred mean: 3.279086112976074
pred mean: 3.281050682067871
pred mean: 3.282325029373169
lead: 3
pred mean: 3.286466598510742
lead: 4
pred mean: 3.2849061489105225
lead: 4
pred mean: 3.283421516418457
lead: 5
pred mean: 3.281816244125366
lead: 4
pred mean: 3.2779386043548584
 21%|██        | 394/1855 [07:55<28:46,  1.18s/it]lead: 3
pred mean: 3.2843997478485107
lead: 4
pred mean: 3.2883505821228027
lead: 2
pred mean: 3.284043788909912
lead: 5
pred mean: 3.2816081047058105
lead: 4
pred mean: 3.2810826301574707
lead: 0
pred mean: 3.2815122604370117
lead: 2
pred mean: 3.277681589126587
lead: 2
pred mean: 3.285127878189087
 21%|██▏       | 395/1855 [07:56<28:44,  1.18s/it]                                                  {'loss': 14.6757, 'learning_rate': 0.00019236091775672978, 'epoch': 1.06}
 21%|██▏       | 395/1855 [07:56<28:44,  1.18s/it]lead: 5
pred mean: 3.283146858215332
lead: 3
lead: 3
pred mean: 3.2786219120025635
pred mean: 3.2744088172912598
lead: 0
pred mean: 3.280235528945923
lead: 3
pred mean: 3.2716879844665527
lead: 3
lead:pred mean:  03.2823338508605957

pred mean: 3.2785232067108154
lead: 3
pred mean: 3.275714635848999
 21%|██▏       | 396/1855 [07:57<28:47,  1.18s/it]lead: 4
pred mean: 3.295187473297119
lead: 5
pred mean: 3.2891452312469482
lead: 2
pred mean: 3.2834055423736572
lead: 5
pred mean: 3.2892284393310547
lead: 0
pred mean: 3.2876269817352295
lead: 1
pred mean: 3.288496971130371
lead: 2
pred mean: 3.2952733039855957
lead: 1
pred mean: 3.283622980117798
 21%|██▏       | 397/1855 [07:58<28:49,  1.19s/it]lead: 4
pred mean: 3.30147647857666
lead: 5
pred mean: 3.3028664588928223
lead: 0
pred mean: 3.304480791091919
lead: 4
pred mean: 3.3045036792755127
lead: 2
pred mean: 3.306633234024048
lead: 1
pred mean: 3.3119304180145264
lead: 3
pred mean: 3.3115649223327637
lead: 5
pred mean: 3.302779197692871
 21%|██▏       | 398/1855 [07:59<28:39,  1.18s/it]lead: 4
lead: 4
pred mean: 3.3137898445129395
pred mean: 3.316270351409912
lead: 1
pred mean: 3.3061158657073975
lead: 2
pred mean: 3.3124523162841797
lead: 2
pred mean: 3.3240280151367188
lead: 1
pred mean: 3.3238823413848877
lead: 1
pred mean: 3.3203060626983643
lead: 1
pred mean: 3.3126235008239746
 22%|██▏       | 399/1855 [08:00<28:48,  1.19s/it]lead: 0
pred mean: 3.327716827392578
lead: 5
pred mean: 3.3207805156707764
lead: 1
pred mean: 3.328613042831421
lead: 2
pred mean: 3.322016477584839
lead: 0
pred mean: 3.329836368560791
lead: 3
pred mean: 3.32978892326355
lead: 3
pred mean: 3.325395345687866
lead: 0
pred mean: 3.318878173828125
 22%|██▏       | 400/1855 [08:02<28:45,  1.19s/it]                                                  {'loss': 14.6065, 'learning_rate': 0.00019199605244661752, 'epoch': 1.08}
 22%|██▏       | 400/1855 [08:02<28:45,  1.19s/it]lead: 0
pred mean: 3.3414206504821777
lead:lead:  25

pred mean:pred mean:  3.344799280166626
3.345813751220703
lead: 0
pred mean: 3.3447864055633545
lead: 5
pred mean: 3.347928285598755
lead: 0
lead: 5
pred mean: 3.3326621055603027
pred mean: 3.3489067554473877
lead: 5
pred mean: 3.3404955863952637
 22%|██▏       | 401/1855 [08:03<28:46,  1.19s/it]lead: 1
pred mean: 3.356555223464966
lead: 4
pred mean: 3.3534817695617676
lead: 1
pred mean: 3.352313756942749
lead: 0
pred mean: 3.355231523513794
lead: 2
pred mean: 3.35128116607666
lead: 3
pred mean: 3.347160577774048
lead: 1
pred mean: 3.3536922931671143
lead: 2
pred mean: 3.3492462635040283
 22%|██▏       | 402/1855 [08:04<28:32,  1.18s/it]lead: 3
pred mean: 3.357913017272949
lead: 4
pred mean: 3.3609800338745117
lead: 2
pred mean: 3.3550150394439697
lead: 0
pred mean: 3.35904860496521
lead: 4
pred mean: 3.3594422340393066
lead: 5
pred mean: 3.357656717300415
lead: 4
pred mean: 3.353945732116699
lead: 1
pred mean: 3.3580751419067383
 22%|██▏       | 403/1855 [08:05<28:33,  1.18s/it]lead: 0
pred mean: 3.3675389289855957
lead: 1
pred mean: 3.3519678115844727
lead: 2
pred mean: 3.3527321815490723
lead: 1
pred mean: 3.355788230895996
lead: 0
pred mean: 3.359090566635132
lead: 5
pred mean: 3.3505053520202637
lead: 0
pred mean: 3.354888916015625
lead: 2
pred mean: 3.360461950302124
 22%|██▏       | 404/1855 [08:06<28:40,  1.19s/it]lead: 5
pred mean: 3.3792219161987305
lead: 0
pred mean: 3.36894154548645
lead: 5
pred mean: 3.371471881866455
lead: 1
pred mean: 3.382376194000244
lead: 5
pred mean: 3.3764431476593018
lead: 0
pred mean: 3.3862686157226562
lead: 3
pred mean: 3.378725290298462
lead: 1
pred mean: 3.370471954345703
 22%|██▏       | 405/1855 [08:08<28:43,  1.19s/it]                                                  {'loss': 14.543, 'learning_rate': 0.00019162303834760803, 'epoch': 1.09}
 22%|██▏       | 405/1855 [08:08<28:43,  1.19s/it]lead: 5
pred mean: 3.3873231410980225
lead: 5
pred mean: 3.386200428009033
lead: 1
lead: 5
pred mean: 3.3900306224823
pred mean: 3.384657621383667
lead: 2
pred mean: 3.37860107421875
lead: 1
pred mean: 3.3893439769744873
lead: 4
pred mean: 3.3855113983154297
lead: 2
pred mean: 3.3923354148864746
 22%|██▏       | 406/1855 [08:09<28:43,  1.19s/it]lead: 3
lead: 1
pred mean: 3.3992419242858887
pred mean: 3.402726888656616
lead: 3
pred mean: 3.3960771560668945
lead: 5
pred mean: 3.399918794631958
lead: 2
pred mean: 3.3981130123138428
lead: 2
pred mean: 3.3959484100341797
lead: 5
lead: 5
pred mean:pred mean:  3.39725756645202643.403904914855957

 22%|██▏       | 407/1855 [08:10<28:48,  1.19s/it]lead: 5
pred mean: 3.417269229888916
lead: 1
pred mean: 3.4211881160736084
lead: 3
pred mean: 3.416184663772583
lead: 1
pred mean: 3.4204983711242676
lead: 5
pred mean: 3.4181337356567383
lead: 3
pred mean: 3.4214026927948
lead: 3
pred mean: 3.420133590698242
lead: 0
pred mean: 3.420896530151367
 22%|██▏       | 408/1855 [08:11<29:05,  1.21s/it]lead: 0
pred mean: 3.430307388305664
lead: 0
pred mean: 3.424729108810425
lead: 0
pred mean: 3.423285961151123
lead: 2
pred mean: 3.43050479888916
lead: 5
lead:pred mean:  13.4268887042999268

pred mean: 3.4259889125823975
lead: 0
pred mean: 3.430910348892212
lead: 2
pred mean: 3.4257168769836426
 22%|██▏       | 409/1855 [08:12<29:12,  1.21s/it]lead: 4
pred mean: 3.416539192199707
lead: 4
pred mean: 3.4186835289001465
lead: 0
pred mean: 3.4176688194274902
lead: 5
pred mean: 3.4222023487091064
lead: 2
pred mean: 3.4207704067230225
lead: 1
pred mean: 3.4164164066314697
lead: 4
pred mean: 3.418596029281616
lead: 3
pred mean: 3.4232640266418457
 22%|██▏       | 410/1855 [08:14<29:10,  1.21s/it]                                                  {'loss': 14.4741, 'learning_rate': 0.00019124190850039244, 'epoch': 1.11}
 22%|██▏       | 410/1855 [08:14<29:10,  1.21s/it]lead: 3
pred mean: 3.436034679412842
lead: 2
pred mean: 3.430634021759033
lead: 2
pred mean: lead:3.4252572059631348 
4
pred mean: 3.4216818809509277
lead: 2
pred mean: 3.433579206466675
lead: 4
pred mean: 3.432004928588867
lead: 0
pred mean: 3.429290771484375
lead: 0
pred mean: 3.423410415649414
 22%|██▏       | 411/1855 [08:15<28:58,  1.20s/it]lead: 0
pred mean: 3.4619534015655518
lead: 5
pred mean: 3.461272716522217
lead: 5
pred mean: 3.459087610244751
lead: 1
pred mean: 3.4614665508270264
lead: 0
pred mean: 3.4572629928588867
lead: 4
pred mean: 3.462425708770752
lead: 3
pred mean: 3.4617011547088623
lead: 4
pred mean: 3.4631314277648926
 22%|██▏       | 412/1855 [08:16<29:36,  1.23s/it]lead: 2
pred mean: 3.466374158859253
lead:lead:  05

pred mean:pred mean:  3.4614562988281253.4566712379455566
lead:
 2
pred mean: 3.4617767333984375
lead: 5
pred mean: 3.470703125
lead: 5
pred mean: 3.4681384563446045
lead: 3
pred mean: 3.4611141681671143
lead: 4
pred mean: 3.4674112796783447
 22%|██▏       | 413/1855 [08:17<29:20,  1.22s/it]lead: 0
pred mean: 3.4569268226623535
lead: 2
pred mean: 3.458709478378296
lead: 2
pred mean: 3.4674887657165527
lead: 0
pred mean: 3.4577577114105225
lead: 3
pred mean: 3.475829839706421
lead: 3
lead: 4
pred mean: 3.464179515838623
pred mean: 3.4622857570648193
lead: 0
pred mean: 3.465237855911255
 22%|██▏       | 414/1855 [08:18<28:57,  1.21s/it]lead: 1
pred mean: 3.4760823249816895
lead: 4
pred mean: 3.482450008392334
lead: 4
pred mean: 3.4902632236480713
lead: 3
pred mean: 3.480966567993164
lead: 3
pred mean: 3.4675347805023193
lead: 4
pred mean: 3.4823782444000244
lead: 0
pred mean: 3.473665714263916
lead: 4
pred mean: 3.481048107147217
 22%|██▏       | 415/1855 [08:20<28:49,  1.20s/it]                                                  {'loss': 14.407, 'learning_rate': 0.0001908526966645352, 'epoch': 1.12}
 22%|██▏       | 415/1855 [08:20<28:49,  1.20s/it]lead: 1
pred mean: 3.485774040222168
lead: 4
pred mean: 3.4983832836151123
lead: 2
pred mean: 3.4898505210876465
lead: 4
pred mean: 3.49070143699646
lead: 0
pred mean: 3.493472099304199
lead: 4
pred mean: 3.4944262504577637
lead: 2
pred mean: 3.496434211730957
lead: 4
pred mean: 3.4855151176452637
 22%|██▏       | 416/1855 [08:21<28:48,  1.20s/it]lead: 2
pred mean: 3.5009474754333496
lead: 2
lead: 3
pred mean: 3.4941413402557373
pred mean: 3.500173807144165
lead: 5
pred mean: 3.491445779800415
lead: 5
pred mean: 3.4916396141052246
lead: 3
pred mean: 3.5018351078033447
lead: 3
pred mean: 3.507316827774048
lead: 2
pred mean: 3.491885185241699
 22%|██▏       | 417/1855 [08:22<28:44,  1.20s/it]lead: 5
pred mean: 3.498080253601074
lead: 5
pred mean: 3.504652976989746
lead: 2
lead: 2
pred mean: 3.4993252754211426
pred mean: 3.4983649253845215
lead: 2
pred mean: 3.5026767253875732
lead: 3
pred mean: 3.5003297328948975
lead: 1
lead: 4
pred mean: 3.5055017471313477
pred mean: 3.49623703956604
 23%|██▎       | 418/1855 [08:23<28:36,  1.19s/it]lead: 3
pred mean: 3.530773401260376
lead:lead:  12

lead: 3
pred mean: pred mean:3.534874439239502 
3.5271036624908447
pred mean: 3.5333809852600098
lead: 1
pred mean: 3.5355641841888428
lead: 4
pred mean: 3.5340616703033447
lead: 1
pred mean: 3.5294992923736572
lead: 3
pred mean: 3.5224099159240723
 23%|██▎       | 419/1855 [08:24<28:42,  1.20s/it]lead: 2
pred mean: 3.5545425415039062
lead: 2
pred mean: 3.5450568199157715
lead: 5
pred mean: 3.54906964302063
lead: 3
pred mean: 3.5454933643341064
lead: 5
lead: 3
pred mean: 3.549539566040039
pred mean: 3.5558791160583496
lead: 5
pred mean: 3.5470516681671143
lead: 3
pred mean: 3.5539090633392334
 23%|██▎       | 420/1855 [08:26<28:29,  1.19s/it]                                                  {'loss': 14.3392, 'learning_rate': 0.000190455437315484, 'epoch': 1.13}
 23%|██▎       | 420/1855 [08:26<28:29,  1.19s/it]lead: 4
pred mean: 3.528972864151001
lead: 0
pred mean: 3.531691312789917
lead: 0
pred mean: 3.532094717025757
lead: 2
lead: 3
pred mean: 3.5266425609588623
pred mean: 3.5366175174713135
lead: 1
pred mean: 3.52463960647583
lead: 5
pred mean: 3.523314952850342
lead: 3
pred mean: 3.539520263671875
 23%|██▎       | 421/1855 [08:27<28:38,  1.20s/it]lead: 0
pred mean: 3.5412538051605225
lead: 3
pred mean: 3.5459165573120117
lead: 2
lead: 1
pred mean: 3.5384621620178223
pred mean: 3.542966842651367
lead: 4
lead: 4
pred mean: 3.5449931621551514
pred mean: 3.543323278427124
lead: 3
pred mean: 3.5463016033172607
lead: 2
pred mean: 3.5439820289611816
 23%|██▎       | 422/1855 [08:28<28:33,  1.20s/it]lead: 2
pred mean: 3.56078839302063
lead: 1
pred mean: 3.5602238178253174
lead: 2
pred mean: 3.5635573863983154
lead: 0
pred mean: 3.556525468826294
lead: 3
pred mean: 3.5591635704040527
lead: 4
pred mean: 3.562241792678833
lead: 3
pred mean: 3.555558443069458
lead: 4
pred mean: 3.563831329345703
 23%|██▎       | 423/1855 [08:29<28:26,  1.19s/it]lead: 0
pred mean: 3.5591378211975098
lead: 5
pred mean: 3.5671422481536865
lead: 3
pred mean: 3.5646932125091553
lead: 5
pred mean: 3.5726523399353027
lead: 0
pred mean: 3.562425374984741
lead: 3
pred mean: 3.5621771812438965
lead: 2
lead: 3
pred mean: 3.555241584777832
pred mean: 3.564208984375
 23%|██▎       | 424/1855 [08:30<28:22,  1.19s/it]lead: 4
pred mean: 3.5894670486450195
lead: 0
pred mean: 3.58849835395813
lead: 2
pred mean: 3.5881423950195312
lead: 3
pred mean: 3.5814826488494873
lead: 3
pred mean: 3.583794593811035
lead: 0
lead:pred mean:  23.579911947250366

pred mean: 3.5814409255981445
lead: 1
pred mean: 3.5927789211273193
 23%|██▎       | 425/1855 [08:32<28:17,  1.19s/it]                                                  {'loss': 14.2739, 'learning_rate': 0.00019005016564151573, 'epoch': 1.15}
 23%|██▎       | 425/1855 [08:32<28:17,  1.19s/it]lead: 4
pred mean: 3.599144220352173
lead: 3
pred mean: 3.6088039875030518
lead: 3
pred mean: 3.6021621227264404
lead: 1
pred mean: 3.6083667278289795
lead:lead:  35

pred mean:pred mean:  3.600658655166626
3.605226755142212
lead: 5
pred mean: 3.6020419597625732
lead: 5
pred mean: 3.6013576984405518
 23%|██▎       | 426/1855 [08:33<28:13,  1.19s/it]lead: 4
pred mean: 3.599785804748535
lead: 5
pred mean: 3.5925137996673584
lead: 4
lead: 5
pred mean: 3.6055943965911865
pred mean: 3.6064915657043457
lead: 4
pred mean: 3.5999186038970947
lead: 3
pred mean: 3.609586000442505
lead: 5
pred mean: 3.5986952781677246
lead: 0
pred mean: 3.596550941467285
 23%|██▎       | 427/1855 [08:34<28:15,  1.19s/it]lead: 5
pred mean: 3.6121714115142822
lead: 3
pred mean: 3.6161386966705322
lead: 0
pred mean: 3.613633871078491
lead: 5
pred mean: 3.61334228515625
lead: 2
pred mean: 3.6153459548950195
lead: 2
pred mean: 3.6066524982452393
lead: 4
pred mean: 3.615098237991333
lead: 2
pred mean: 3.6119778156280518
 23%|██▎       | 428/1855 [08:35<28:11,  1.19s/it]lead: 0
pred mean: 3.6093361377716064
lead: 0
pred mean: 3.617274761199951lead:
 1
pred mean: 3.617661714553833
lead: 1
pred mean: 3.616396188735962
lead: 3
lead: 1lead:
 2
pred mean: 3.6197266578674316
pred mean: pred mean:3.6191210746765137 
3.6177175045013428
lead: 0
pred mean: 3.613513231277466
 23%|██▎       | 429/1855 [08:36<28:16,  1.19s/it]lead: 4
pred mean: 3.6211657524108887
lead: 1
pred mean: 3.6250181198120117
lead: 1
pred mean: 3.6224918365478516
lead: 1
lead: 3
pred mean: 3.6255886554718018
pred mean: 3.634352684020996
lead: 2
pred mean: 3.6236612796783447
lead: 3
pred mean: 3.6241331100463867
lead: 5
pred mean: 3.6209778785705566
 23%|██▎       | 430/1855 [08:38<28:01,  1.18s/it]                                                  {'loss': 14.2045, 'learning_rate': 0.00018963691754061987, 'epoch': 1.16}
 23%|██▎       | 430/1855 [08:38<28:01,  1.18s/it]lead: 2
pred mean: 3.636939525604248
lead: 2
pred mean: 3.643904685974121
lead: 1
pred mean: 3.6292359828948975
lead: 3
pred mean: 3.6407430171966553
lead: 1
lead: 0
pred mean: 3.640376567840576
pred mean: 3.6376988887786865
lead: 2
pred mean: 3.636829376220703
lead: 2
pred mean: 3.6390633583068848
 23%|██▎       | 431/1855 [08:39<28:02,  1.18s/it]lead: 3
pred mean: 3.6497037410736084
lead: 1
pred mean: 3.6527676582336426
lead: 1
pred mean: 3.6531143188476562
lead: 0
pred mean: 3.6660284996032715
lead: 1
pred mean: 3.6576013565063477
lead: 3
pred mean: 3.6514346599578857
lead: 5
pred mean: 3.6548829078674316
lead: 0
pred mean: 3.656595230102539
 23%|██▎       | 432/1855 [08:40<28:06,  1.19s/it]lead: 1
pred mean: 3.6582765579223633
lead: 4
pred mean: 3.6611430644989014
lead: 5
pred mean: 3.6653904914855957
lead: 1
pred mean: 3.665353775024414
lead: 4
pred mean: 3.6616463661193848
lead: 4
pred mean: 3.666459321975708
lead: 0
pred mean: 3.6670970916748047
lead: 4
pred mean: 3.658775568008423
 23%|██▎       | 433/1855 [08:41<28:06,  1.19s/it]lead: 5
pred mean: 3.6767165660858154
lead: 5
pred mean: 3.6735687255859375
lead: 3
pred mean: 3.6630501747131348
lead: 3
pred mean: 3.6717171669006348
lead: 1
pred mean: 3.660276412963867
lead: 2
pred mean: 3.668809652328491
lead: 1
pred mean: 3.6708478927612305
lead: 4
pred mean: 3.6714088916778564
 23%|██▎       | 434/1855 [08:42<27:58,  1.18s/it]lead: 2
pred mean: 3.6730234622955322
lead: 2
pred mean: 3.6800014972686768
lead: 1
pred mean: 3.6694130897521973
lead: 2
pred mean: 3.6685192584991455
lead: 4
pred mean: 3.6725194454193115
lead: 1
pred mean: 3.6634833812713623
lead: 5
pred mean: 3.679654359817505
lead: 0
pred mean: 3.6712822914123535
 23%|██▎       | 435/1855 [08:43<27:55,  1.18s/it]                                                  {'loss': 14.14, 'learning_rate': 0.0001892157296173185, 'epoch': 1.17}
 23%|██▎       | 435/1855 [08:43<27:55,  1.18s/it]lead: 5
pred mean: 3.7047436237335205
lead: 3
pred mean: 3.6854898929595947
lead: 4
pred mean: 3.696791648864746
lead: 0
pred mean: 3.7032470703125
lead: 5
pred mean: 3.6984646320343018
lead: 1
pred mean: 3.6952643394470215
lead: 3
pred mean: 3.694364547729492
lead: 0
pred mean: 3.699554204940796
 24%|██▎       | 436/1855 [08:45<27:56,  1.18s/it]lead: 4
pred mean: 3.6921651363372803
lead: 2
lead: 2
pred mean: 3.701479196548462
pred mean: 3.696749210357666
lead: 4
pred mean: 3.690854549407959
lead: 2
lead: 4
pred mean: 3.697474956512451
pred mean: 3.6971418857574463
lead: 4
pred mean: 3.704991340637207
lead: 5
pred mean: 3.693236827850342
 24%|██▎       | 437/1855 [08:46<27:50,  1.18s/it]lead: 5
pred mean: 3.6999669075012207
lead: 4
pred mean: 3.6991984844207764
lead: 4
pred mean: 3.6872599124908447
lead: 1
pred mean: 3.705071449279785
lead: 2
pred mean: 3.696308135986328
lead: 3
pred mean: 3.693877935409546
lead: 2
pred mean: 3.697681427001953
lead: 3
pred mean: 3.6947836875915527
 24%|██▎       | 438/1855 [08:47<28:06,  1.19s/it]lead: 5
pred mean: 3.7300877571105957
lead: 1
pred mean: 3.7406725883483887
lead: 0
pred mean: 3.731464385986328
lead: 1
pred mean: 3.7292468547821045
lead: 2
pred mean: 3.737196207046509
lead: 1
pred mean: 3.7383580207824707
lead: 3
pred mean: 3.7370145320892334
lead: 4
pred mean: 3.741603374481201
 24%|██▎       | 439/1855 [08:48<28:13,  1.20s/it]lead: 4
pred mean: 3.731806755065918
lead: 0
pred mean: 3.7373108863830566
lead: 3
pred mean: 3.730435371398926
lead: 5
pred mean: 3.7350399494171143
lead: 4
pred mean: 3.742511034011841
lead: 3
pred mean: 3.7402420043945312
lead: 0
pred mean: 3.737454891204834
lead: 2
pred mean: 3.7326595783233643
 24%|██▎       | 440/1855 [08:49<28:22,  1.20s/it]                                                  {'loss': 14.0711, 'learning_rate': 0.0001887866391794241, 'epoch': 1.19}
 24%|██▎       | 440/1855 [08:49<28:22,  1.20s/it]lead: 5
pred mean: 3.711179256439209
lead: 1
pred mean: 3.735992431640625
lead: 0
pred mean: 3.7197864055633545
lead: 4
pred mean: 3.7250678539276123
lead: 3
pred mean: 3.733515739440918
lead: 5
pred mean: 3.730405330657959
lead: 3
pred mean: 3.7366273403167725
lead: 1
pred mean: 3.726392984390259
 24%|██▍       | 441/1855 [08:51<28:29,  1.21s/it]lead: 0
pred mean: 3.746957540512085
lead: 5
pred mean: 3.7293200492858887
lead: 0
pred mean: 3.7446351051330566
lead: 1
pred mean: 3.7534983158111572
lead: 1
pred mean: 3.7397384643554688
lead: 3
pred mean: 3.752997875213623
lead: 0
pred mean: 3.7363367080688477
lead: 1
pred mean: 3.7431533336639404
 24%|██▍       | 442/1855 [08:52<28:21,  1.20s/it]lead: 2
pred mean: 3.7705655097961426
lead: 5
pred mean: 3.7726175785064697
lead: 2
pred mean: 3.7703428268432617
lead: 0
pred mean: 3.7743382453918457
lead: 5
lead: 0
pred mean: 3.768954277038574
pred mean: 3.7773425579071045
lead: 3
pred mean: 3.7815675735473633
lead: 1
pred mean: 3.773346424102783
 24%|██▍       | 443/1855 [08:53<28:08,  1.20s/it]lead: 4
pred mean:lead:  3.77719473838806153

pred mean: 3.7704122066497803
lead: 5
pred mean: 3.7659554481506348
lead: 1
pred mean: 3.769258975982666
lead: 5
pred mean: 3.7730448246002197
lead: 5
pred mean: 3.7656443119049072
lead: 1
pred mean: 3.7694571018218994
lead: 2
pred mean: 3.770601511001587
 24%|██▍       | 444/1855 [08:54<28:01,  1.19s/it]lead: 4
pred mean: 3.7744381427764893
lead: 3
pred mean: 3.768993616104126
lead:lead:  22

pred mean:pred mean:  3.76255035400390623.774026870727539

lead: 0
pred mean: 3.781207799911499
lead: 3
pred mean: 3.7706475257873535
lead: 4
pred mean: 3.766768455505371
lead: 3
pred mean: 3.7679097652435303
 24%|██▍       | 445/1855 [08:55<28:02,  1.19s/it]                                                  {'loss': 14.0031, 'learning_rate': 0.00018834968423473488, 'epoch': 1.2}
 24%|██▍       | 445/1855 [08:55<28:02,  1.19s/it]lead: 2
pred mean: 3.7807188034057617
lead: 0
pred mean: 3.782606363296509
lead: 2
pred mean: 3.783268928527832
lead: 4
pred mean: 3.790497303009033
lead: 1
pred mean: 3.782803535461426
lead: 1
pred mean: 3.786198616027832
lead: 0
pred mean: 3.782864809036255
lead: 3
pred mean: 3.777294397354126
 24%|██▍       | 446/1855 [08:57<28:08,  1.20s/it]lead: 3
pred mean: 3.8280396461486816
lead: 4
pred mean: 3.809588670730591
lead: 4
pred mean: 3.8180525302886963
lead: 0
pred mean: 3.8183751106262207
lead: 1
pred mean: 3.8202803134918213
lead: 5
pred mean: 3.824007272720337
lead: 5
pred mean: 3.817305564880371
lead: 5
pred mean: 3.8192877769470215
 24%|██▍       | 447/1855 [08:58<27:57,  1.19s/it]lead: 0
pred mean: 3.804156541824341
lead: 0
pred mean: 3.814934730529785
lead: 4
lead: 3
pred mean: 3.8077216148376465
pred mean: 3.816004753112793
lead: 2
pred mean: 3.8108277320861816
lead: 4
pred mean: 3.8072280883789062
lead: 4
pred mean: 3.8111166954040527
lead: 1
pred mean: 3.8101115226745605
 24%|██▍       | 448/1855 [08:59<27:36,  1.18s/it]lead: 4
pred mean: 3.798632860183716
lead: 3
pred mean: 3.81034255027771
lead: 1
pred mean: 3.8026676177978516
lead: 2
pred mean: 3.8101589679718018
lead: 1
pred mean: 3.7990241050720215
lead: 2
pred mean: 3.7989509105682373
lead: 3
pred mean: 3.805814027786255
lead: 5
pred mean: 3.8057849407196045
 24%|██▍       | 449/1855 [09:00<27:43,  1.18s/it]lead: 3
pred mean: 3.83318829536438
lead: 3
pred mean: 3.837545871734619
lead: 1
pred mean: 3.837782144546509
lead: 2
lead:pred mean:  43.8389506340026855

pred mean: 3.837568998336792
lead: 3
pred mean: 3.8397157192230225
lead: 3
pred mean: 3.836961269378662
lead: 5
pred mean: 3.8388102054595947
 24%|██▍       | 450/1855 [09:01<27:42,  1.18s/it]                                                  {'loss': 13.937, 'learning_rate': 0.00018790490348766808, 'epoch': 1.21}
 24%|██▍       | 450/1855 [09:01<27:42,  1.18s/it]lead: 0
pred mean: 3.846312999725342
lead: 3
pred mean: 3.838421106338501
lead: 5
pred mean: 3.8502931594848633
lead: 5
lead: pred mean:0 
3.8454954624176025
pred mean: 3.844308853149414
lead: 5
pred mean: 3.8500113487243652
lead: 2
pred mean: 3.850889205932617
lead: 0
pred mean: 3.859318494796753
 24%|██▍       | 451/1855 [09:03<27:49,  1.19s/it]lead: 3
pred mean: 3.84303879737854
lead: 1
pred mean: 3.834399461746216
lead: 3
pred mean: 3.8403890132904053
lead: 0
pred mean: 3.845358371734619
lead: 3
pred mean: 3.8489773273468018
lead: 3
pred mean: 3.846717119216919
lead: 4
pred mean: 3.8403971195220947
lead: 2
pred mean: 3.860229253768921
 24%|██▍       | 452/1855 [09:04<27:33,  1.18s/it]lead: 5
pred mean: 3.8429300785064697
lead: 1
lead: pred mean:1 
3.851827383041382
pred mean: 3.8395204544067383
lead: 5
pred mean: 3.8457114696502686
lead: 4
pred mean: 3.837526321411133
lead: 2
pred mean: 3.8497073650360107
lead: 2
pred mean: 3.8524985313415527
lead: 4
pred mean: 3.8445065021514893
 24%|██▍       | 453/1855 [09:05<27:35,  1.18s/it]lead: 2
pred mean: 3.8762636184692383
lead: 3
pred mean: 3.883497476577759
lead: lead:3 
0
pred mean: pred mean:3.8716776371002197 
3.8747823238372803
lead: 5
pred mean: 3.8729665279388428
lead: 5
lead: 5
pred mean: 3.8804543018341064
pred mean: 3.876128673553467
lead: 5
pred mean: 3.88088059425354
 24%|██▍       | 454/1855 [09:06<27:38,  1.18s/it]lead: 0
lead: 0
lead: 1
pred mean: 3.8997011184692383
pred mean: 3.9004862308502197
pred mean: 3.885329008102417
lead: 4
pred mean: 3.894538164138794
lead: 3
pred mean: 3.8952720165252686
lead: 5
pred mean: 3.898792266845703
lead: 1
pred mean: 3.893831491470337
lead: 3
pred mean: 3.899036169052124
 25%|██▍       | 455/1855 [09:07<27:46,  1.19s/it]                                                  {'loss': 13.8694, 'learning_rate': 0.00018745233633583175, 'epoch': 1.23}
 25%|██▍       | 455/1855 [09:07<27:46,  1.19s/it]lead: 5
pred mean: 3.8789379596710205
lead: 5
lead: 1pred mean:
 3.890946626663208
pred mean: 3.8837945461273193
lead: 2
pred mean: 3.8889658451080322
lead: 3
pred mean: 3.8922066688537598
lead: 0
pred mean: 3.8790972232818604
lead: 0
pred mean: 3.882913589477539
lead: 1
pred mean: 3.8842978477478027
 25%|██▍       | 456/1855 [09:08<27:36,  1.18s/it]lead: 2
pred mean: 3.8889808654785156
lead: 1
pred mean: 3.877566337585449
lead: 5
pred mean: 3.8717472553253174
lead: 4
pred mean: 3.8873684406280518
lead: 2
lead: 3
pred mean: 3.885226249694824
pred mean: 3.887101650238037
lead: 4
pred mean: 3.8825466632843018
lead: 1
pred mean: 3.8747305870056152
 25%|██▍       | 457/1855 [09:10<27:32,  1.18s/it]lead: 5
pred mean: 3.913806915283203
lead: 2
pred mean: 3.9186086654663086
lead: 5
pred mean: 3.9060428142547607
lead: lead:4 
2
pred mean: pred mean:3.919185161590576 
3.912931442260742
lead: 4
lead: 5
pred mean: 3.920626163482666
pred mean: 3.9223110675811768
lead: 0
pred mean: 3.91726016998291
 25%|██▍       | 458/1855 [09:11<27:33,  1.18s/it]lead: 1
pred mean: 3.9300765991210938
lead: 5
pred mean: 3.917381525039673
lead: 5
lead:pred mean:  53.914233446121216

pred mean: 3.9227213859558105
lead: 4
pred mean: 3.9336771965026855
lead: 0
pred mean: 3.9314446449279785
lead: 2
pred mean: 3.9220328330993652
lead: 1
pred mean: 3.922285318374634
 25%|██▍       | 459/1855 [09:12<27:24,  1.18s/it]lead: 0
pred mean: 3.9306507110595703
lead: 5
pred mean: 3.927107095718384
lead: 2
pred mean: 3.9341824054718018
lead: 2
pred mean: 3.9245104789733887
lead: 4
pred mean: 3.9358654022216797
lead: 5
pred mean: 3.929814338684082
lead: 2
pred mean: 3.92232608795166
lead: 2
pred mean: 3.9225637912750244
 25%|██▍       | 460/1855 [09:13<27:30,  1.18s/it]                                                  {'loss': 13.8037, 'learning_rate': 0.0001869920228665349, 'epoch': 1.24}
 25%|██▍       | 460/1855 [09:13<27:30,  1.18s/it]lead: 1
pred mean: 3.938556432723999
lead: 3
pred mean: 3.936020612716675
lead: 0
pred mean: 3.945265769958496
lead: 3
pred mean: 3.9395437240600586
lead: 1
pred mean: 3.9330015182495117
lead: 2
pred mean: 3.9357001781463623
lead: 3
pred mean: 3.9348649978637695
lead: 2
pred mean: 3.9300315380096436
 25%|██▍       | 461/1855 [09:14<27:35,  1.19s/it]lead:lead:  1
5
lead: 4
pred mean: pred mean: 3.951907157897949
3.9398064613342285
pred mean: 3.9392409324645996
lead: 1
pred mean: 3.9339888095855713
lead: 4
pred mean: 3.943026065826416
lead: 4
pred mean: 3.945829391479492
lead: 1
pred mean: 3.9387621879577637
lead: 5
pred mean: 3.950740337371826
 25%|██▍       | 462/1855 [09:16<27:45,  1.20s/it]lead: 0
pred mean: 3.9592957496643066
lead: lead:4 
1
pred mean:pred mean:  3.96068263053894043.96378755569458

lead: 0
pred mean: 3.9691576957702637
lead: 1
pred mean: 3.9537153244018555
lead: 0
pred mean: 3.955779790878296
lead: 1
pred mean: 3.965944290161133
lead: 3
pred mean: 3.9573588371276855
 25%|██▍       | 463/1855 [09:17<27:39,  1.19s/it]lead: 4
pred mean: 3.959909200668335
lead: 1
pred mean: 3.9731733798980713
lead: 5
pred mean: 3.9617702960968018
lead: 5
pred mean: 3.9665369987487793
lead: 0
pred mean: 3.9731967449188232
lead: 5
pred mean: 3.972963333129883
lead: 3
pred mean: 3.966575860977173
lead: 4
pred mean: 3.9676270484924316
 25%|██▌       | 464/1855 [09:18<27:39,  1.19s/it]lead: 1
pred mean: 3.9814443588256836
lead: 0
pred mean: 3.977564811706543
lead: 0
pred mean: 3.973081588745117
lead: 1
pred mean: 3.9767274856567383
lead: 3
pred mean: 3.9790406227111816
lead: 5
pred mean: 3.98103928565979
lead: 3
pred mean: 3.980544090270996
lead: 4
pred mean: 3.968299150466919
 25%|██▌       | 465/1855 [09:19<27:43,  1.20s/it]                                                  {'loss': 13.7356, 'learning_rate': 0.00018652400385323666, 'epoch': 1.25}
 25%|██▌       | 465/1855 [09:19<27:43,  1.20s/it]lead: 5
pred mean: 3.9943466186523438
lead: 0
pred mean: 3.9952006340026855
lead: 4
lead: 0
pred mean: 3.9865007400512695
pred mean: 3.9901938438415527
lead: 0
pred mean: 3.992591381072998
lead: 3
pred mean: 3.9853029251098633
lead: 4
pred mean: 3.992755174636841
lead: 1
pred mean: 3.981863260269165
 25%|██▌       | 466/1855 [09:20<27:34,  1.19s/it]lead: 5
pred mean: 3.9898390769958496
lead: 3
pred mean: 3.987839460372925
lead: 4
pred mean: 3.9771933555603027
lead: 4
pred mean: 3.990431070327759
lead: 4
pred mean: 3.9809889793395996
lead: 4
pred mean: 3.9827234745025635
lead: 3
pred mean: 3.988186836242676
lead: 2
pred mean: 3.9958596229553223
 25%|██▌       | 467/1855 [09:22<27:31,  1.19s/it]lead: 1
pred mean: 4.018771648406982
lead: 5
pred mean: 4.004825115203857
lead: 0
lead: 0pred mean:
 4.015664100646973
lead: 2
pred mean: 4.016447067260742
pred mean: 4.014634609222412
lead: 0
pred mean: 4.00349760055542
lead: 0
pred mean: 4.011789798736572
lead: 0
pred mean: 4.0071187019348145
 25%|██▌       | 468/1855 [09:23<27:30,  1.19s/it]lead: 0
pred mean: 4.026793956756592
lead: 0
pred mean: 4.025040149688721
lead: 5
lead: 4
pred mean: 4.024229526519775
pred mean: 4.022858619689941
lead: 0
pred mean: 4.025671482086182
lead: 3
pred mean: 4.0243449211120605
lead: 5
pred mean: 4.0261101722717285
lead: 1
pred mean: 4.032196521759033
 25%|██▌       | 469/1855 [09:24<27:43,  1.20s/it]lead: 5
pred mean: 4.012210369110107
lead: 4
pred mean: 4.014557838439941
lead: 0
pred mean: 4.004113674163818
lead: 0
pred mean: 4.008289813995361
lead: 1
pred mean: 4.015925884246826
lead: 2
pred mean: 4.009397983551025
lead: 0
pred mean: 4.012584686279297
lead: 5
pred mean: 4.01366662979126
 25%|██▌       | 470/1855 [09:25<27:43,  1.20s/it]                                                  {'loss': 13.6688, 'learning_rate': 0.0001860483207519348, 'epoch': 1.27}
 25%|██▌       | 470/1855 [09:25<27:43,  1.20s/it]lead: 0
pred mean: 4.030576229095459
lead: 5
pred mean: 4.0323710441589355
lead: 5
pred mean: 4.031190872192383
lead: 5
pred mean: 4.037766933441162
lead: 4
pred mean: 4.042667865753174
lead: 3
pred mean: 4.031659126281738
lead: 5
lead: 1
pred mean: 4.03457498550415
pred mean: 4.033624649047852
 25%|██▌       | 471/1855 [09:26<27:43,  1.20s/it]lead: 5
pred mean: 4.052165985107422
lead: 0
pred mean: 4.051048278808594
lead: 5
pred mean: 4.043654918670654
lead: 4
pred mean: 4.048820972442627
lead: 2
pred mean: 4.042051792144775
lead: 5
pred mean: 4.037019729614258
lead: 5
pred mean: 4.043873310089111
lead: 0
pred mean: 4.042943000793457
 25%|██▌       | 472/1855 [09:28<27:52,  1.21s/it]lead: 0
pred mean: 4.0502495765686035
lead: 1
pred mean: 4.071676254272461
lead: 1
pred mean: 4.059462070465088
lead: 0
pred mean: 4.062285900115967
lead: 3
pred mean: 4.06094217300415
lead: 5
pred mean: 4.058945655822754
lead: 0
pred mean: 4.061040878295898
lead: 4
pred mean: 4.068641185760498
 25%|██▌       | 473/1855 [09:29<27:42,  1.20s/it]lead: 2
pred mean: 4.066587924957275
lead: 4
pred mean: 4.073251724243164
lead: 1
pred mean: 4.062509059906006
lead:lead:  20

pred mean:pred mean:  4.0660233497619634.0698981285095215

lead: 1
pred mean: 4.071849346160889
lead: 5
pred mean: 4.061033725738525
lead: 4
pred mean: 4.075443744659424
 26%|██▌       | 474/1855 [09:30<27:30,  1.20s/it]lead: 5
pred mean: 4.059025287628174
lead: 4
pred mean: 4.058848857879639
lead: 3
pred mean: 4.0727925300598145
lead: 3
pred mean: 4.065689563751221
lead: 0
pred mean: 4.0658464431762695
lead: 3
pred mean: 4.0631890296936035
lead: 1
pred mean: 4.057122707366943
lead: 4
pred mean: 4.064373016357422
 26%|██▌       | 475/1855 [09:31<27:21,  1.19s/it]                                                  {'loss': 13.6039, 'learning_rate': 0.00018556501569749344, 'epoch': 1.28}
 26%|██▌       | 475/1855 [09:31<27:21,  1.19s/it]lead: 4
pred mean: 4.095279693603516
lead: 5
pred mean: 4.085664749145508
lead: 2
lead: 3
pred mean: 4.087618350982666
pred mean: 4.091375350952148
lead: 0
pred mean: 4.080981731414795
lead: 3
pred mean: 4.087944030761719
lead: 1
pred mean: 4.095103740692139
lead: 1
pred mean: 4.089374542236328
 26%|██▌       | 476/1855 [09:32<27:26,  1.19s/it]lead: 5
pred mean: 4.084136962890625
lead: 1
pred mean: 4.091238498687744
lead: 3
pred mean: 4.082796096801758
lead: 3
pred mean: 4.085326194763184
lead: 1
pred mean: 4.081809043884277
lead: 0
pred mean: 4.086648941040039
lead: 4
pred mean: 4.087856292724609
lead: 5
pred mean: 4.089249610900879
 26%|██▌       | 477/1855 [09:33<27:19,  1.19s/it]lead: 5
pred mean: 4.113545894622803
lead: 3
pred mean: 4.113097190856934
lead: 5
pred mean: 4.118039608001709
lead: 2
pred mean: 4.118641376495361
lead: 4
pred mean: 4.116824150085449
lead: 4
pred mean: 4.113245964050293
lead: 0
pred mean: 4.108765602111816
lead: 5
pred mean: 4.109337329864502
 26%|██▌       | 478/1855 [09:35<27:22,  1.19s/it]lead: 4
pred mean: 4.1064581871032715
lead: 2
pred mean: 4.1122541427612305
lead: 2
pred mean: 4.110682010650635
lead: 4
pred mean: 4.108704566955566
lead: 0
pred mean: 4.113631725311279
lead: 4
pred mean: 4.111525535583496
lead: 4
pred mean: 4.112275123596191
lead: 3
pred mean: 4.118291854858398
 26%|██▌       | 479/1855 [09:36<27:14,  1.19s/it]lead: 2
pred mean: 4.111645698547363
lead: 1
pred mean: 4.107702732086182
lead: 4
pred mean: 4.123531818389893
lead: 5
pred mean: 4.116077899932861
lead: 0
pred mean: 4.1068220138549805
lead: 2
pred mean: 4.1103129386901855
lead: 0
pred mean: 4.108898162841797
lead: 2
pred mean: 4.108316421508789
 26%|██▌       | 480/1855 [09:37<27:16,  1.19s/it]                                                  {'loss': 13.5375, 'learning_rate': 0.00018507413149991103, 'epoch': 1.29}
 26%|██▌       | 480/1855 [09:37<27:16,  1.19s/it]lead: 3
pred mean: 4.15657377243042
lead: 0
pred mean: 4.1519012451171875
lead: 1
pred mean: 4.149623870849609
lead: 3
pred mean: 4.149997711181641
lead: 1
pred mean: 4.1421918869018555
lead: 1
lead: 4
pred mean: 4.1579813957214355
pred mean: 4.1475653648376465
lead: 3
pred mean: 4.149861812591553
 26%|██▌       | 481/1855 [09:38<27:17,  1.19s/it]lead: 1
pred mean: 4.138322353363037
lead: 4
pred mean: 4.1461310386657715
lead: 1
pred mean: 4.152830600738525
lead: 4
lead: 1
pred mean: 4.150564193725586
pred mean: 4.137822151184082
lead: 4
pred mean: 4.1405720710754395
lead: 1
pred mean: 4.1436567306518555
lead: 1
pred mean: 4.1438727378845215
 26%|██▌       | 482/1855 [09:39<27:15,  1.19s/it]lead: 1
pred mean: 4.1382155418396
lead: 5
pred mean: 4.148192882537842
lead: 4
pred mean: 4.155628204345703
lead: 5
pred mean: 4.143469333648682
lead: 4
pred mean: 4.152424335479736
lead: 4
pred mean: 4.151875019073486
lead: 2
pred mean: 4.142484188079834
lead: 1
pred mean: 4.139039039611816
 26%|██▌       | 483/1855 [09:41<27:09,  1.19s/it]lead: 4
pred mean: 4.1617655754089355
lead: 3
pred mean: 4.153830051422119
lead: 1
pred mean: 4.167651653289795
lead: 0
pred mean: 4.165428638458252
lead: 2
pred mean: 4.167714595794678
lead: 2
pred mean: 4.160825729370117
lead: 5
pred mean: 4.157761573791504
lead: 0
pred mean: 4.164976596832275
 26%|██▌       | 484/1855 [09:42<27:09,  1.19s/it]lead: 5
pred mean: 4.158344745635986
lead: 5
pred mean: 4.164058685302734
lead: 4
pred mean: 4.16982364654541
lead: 2
pred mean: 4.165735721588135
lead: 4
pred mean: 4.161602973937988
lead: 3
pred mean: 4.166645526885986
lead: 4
pred mean: 4.160346984863281
lead: 2
pred mean: 4.163000106811523
 26%|██▌       | 485/1855 [09:43<27:14,  1.19s/it]                                                  {'loss': 13.4713, 'learning_rate': 0.00018457571164052827, 'epoch': 1.31}
 26%|██▌       | 485/1855 [09:43<27:14,  1.19s/it]lead: 2
pred mean: 4.1981000900268555
lead: 0
pred mean: 4.193482398986816
lead: 1
pred mean: 4.1986403465271
lead: 4
pred mean: 4.193872928619385
lead: 5
pred mean: 4.194122314453125
lead: 0
pred mean: 4.196920394897461
lead: 3
pred mean: 4.194767475128174
lead: 2
pred mean: 4.198246479034424
 26%|██▌       | 486/1855 [09:44<27:11,  1.19s/it]lead: 0
pred mean: 4.201266288757324
lead: 0
pred mean: 4.193166255950928
lead: 2
pred mean: 4.206521987915039
lead: 3
pred mean: 4.200471878051758
lead: 0
pred mean: 4.2032575607299805
lead: 0
pred mean: 4.201258182525635
lead: 4
pred mean: 4.20672607421875
lead: 0
pred mean: 4.2000651359558105
 26%|██▋       | 487/1855 [09:45<27:08,  1.19s/it]lead: 1
pred mean: 4.188384532928467
lead: 5
lead: 3
pred mean: 4.188006401062012
pred mean: 4.1890668869018555
lead: 3
pred mean: 4.1923346519470215
lead: 2
pred mean: 4.187793254852295
lead: 0
pred mean: 4.194097518920898
lead: 1
pred mean: 4.181606769561768
lead: 4
pred mean: 4.1823272705078125
 26%|██▋       | 488/1855 [09:47<27:03,  1.19s/it]lead: 2
pred mean: 4.185312271118164
lead: 4
pred mean: 4.186773777008057
lead: 0
pred mean: 4.184266567230225
lead: 4
pred mean: 4.2017364501953125
lead: 2
pred mean: 4.188752174377441
lead: 2
pred mean: 4.188248157501221
lead: 5
pred mean: 4.194850921630859
lead: 3
pred mean: 4.181053161621094
 26%|██▋       | 489/1855 [09:48<26:59,  1.19s/it]lead: 5
pred mean: 4.2433271408081055
lead: 5
pred mean: 4.240846157073975
lead: 3
pred mean: 4.235133647918701
lead: 3
pred mean: 4.249641418457031
lead: 3
lead: 0
pred mean: 4.240855693817139
pred mean: 4.235632419586182
lead: 1
pred mean: 4.231705188751221
lead: 1
pred mean: 4.242423057556152
 26%|██▋       | 490/1855 [09:49<27:03,  1.19s/it]                                                  {'loss': 13.4022, 'learning_rate': 0.00018406980026817665, 'epoch': 1.32}
 26%|██▋       | 490/1855 [09:49<27:03,  1.19s/it]lead: 3
pred mean: 4.231555938720703
lead: 1
pred mean: 4.225662708282471
lead: 1
pred mean: 4.223167896270752
lead: 1
pred mean: 4.233449935913086
lead: 5
pred mean: 4.2321577072143555
lead: 4
pred mean: 4.2295355796813965
lead: 1
pred mean: 4.228949069976807
lead: 5
pred mean: 4.226634979248047
 26%|██▋       | 491/1855 [09:50<27:04,  1.19s/it]lead: 0
pred mean: 4.244013786315918
lead: 2
pred mean: 4.238961219787598
lead: 4
lead: 3
pred mean: 4.239627361297607
pred mean: 4.244833469390869
lead: 4
pred mean: 4.236042022705078
lead: 2
pred mean: 4.2443318367004395
lead: 3
pred mean: 4.234509468078613
lead: 0
pred mean: 4.242464065551758
 27%|██▋       | 492/1855 [09:51<27:00,  1.19s/it]lead: 0
pred mean: 4.239060401916504
lead: 3
pred mean: 4.244946479797363
lead: 1
pred mean: 4.252328872680664
lead: 0
pred mean: 4.254270553588867
lead: 4
pred mean: 4.241090297698975
lead: 3
pred mean: 4.249701023101807
lead: 1
pred mean: 4.249195098876953
lead: 3
pred mean: 4.240977764129639
 27%|██▋       | 493/1855 [09:53<26:59,  1.19s/it]lead: 0
pred mean: 4.253338813781738
lead: 4
pred mean: 4.2527756690979
lead: 5
pred mean: 4.245118141174316
lead: 1
pred mean: 4.252713680267334
lead: 4
lead: 4
pred mean: 4.242307186126709
lead:pred mean:  34.258467197418213

pred mean: 4.25047492980957
lead: 4
pred mean: 4.252924919128418
 27%|██▋       | 494/1855 [09:54<26:57,  1.19s/it]lead: 2
pred mean: 4.266834735870361
lead: 4
pred mean: 4.2714996337890625
lead: 2
pred mean: 4.268655300140381
lead: 4
pred mean: 4.259912490844727
lead: 1
pred mean: 4.263284683227539
lead: 3
pred mean: 4.2635321617126465
lead: 1
pred mean: 4.269188404083252
lead: 4
pred mean: 4.261455059051514
 27%|██▋       | 495/1855 [09:55<26:54,  1.19s/it]                                                  {'loss': 13.3379, 'learning_rate': 0.00018355644219526785, 'epoch': 1.33}
 27%|██▋       | 495/1855 [09:55<26:54,  1.19s/it]lead: 4
pred mean: 4.296581268310547
lead: 5
pred mean: 4.293466091156006
lead: 0
pred mean: 4.302675247192383
lead: 1
pred mean: 4.290040969848633
lead: 1
pred mean: 4.303633213043213
lead: 4
pred mean: 4.287301063537598
lead: 5
pred mean: 4.297993183135986
lead: 0
pred mean: 4.291767597198486
 27%|██▋       | 496/1855 [09:56<26:59,  1.19s/it]lead: 0
pred mean: 4.2875471115112305
lead: 1
pred mean: 4.290515899658203
lead: 3
pred mean: 4.279690265655518
lead: 2
pred mean: 4.280095100402832
lead: 3
pred mean: 4.288457870483398
lead: 1
pred mean: 4.286778926849365
lead: 4
pred mean: 4.286073684692383
lead: 1
pred mean: 4.2908806800842285
 27%|██▋       | 497/1855 [09:57<27:01,  1.19s/it]lead: 0
pred mean: 4.278183937072754
lead: 1
pred mean: 4.2740302085876465
lead: 5
pred mean: 4.263822078704834
lead: 1
pred mean: 4.274349689483643
lead: 2
pred mean: 4.2613372802734375
lead: 1
pred mean: 4.260818958282471
lead: 0
pred mean: 4.265291213989258
lead: 5
pred mean: 4.273865222930908
 27%|██▋       | 498/1855 [09:58<26:51,  1.19s/it]lead: 2
pred mean: 4.322715759277344
lead:lead:  10

pred mean:pred mean:  4.3266935348510744.318045616149902

lead: 1
pred mean: 4.3354878425598145
lead: 3
pred mean: 4.318952560424805
lead: 0
pred mean: 4.316340446472168
lead: 0
pred mean: 4.319025993347168
lead: 4
pred mean: 4.313612937927246
 27%|██▋       | 499/1855 [10:00<26:52,  1.19s/it]lead: 3
pred mean: 4.330882549285889
lead: 1
pred mean: 4.330191612243652
lead: 5
pred mean: 4.33565616607666
lead: 2
pred mean: 4.335038185119629
lead: 0
pred mean: 4.33266019821167
lead: 3
pred mean: 4.319923400878906
lead: 0
pred mean: 4.333889484405518
lead: 3
pred mean: 4.320170879364014
 27%|██▋       | 500/1855 [10:01<26:57,  1.19s/it]                                                  {'loss': 13.2703, 'learning_rate': 0.00018303568289382432, 'epoch': 1.35}
 27%|██▋       | 500/1855 [10:01<26:57,  1.19s/it]lead:lead: 3 
1
pred mean: 4.329718589782715
pred mean: 4.314939022064209
lead: 2
pred mean: 4.323270320892334
lead: 0
pred mean: 4.309014320373535
lead: 1
lead:pred mean:  2
4.309131145477295
pred mean: 4.310229301452637
lead: 5
pred mean: 4.316005706787109
lead: 4
pred mean: 4.309248924255371
 27%|██▋       | 501/1855 [10:02<27:11,  1.20s/it]lead: 0
pred mean: 4.34196662902832
lead: 2
pred mean: 4.334166049957275
lead: 2
pred mean: 4.327104568481445
lead: 0
pred mean: 4.325096607208252
lead: 5
pred mean: 4.331264495849609
lead: 4
pred mean: 4.333462238311768
lead: 3
pred mean: 4.326547622680664
lead: 1
pred mean: 4.334277629852295
 27%|██▋       | 502/1855 [10:03<27:11,  1.21s/it]lead: 0
pred mean: 4.34051513671875
lead: 0
pred mean: 4.343226432800293
lead: 0
pred mean: 4.346278190612793
lead: 1
pred mean: 4.331173419952393
lead: 0
pred mean: 4.346726417541504
lead: 3
pred mean: 4.355319499969482
lead: 5
pred mean: 4.349923610687256
lead: 5
pred mean: 4.343127727508545
 27%|██▋       | 503/1855 [10:05<27:15,  1.21s/it]lead: 1
pred mean: 4.357217788696289
lead: 3
pred mean: 4.347802639007568
lead: 4
pred mean: 4.357220649719238
lead: 1
pred mean: 4.355443000793457
lead: 0
pred mean: 4.357518672943115
lead: 1
pred mean: 4.3508148193359375
lead: 3
pred mean: 4.351690292358398
lead: 3
pred mean: 4.3531718254089355
 27%|██▋       | 504/1855 [10:06<27:04,  1.20s/it]lead: 3
pred mean: 4.362049579620361
lead: 4
pred mean: 4.358371257781982
lead: 4
pred mean: 4.364894390106201
lead: 0
pred mean: 4.372766017913818
lead: 2
pred mean: 4.354217529296875
lead: 2
pred mean: 4.3535966873168945
lead: 2
pred mean: 4.358438491821289
lead: 1
pred mean: 4.366349220275879
 27%|██▋       | 505/1855 [10:07<26:54,  1.20s/it]                                                  {'loss': 13.203, 'learning_rate': 0.00018250756849145155, 'epoch': 1.36}
 27%|██▋       | 505/1855 [10:07<26:54,  1.20s/it]lead: 1
pred mean: 4.380934238433838
lead: 3
pred mean: 4.378576278686523
lead: 3
lead: 4
pred mean: 4.375518798828125
pred mean: 4.371431350708008
lead: 2
lead: pred mean:3 
4.373173236846924
lead: 1
pred mean: 4.377320766448975
pred mean: 4.368127346038818
lead: 2
pred mean: 4.380950450897217
 27%|██▋       | 506/1855 [10:08<26:57,  1.20s/it]lead: 5
pred mean: 4.377964496612549
lead: 0
pred mean: 4.381371021270752
lead: 5
lead:pred mean:  24.386064529418945

pred mean: 4.398479461669922
lead: 3
pred mean: 4.394799709320068
lead: 5
pred mean: 4.388104438781738
lead: 5
pred mean: 4.380807399749756
lead: 3
pred mean: 4.377623558044434
 27%|██▋       | 507/1855 [10:09<26:50,  1.19s/it]lead: 1
pred mean: 4.3827338218688965
lead: 5
pred mean: 4.40399169921875
lead: 0
lead: 3
pred mean: 4.396337985992432
pred mean: 4.38963508605957
lead: 0
pred mean: 4.388843536376953
lead: 2
pred mean: 4.388676643371582
lead: 0
pred mean: 4.385620594024658
lead: 2
pred mean: 4.3917236328125
 27%|██▋       | 508/1855 [10:10<26:42,  1.19s/it]lead: 3
pred mean: 4.396553039550781
lead: 2
pred mean: 4.375629425048828
lead: 5
pred mean: 4.3900837898254395
lead: 4
pred mean: 4.392264366149902
lead: 4
pred mean: 4.380767822265625
lead: 2
pred mean: 4.391791343688965
lead: 2
pred mean: 4.3799357414245605
lead: 5
pred mean: 4.390645503997803
 27%|██▋       | 509/1855 [10:12<26:38,  1.19s/it]lead: 1
pred mean: 4.416353225708008
lead: 3
lead: 1
pred mean: 4.43239164352417
pred mean: 4.418029308319092
lead: 0
pred mean: 4.42028284072876
lead: 3
pred mean: 4.428403854370117
lead: 4
pred mean: 4.420492172241211
lead: 3
pred mean: 4.422919750213623
lead: 2
pred mean: 4.426311016082764
 27%|██▋       | 510/1855 [10:13<26:39,  1.19s/it]                                                  {'loss': 13.1387, 'learning_rate': 0.00018197214576725214, 'epoch': 1.37}
 27%|██▋       | 510/1855 [10:13<26:39,  1.19s/it]lead: 2
pred mean: 4.440950870513916
lead: 1
pred mean: 4.441862106323242
lead: 4
pred mean: 4.4354567527771
lead: 4
pred mean: 4.4318318367004395
lead: 5
pred mean: 4.4319586753845215
lead: 2
pred mean: 4.434082984924316
lead: 5
pred mean: 4.447887420654297
lead: 4
pred mean: 4.429421901702881
 28%|██▊       | 511/1855 [10:14<26:36,  1.19s/it]lead: 0
pred mean: 4.424698829650879
lead: 5
pred mean: 4.401374816894531
lead: 3
pred mean: 4.420353412628174
lead: 3
pred mean: 4.410362720489502
lead: 4
pred mean: 4.420102596282959
lead: 1
pred mean: 4.409268856048584
lead: 4
pred mean: 4.409303188323975
lead: 4
pred mean: 4.413157939910889
 28%|██▊       | 512/1855 [10:15<26:35,  1.19s/it]lead: 5
pred mean: 4.444978713989258
lead: 1
pred mean: 4.440880298614502
lead: 2
pred mean: 4.414340496063232
lead: 3
pred mean: 4.435256004333496
lead: 1
pred mean: 4.437598705291748
lead: 0
pred mean: 4.431362152099609
lead: 2
pred mean: 4.440284729003906
lead: 5
pred mean: 4.438710689544678
 28%|██▊       | 513/1855 [10:16<26:36,  1.19s/it]lead: 1
pred mean: 4.45308256149292
lead: 5
pred mean: 4.467169761657715
lead: 3
lead: 3
pred mean: 4.459388256072998
pred mean: 4.470348358154297
lead: 1
pred mean: 4.476257801055908
lead: 4
pred mean: 4.463547706604004
lead: 1
pred mean: 4.458488941192627
lead: 0
pred mean: 4.468739032745361
 28%|██▊       | 514/1855 [10:18<26:38,  1.19s/it]lead: 5
pred mean: 4.47178840637207
lead: 1
pred mean: 4.464597225189209
lead: 2
pred mean: 4.463183403015137
lead: 4
pred mean: 4.473841190338135
lead: 4
pred mean: 4.459743499755859
lead: 4
pred mean: 4.470680236816406
lead: 0
pred mean: 4.463682651519775
lead: 5
pred mean: 4.474104881286621
 28%|██▊       | 515/1855 [10:19<26:35,  1.19s/it]                                                  {'loss': 13.0749, 'learning_rate': 0.00018142946214768233, 'epoch': 1.39}
 28%|██▊       | 515/1855 [10:19<26:35,  1.19s/it]lead: 0
pred mean: 4.459224700927734
lead: 0
pred mean: 4.458293437957764
lead: 3
pred mean: 4.4542999267578125
lead: 3
pred mean: 4.460865020751953
lead: 5
pred mean: 4.4597015380859375
lead: 1
pred mean: 4.46537971496582
lead: 5
pred mean:lead:  4.4595427513122561

pred mean: 4.461653232574463
 28%|██▊       | 516/1855 [10:20<26:36,  1.19s/it]lead: 2
pred mean: 4.466665267944336
lead: 1
pred mean: 4.4699883460998535
lead: 0
pred mean: 4.47695779800415
lead: 3
pred mean: 4.469949722290039
lead: 5
pred mean: 4.471553325653076
lead: 2
lead: 2
pred mean: 4.473102569580078
pred mean: 4.472000598907471
lead: 2
pred mean: 4.47443962097168
 28%|██▊       | 517/1855 [10:21<26:32,  1.19s/it]lead: 2
pred mean: 4.51408052444458
lead: 1
pred mean: 4.50947904586792
lead: 2
pred mean: 4.51240348815918
lead: 1
pred mean: 4.504974365234375
lead: 3
pred mean: 4.498023986816406
lead: 0
pred mean: 4.514759063720703
lead: 2
lead: 5
pred mean: 4.511288166046143
pred mean: 4.504422664642334
 28%|██▊       | 518/1855 [10:22<26:25,  1.19s/it]lead: 1
pred mean: 4.487783432006836
lead: 5
pred mean: 4.4989094734191895
lead: 2
pred mean: 4.502913951873779
lead: 3
pred mean: 4.505748271942139
lead: 3
pred mean: 4.51574182510376
lead: 4
pred mean: 4.504787445068359
lead: 2
pred mean: 4.502094745635986
lead: 0
pred mean: 4.507457733154297
 28%|██▊       | 519/1855 [10:24<26:26,  1.19s/it]lead: 0
pred mean: 4.486013412475586
lead: 4
pred mean: 4.482865333557129
lead: 0
lead: 5
pred mean: 4.489826679229736
pred mean: 4.466832637786865
lead: 1
pred mean: 4.494175434112549
lead: 5
lead: 5
pred mean: 4.474051475524902
pred mean: 4.475767612457275
lead: 4
pred mean: 4.483056545257568
 28%|██▊       | 520/1855 [10:25<26:22,  1.19s/it]                                                  {'loss': 13.0099, 'learning_rate': 0.00018087956570235093, 'epoch': 1.4}
 28%|██▊       | 520/1855 [10:25<26:22,  1.19s/it]lead: 0
pred mean: 4.528525352478027
lead: 3
lead: 5
pred mean: 4.532749652862549
pred mean: 4.53965950012207
lead: 1
pred mean: 4.53067684173584
lead: 0
pred mean: 4.526531219482422
lead: 1
pred mean: 4.530404090881348
lead: 1
pred mean: 4.52854061126709
lead: 5
pred mean: 4.54137659072876
 28%|██▊       | 521/1855 [10:26<26:22,  1.19s/it]lead: 4
pred mean: 4.5483198165893555
lead: 0
pred mean: 4.540903091430664
lead: 5
lead: 3
pred mean: 4.546741008758545
pred mean: 4.535506248474121
lead: 2
pred mean: 4.547887802124023
lead: 1
pred mean: 4.535889625549316
lead: 5
pred mean: 4.5347418785095215
lead: 3
pred mean: 4.543071269989014
 28%|██▊       | 522/1855 [10:27<26:22,  1.19s/it]lead: 1
pred mean: 4.521196365356445
lead: 3
lead: 1
pred mean: 4.5323920249938965
pred mean: 4.529439449310303
lead: 0
lead: 4pred mean:
 4.540722370147705
pred mean: 4.533426284790039
lead: 2
pred mean: 4.544561386108398
lead: 1
pred mean: 4.530093669891357
lead: 1
pred mean: 4.526954650878906
 28%|██▊       | 523/1855 [10:28<26:21,  1.19s/it]lead: 5
pred mean: 4.5373759269714355
lead: 0
pred mean: 4.518148422241211lead:
 1
pred mean: 4.532711029052734
lead: 4
pred mean: 4.535068035125732
lead: 1
pred mean: 4.530999660491943
lead: 4
pred mean: 4.526618957519531
lead: 3
pred mean: 4.524993419647217
lead: 3
pred mean: 4.527374267578125
 28%|██▊       | 524/1855 [10:29<26:24,  1.19s/it]lead: 2
lead: 5
lead:pred mean:  24.570531368255615

pred mean: 4.5696187019348145
pred mean: 4.56001615524292
lead: 0
pred mean: 4.555702209472656
lead: 1
pred mean: 4.558446884155273
lead: 1
pred mean: 4.56493616104126
lead: 1
pred mean: 4.553582668304443
lead: 5
pred mean: 4.562685489654541
 28%|██▊       | 525/1855 [10:31<26:17,  1.19s/it]                                                  {'loss': 12.9436, 'learning_rate': 0.00018032250513976147, 'epoch': 1.42}
 28%|██▊       | 525/1855 [10:31<26:17,  1.19s/it]lead: 0
pred mean: 4.570741653442383
lead: 0
pred mean: 4.577939510345459
lead: 2
pred mean: 4.572911739349365
lead: 1
pred mean: 4.567831993103027
lead: 3
pred mean: 4.569611072540283
lead: 4
pred mean: 4.578588008880615
lead: 1
pred mean: 4.570831775665283
lead: 2
pred mean: 4.559215545654297
 28%|██▊       | 526/1855 [10:32<26:53,  1.21s/it]lead: 2
pred mean: 4.573933124542236
lead: 2
pred mean: 4.571803092956543
lead:lead:  04

pred mean: pred mean:4.589186668395996 
4.580267429351807
lead: 1
pred mean: 4.574865818023682
lead: 5
pred mean: 4.580034255981445
lead: 4
pred mean: 4.580514430999756
lead: 3
pred mean: 4.56022834777832
 28%|██▊       | 527/1855 [10:33<26:36,  1.20s/it]lead: 0
pred mean: 4.578005313873291
lead: 0
pred mean:lead:  4.5854039192199715

pred mean: 4.570688247680664
lead: 3
pred mean: 4.5699381828308105
lead: 1
pred mean: 4.57341194152832
lead: 5
pred mean: 4.5756516456604
lead: 0
pred mean: 4.5821075439453125
lead: 1
pred mean: 4.576452255249023
 28%|██▊       | 528/1855 [10:34<26:31,  1.20s/it]lead: 3
pred mean: 4.591732501983643
lead: 3
pred mean: 4.604440212249756
lead: 0
lead: 5
pred mean: 4.612239837646484
pred mean: 4.593965530395508
lead: 4
pred mean: 4.604128837585449
lead: 1
pred mean: 4.600409030914307
lead: 2
pred mean: 4.608277797698975
lead: 3
pred mean: 4.6045241355896
 29%|██▊       | 529/1855 [10:35<26:25,  1.20s/it]lead: 0
pred mean: 4.603884220123291
lead: 2
lead: 4
lead: 1
pred mean: 4.597292423248291
pred mean: 4.5995259284973145
pred mean: 4.606820583343506
lead: 0
pred mean: 4.601891040802002
lead: 0
pred mean: 4.5980072021484375
lead: 5
pred mean: 4.60759973526001
lead: 5
pred mean: 4.603643894195557
 29%|██▊       | 530/1855 [10:37<26:27,  1.20s/it]                                                  {'loss': 12.876, 'learning_rate': 0.00017975832980299776, 'epoch': 1.43}
 29%|██▊       | 530/1855 [10:37<26:27,  1.20s/it]lead: 4
pred mean: 4.605069160461426
lead: 3
pred mean: 4.605457782745361
lead: 4
pred mean: 4.603670597076416
lead: 3
pred mean: 4.609816074371338
lead: 1
pred mean: 4.621266841888428
lead: 1
pred mean: 4.609200954437256
lead: 4
pred mean: 4.610196590423584
lead: 2
pred mean: 4.607409954071045
 29%|██▊       | 531/1855 [10:38<27:20,  1.24s/it]lead: 5
pred mean: 4.620832920074463
lead: 5
pred mean: 4.61581563949585
lead: 5
pred mean: 4.612843036651611
lead: 0
pred mean: 4.618499755859375
lead: 0
pred mean: 4.621413230895996
lead: 4
pred mean: 4.604458332061768
lead: 1
lead: 5
pred mean: 4.620655536651611
pred mean: 4.614387035369873
 29%|██▊       | 532/1855 [10:39<27:03,  1.23s/it]lead: 5
pred mean: 4.63884162902832
lead: 3
pred mean: 4.627047538757324
lead: 3
pred mean: 4.634408950805664
lead: 4
pred mean: 4.626594543457031
lead: 5
pred mean: 4.634893417358398
lead: 5
pred mean: 4.6312031745910645
lead: 2
pred mean: 4.624454975128174
lead: 2
pred mean: 4.635451316833496
 29%|██▊       | 533/1855 [10:40<26:55,  1.22s/it]lead: 3
pred mean: 4.6407084465026855
lead: 3
pred mean: 4.64328145980835
lead: 4
pred mean: 4.641148567199707
lead: 5
pred mean: 4.6408467292785645
lead: 3
pred mean: 4.641576766967773
lead: 0
pred mean: 4.633669853210449
lead: 0
pred mean: 4.640740871429443
lead: 5
pred mean: 4.6515607833862305
 29%|██▉       | 534/1855 [10:42<27:15,  1.24s/it]lead: 2
pred mean: 4.648937702178955
lead: 3
pred mean: 4.6354780197143555
lead: 4
pred mean: 4.64843225479126
lead: 4
pred mean: 4.635437965393066
lead: 0
pred mean: 4.64210844039917
lead: 3
pred mean: 4.637836456298828
lead: 4
pred mean: 4.64232873916626
lead: 2
pred mean: 4.635869026184082
 29%|██▉       | 535/1855 [10:43<26:53,  1.22s/it]                                                  {'loss': 12.8102, 'learning_rate': 0.00017918708966535324, 'epoch': 1.44}
 29%|██▉       | 535/1855 [10:43<26:53,  1.22s/it]lead: 5
pred mean: 4.648318767547607
lead: 4
pred mean: 4.662973880767822
lead: 1
lead: 1
pred mean: 4.645892143249512
pred mean: 4.6556572914123535
lead: 2
pred mean: 4.650586128234863
lead: 2
pred mean: 4.65674352645874
lead: 3
pred mean: 4.6494832038879395
lead: 4
pred mean: 4.667997360229492
 29%|██▉       | 536/1855 [10:44<26:29,  1.21s/it]lead: 3
pred mean: 4.662300109863281
lead: 5
pred mean: 4.679210662841797
lead: 4
pred mean: 4.663991928100586
lead: 3
pred mean: 4.671694278717041
lead: 3
pred mean: 4.661782741546631
lead: 0
pred mean: 4.672152996063232
lead: 3
pred mean: 4.6721343994140625
lead: 0
pred mean: 4.68313455581665
 29%|██▉       | 537/1855 [10:45<26:20,  1.20s/it]lead: 4
pred mean: 4.673001766204834
lead: 0
pred mean:lead:  4.67392778396606455

pred mean: 4.670858383178711
lead: 2
pred mean: 4.674842834472656
lead: 5
pred mean: 4.669831275939941
lead: 2
pred mean: 4.671053409576416
lead: 3
pred mean: 4.6832661628723145
lead: 3
pred mean: 4.675201892852783
 29%|██▉       | 538/1855 [10:46<26:16,  1.20s/it]lead: 2
pred mean: 4.6815619468688965
lead: 1
pred mean: 4.689173221588135
lead: 3
pred mean: 4.663794040679932
lead: 2
pred mean: 4.680551052093506
lead: 2
pred mean: 4.6784234046936035
lead: 2
pred mean: 4.68839693069458
lead: 2
pred mean: 4.682063102722168
lead: 1
pred mean: 4.680609226226807
 29%|██▉       | 539/1855 [10:48<26:12,  1.19s/it]lead: 4
pred mean: 4.704084396362305
lead: 1
pred mean: 4.712395191192627
lead: 0
pred mean: 4.708995819091797
lead: 5
pred mean: 4.700289249420166
lead: 4
pred mean: 4.70901346206665
lead: 4
pred mean: 4.704769611358643
lead: 5
pred mean: 4.714697360992432
lead: 4
pred mean: 4.700808525085449
 29%|██▉       | 540/1855 [10:49<26:14,  1.20s/it]                                                  {'loss': 12.7456, 'learning_rate': 0.0001786088353259044, 'epoch': 1.46}
 29%|██▉       | 540/1855 [10:49<26:14,  1.20s/it]lead: 0
pred mean: 4.703188419342041
lead: 5
pred mean: 4.701984882354736
lead: 3
pred mean: 4.7228922843933105
lead: 2
pred mean: 4.705002784729004
lead: 5
pred mean: 4.70003080368042
lead: 5
pred mean: 4.696310997009277
lead: 4
pred mean: 4.7010817527771
lead: 4
pred mean: 4.692111492156982
 29%|██▉       | 541/1855 [10:50<26:05,  1.19s/it]lead: 3
pred mean: 4.706148624420166
lead: 2
pred mean: 4.684494972229004
lead: 3
pred mean: 4.6879119873046875
lead: 4
pred mean: 4.689638614654541
lead: 5
pred mean: 4.705851078033447
lead: 0
pred mean: 4.695784568786621
lead: 3
pred mean: 4.698520183563232
lead: 1
pred mean: 4.692542552947998
 29%|██▉       | 542/1855 [10:51<26:08,  1.19s/it]lead: 5
pred mean: 4.746429443359375
lead: 0
lead: 0
pred mean: 4.730982780456543
pred mean: 4.740982532501221
lead: 0
pred mean: 4.748912334442139
lead: 1
pred mean: 4.752125263214111
lead: 3
pred mean: 4.744749546051025
lead: 4
pred mean: 4.74347448348999
lead: 4
pred mean: 4.741781234741211
 29%|██▉       | 543/1855 [10:52<26:02,  1.19s/it]lead: 3
pred mean: 4.747066497802734
lead: 3
pred mean: 4.735162734985352
lead: 4
lead: 0lead:
 pred mean:5 
4.742274284362793
pred mean: pred mean:4.734853744506836 
4.7362775802612305
lead: 1
lead: 3
pred mean: 4.739784240722656
pred mean: 4.743727207183838
lead: 4
pred mean: 4.749772071838379
 29%|██▉       | 544/1855 [10:54<25:51,  1.18s/it]lead: 1
pred mean: 4.7155938148498535
lead: 5
pred mean: 4.7081756591796875
lead: 5
pred mean: 4.711836814880371
lead: 4
pred mean: 4.723084449768066
lead: 1
pred mean: 4.70768404006958
lead: 4
lead: 1
pred mean: 4.724093437194824
pred mean: 4.711599349975586
lead: 4
pred mean: 4.722000598907471
 29%|██▉       | 545/1855 [10:55<25:45,  1.18s/it]                                                  {'loss': 12.6786, 'learning_rate': 0.00017802361800502866, 'epoch': 1.47}
 29%|██▉       | 545/1855 [10:55<25:45,  1.18s/it]lead: 4
pred mean: 4.75758695602417
lead: 5
pred mean: 4.7489447593688965
lead: 1
pred mean: 4.77285099029541
lead: 0
pred mean: 4.749083042144775
lead: 2
pred mean: 4.766098976135254
lead: 4
pred mean: 4.759655952453613
lead: 5
pred mean: 4.751704216003418
lead: 1
pred mean: 4.755218029022217
 29%|██▉       | 546/1855 [10:56<25:50,  1.18s/it]lead: 2
pred mean: 4.7788519859313965
lead: 2
pred mean: 4.788797378540039
lead: 3
pred mean: 4.770289421081543
lead: 2
pred mean: 4.754363536834717
lead: 2
pred mean: 4.773126125335693
lead: 2
pred mean: 4.772636890411377
lead: 4
pred mean: 4.767307281494141
lead: 1
pred mean: 4.779758930206299
 29%|██▉       | 547/1855 [10:57<25:50,  1.19s/it]lead: 4
pred mean: 4.768178939819336
lead: 3
pred mean: 4.740298271179199
lead: 3
pred mean: 4.750216007232666
lead: 0
pred mean: 4.749166011810303
lead: 4
pred mean: 4.765465259552002
lead: 3
pred mean: 4.758110523223877
lead: 4
pred mean: 4.7528510093688965
lead: 3
pred mean: 4.743078708648682
 30%|██▉       | 548/1855 [10:58<25:50,  1.19s/it]lead: 4
pred mean: 4.796456813812256
lead: 5
pred mean: 4.788959980010986
lead: 1
lead: 3
pred mean: 4.797573566436768
pred mean: 4.789157390594482
lead: 3
pred mean: 4.791582107543945
lead: 2
pred mean: 4.784546375274658
lead: 2
pred mean: 4.79133415222168
lead: 3
pred mean: 4.790386199951172
 30%|██▉       | 549/1855 [10:59<25:46,  1.18s/it]lead: 0
pred mean: 4.810021877288818
lead: 4
pred mean: 4.798300266265869
lead: 0
pred mean: 4.803116321563721
lead: 5
pred mean: 4.8109822273254395
lead: 3
pred mean: 4.803713798522949
lead: 3
pred mean: 4.8039116859436035
lead: 0
pred mean: 4.799198150634766
lead: 5
pred mean: 4.799693584442139
 30%|██▉       | 550/1855 [11:01<25:44,  1.18s/it]                                                  {'loss': 12.6152, 'learning_rate': 0.00017743148953986787, 'epoch': 1.48}
 30%|██▉       | 550/1855 [11:01<25:44,  1.18s/it]lead: 5
lead: 4
pred mean: 4.771815299987793
pred mean: 4.772573947906494
lead: 5
lead: 0
pred mean: 4.772902488708496
lead: 0
pred mean: 4.781527996063232
pred mean: 4.777698040008545
lead: 1
pred mean: 4.772228240966797
lead: 3
pred mean: 4.790098190307617
lead: 3
pred mean: 4.784093379974365
 30%|██▉       | 551/1855 [11:02<25:34,  1.18s/it]lead: 2
pred mean: 4.78622579574585
lead: 5
pred mean: 4.801289081573486
lead: 0
pred mean: 4.8056864738464355
lead: 2
pred mean: 4.798691749572754
lead: 3
pred mean: 4.80526065826416
lead: 3
pred mean: 4.804904460906982
lead: 5
pred mean: 4.795187950134277
lead: 1
pred mean: 4.785851001739502
 30%|██▉       | 552/1855 [11:03<25:38,  1.18s/it]lead: 2
pred mean: 4.836352825164795
lead: 0
pred mean: 4.832638263702393
lead: 0
pred mean: 4.818568229675293
lead: 2
pred mean: 4.82960844039917
lead: 2
pred mean: 4.829954147338867
lead: 1
pred mean: 4.811656475067139
lead: 0
pred mean: 4.8172607421875
lead: 3
pred mean: 4.821900367736816
 30%|██▉       | 553/1855 [11:04<25:40,  1.18s/it]lead: 3
pred mean: 4.83352518081665
lead: 1
pred mean: 4.816369533538818
lead: 4
pred mean: 4.830297470092773
lead: 4
pred mean: 4.830503940582275
lead: 2
pred mean: 4.82234525680542
lead: 4
pred mean: 4.825356960296631
lead: 3
pred mean: 4.83411979675293
lead: 4
pred mean: 4.823148250579834
 30%|██▉       | 554/1855 [11:05<25:44,  1.19s/it]lead:lead:  34

pred mean:pred mean:  4.8262748718261724.8303117752075195

lead: 0
pred mean: 4.816827774047852
lead: 4
pred mean: 4.830616474151611
lead: 4
pred mean: 4.809548854827881
lead: 2
pred mean: 4.815244197845459
lead: 5
pred mean: 4.829581260681152
lead: 0
pred mean: 4.818192481994629
 30%|██▉       | 555/1855 [11:07<25:43,  1.19s/it]                                                  {'loss': 12.5496, 'learning_rate': 0.00017683250237973623, 'epoch': 1.5}
 30%|██▉       | 555/1855 [11:07<25:43,  1.19s/it]lead: 4
pred mean: 4.8448309898376465
lead: 1
pred mean: 4.848670959472656
lead: 2
pred mean: 4.832504749298096
lead: 4
pred mean: 4.843465328216553
lead: 5
pred mean: 4.842426300048828
lead: 1
pred mean: 4.848203182220459
lead: 1
pred mean: 4.8200531005859375
lead: 4
pred mean: 4.841014862060547
 30%|██▉       | 556/1855 [11:08<25:43,  1.19s/it]lead: 4
pred mean: 4.862217426300049
lead: 3
pred mean: 4.861510753631592
lead: 0
pred mean: 4.858786582946777
lead: 4
pred mean: 4.8610358238220215
lead: 2
pred mean: 4.861517429351807
lead: 0
lead: 3pred mean:
 4.849454879760742
pred mean: 4.857827663421631
lead: 0
pred mean: 4.859546184539795
 30%|███       | 557/1855 [11:09<25:43,  1.19s/it]lead: 3
pred mean: 4.865738391876221
lead: 2
pred mean: 4.857911109924316
lead: 2
pred mean: 4.871741771697998
lead: 4
pred mean: 4.872745037078857
lead: 0
pred mean: 4.856381416320801
lead: 4
pred mean: 4.862625598907471
lead: 3
pred mean: 4.8624267578125
lead: 3
pred mean: 4.86039400100708
 30%|███       | 558/1855 [11:10<25:44,  1.19s/it]lead: 0
pred mean: 4.854846954345703
lead: 5
pred mean: 4.866387367248535
lead: 2
pred mean: 4.87067174911499
lead: 4
pred mean: 4.872714042663574
lead: 5
pred mean: 4.853967189788818
lead: 3
pred mean: 4.863165378570557
lead: 1
pred mean: 4.853358268737793
lead: 5
pred mean: 4.854459762573242
 30%|███       | 559/1855 [11:11<25:38,  1.19s/it]lead: 0
pred mean: 4.886394023895264
lead: 0
pred mean: 4.886710166931152
lead: 2
lead:pred mean:  04.89202356338501

pred mean: 4.888937950134277
lead: 4
pred mean: 4.880649089813232
lead: 4
pred mean: 4.892126083374023
lead: 2
pred mean: 4.891561508178711
lead: 4
pred mean: 4.887127876281738
 30%|███       | 560/1855 [11:13<25:36,  1.19s/it]                                                  {'loss': 12.4846, 'learning_rate': 0.00017622670958147464, 'epoch': 1.51}
 30%|███       | 560/1855 [11:13<25:36,  1.19s/it]lead: 2
pred mean: 4.8691511154174805
lead: 2
pred mean: 4.871809959411621
lead: 4
pred mean: 4.870220184326172
lead: 2
lead: 3
pred mean: 4.861225128173828
pred mean: 4.88052225112915
lead: 2
pred mean: 4.870371341705322
lead: 3
pred mean: 4.883981704711914
lead: 0
pred mean: 4.876816272735596
 30%|███       | 561/1855 [11:14<25:45,  1.19s/it]lead: 4
pred mean: 4.916065216064453
lead: 4
pred mean: 4.902871608734131
lead: 0
pred mean: 4.913837432861328
lead: 4
pred mean: 4.903120517730713
lead: 3
pred mean: 4.899466037750244
lead: 5
pred mean: 4.907972812652588
lead: 3
pred mean: 4.921392440795898
lead: 3
pred mean: 4.909643173217773
 30%|███       | 562/1855 [11:15<25:56,  1.20s/it]lead: 1
pred mean: 4.919966697692871
lead: 1
pred mean: 4.919430732727051
lead: 1
pred mean: 4.937093257904053
lead: 3
pred mean: 4.910477638244629
lead: 5
pred mean: 4.925350666046143
lead: 0
pred mean: 4.921115398406982
lead: 3
pred mean: 4.924365520477295
lead: 2
pred mean: 4.9316630363464355
 30%|███       | 563/1855 [11:16<25:46,  1.20s/it]lead: 2
pred mean: 4.895313739776611
lead: 4
pred mean: 4.895601749420166
lead: 5
pred mean: 4.88218879699707
lead: 4
pred mean: 4.893853664398193
lead: 1
pred mean: 4.8776679039001465
lead: 3
pred mean: 4.8807373046875
lead: 2
pred mean: 4.8812103271484375
lead: 2
pred mean: 4.890308856964111
 30%|███       | 564/1855 [11:17<25:36,  1.19s/it]lead: 2
pred mean: 4.9306416511535645
lead: 3
pred mean: 4.9427666664123535
lead: 0
pred mean: 4.930566310882568
lead: 2
pred mean: 4.929656982421875
lead: 2
pred mean: 4.941961288452148
lead: 4
pred mean: 4.93491268157959
lead: 0
pred mean: 4.934255123138428
lead: 1
pred mean: 4.94352912902832
 30%|███       | 565/1855 [11:19<25:38,  1.19s/it]                                                  {'loss': 12.4222, 'learning_rate': 0.00017561416480475103, 'epoch': 1.52}
 30%|███       | 565/1855 [11:19<25:38,  1.19s/it]lead: 3
pred mean: 4.955527305603027
lead: 3
pred mean: 4.955808162689209
lead: 3
pred mean: 4.9587273597717285
lead: 1
pred mean: 4.944865703582764
lead: 1
pred mean: 4.9494194984436035
lead: 4
pred mean: 4.960997581481934
lead: 3
pred mean: 4.954195976257324
lead: 1
pred mean: 4.942568302154541
 31%|███       | 566/1855 [11:20<25:33,  1.19s/it]lead: 2
pred mean: 4.951821804046631
lead: 3
pred mean: 4.935752868652344
lead: 2
pred mean: 4.94687032699585
lead: 1
pred mean: 4.92711877822876
lead: 3
lead: 1
pred mean: 4.9501519203186035
pred mean: 4.951136112213135
lead: 5
pred mean: 4.941697120666504
lead: 3
pred mean: 4.932702541351318
 31%|███       | 567/1855 [11:21<25:29,  1.19s/it]lead: 5
pred mean: 4.907659530639648
lead: 2
pred mean: 4.941277027130127
lead: 4
pred mean: 4.9269256591796875
lead: 1
pred mean: 4.905561447143555
lead: 5
pred mean: 4.93815803527832
lead: 5
pred mean: 4.927148342132568
lead: 5
pred mean: 4.92347526550293
lead: 5
pred mean: 4.9170613288879395
 31%|███       | 568/1855 [11:22<25:33,  1.19s/it]lead: 0
pred mean: 4.972421646118164
lead: 2
lead: 1pred mean:
 4.965766906738281
pred mean: 4.979381561279297
lead: 2
pred mean: 4.983550548553467
lead: 0
pred mean: 4.976943016052246
lead: 0
pred mean: 4.974243640899658
lead: 2
pred mean: 4.969996452331543
lead: 0
pred mean: 4.975683212280273
 31%|███       | 569/1855 [11:23<25:34,  1.19s/it]lead: 1
pred mean: 4.991642951965332
lead: 4
pred mean: 5.008908748626709
lead: 5
pred mean: 4.991653919219971
lead: 3
pred mean: 4.994747161865234
lead: 4
pred mean: 4.996795654296875
lead: 3
pred mean: 4.981903076171875
lead: 1
pred mean: 4.9845147132873535
lead: 1
pred mean: 4.995837688446045
 31%|███       | 570/1855 [11:24<25:29,  1.19s/it]                                                  {'loss': 12.3559, 'learning_rate': 0.00017499492230730742, 'epoch': 1.54}
 31%|███       | 570/1855 [11:24<25:29,  1.19s/it]lead: 4
pred mean: 4.989494323730469
lead: 4
pred mean: 4.995507717132568
lead: 4
pred mean: 4.985106468200684
lead: 0
lead: 2
pred mean: 4.993686676025391
pred mean: 4.996142864227295
lead: 3
pred mean: 4.990410327911377
lead: 0
pred mean: 4.9915571212768555
lead: 0
pred mean: 4.996647357940674
 31%|███       | 571/1855 [11:26<25:32,  1.19s/it]lead: 5
pred mean: 4.969638347625732
lead: 3
pred mean: 4.952506065368652
lead: 0
pred mean: 4.956367492675781
lead: 4
pred mean: 4.974968433380127
lead: 2
lead: 5
pred mean: 4.958194255828857
pred mean: 4.957704067230225
lead: 5
pred mean: 4.968128681182861
lead: 3
pred mean: 4.96687650680542
 31%|███       | 572/1855 [11:27<25:28,  1.19s/it]lead: 4
pred mean: 5.002894401550293
lead: 0
pred mean: 5.004539966583252
lead: 2
pred mean: 4.995825290679932
lead: 1
pred mean: 5.00421142578125
lead: 3
pred mean: 5.009914398193359
lead: 5
pred mean: 4.996798992156982
lead: 0
pred mean: 4.9996185302734375
lead: 4
pred mean: 4.995792865753174
 31%|███       | 573/1855 [11:28<25:23,  1.19s/it]lead: 1
pred mean: 5.002355098724365
lead: 1
pred mean: 4.996892929077148
lead: 5
lead: 4
pred mean: 5.017956256866455
pred mean: 4.99778938293457
lead: 4
pred mean: 5.0141215324401855
lead: 1
pred mean: 5.0197296142578125
lead: 3
pred mean: 5.014943599700928
lead: 1
pred mean: 5.009945392608643
 31%|███       | 574/1855 [11:29<25:27,  1.19s/it]lead: 2
pred mean: 5.019561290740967
lead: 4
pred mean: 5.025129318237305
lead: 2
pred mean: 5.018239974975586
lead: 5
pred mean: 5.0264692306518555
lead: 5
pred mean: 5.027233600616455
lead: 0
pred mean: 5.01554012298584
lead: 3
pred mean: 5.019784450531006
lead: 1
pred mean: 5.016948223114014
 31%|███       | 575/1855 [11:30<25:22,  1.19s/it]                                                  {'loss': 12.2927, 'learning_rate': 0.00017436903694015377, 'epoch': 1.55}
 31%|███       | 575/1855 [11:30<25:22,  1.19s/it]lead: 4
pred mean: 5.031848430633545
lead: 3
pred mean: 5.017826080322266
lead: 0
pred mean: 5.02799129486084
lead: 4
pred mean: 5.024106979370117
lead: 1
pred mean: 5.025382041931152
lead: 4
pred mean: 5.013663291931152
lead: 4
pred mean: 5.028173446655273
lead: 4
pred mean: 5.036242485046387
 31%|███       | 576/1855 [11:32<25:21,  1.19s/it]lead: 0
pred mean: 5.015376091003418
lead: 4
pred mean: 5.0218000411987305
lead: 1
pred mean: 5.032371997833252
lead: 2
pred mean: 5.028110027313232
lead: 1
pred mean: 5.028178691864014
lead: 5
pred mean: 5.023160457611084
lead: 0
pred mean: 5.023756504058838
lead: 0
pred mean: 5.0248541831970215
 31%|███       | 577/1855 [11:33<25:18,  1.19s/it]lead: 4
pred mean: 5.030385971069336
lead: 1
pred mean: 5.0415568351745605
lead: 2
pred mean: 5.039743423461914
lead: 5
pred mean: 5.038468360900879
lead: 1
pred mean: 5.04763126373291
lead: 2
pred mean: 5.036153793334961
lead: 0
pred mean: 5.049749374389648
lead: 5
pred mean: 5.038593292236328
 31%|███       | 578/1855 [11:34<25:18,  1.19s/it]lead: 3
pred mean: 5.052883148193359
lead: 3
pred mean: 5.044876575469971
lead: 0
pred mean: 5.048587799072266
lead: 3
pred mean: 5.054012298583984
lead: 3
pred mean: 5.0457587242126465
lead: 1
pred mean: 5.047207355499268
lead: 1
pred mean: 5.0529561042785645
lead: 1
pred mean: 5.043571472167969
 31%|███       | 579/1855 [11:35<25:08,  1.18s/it]lead: 3
pred mean: 5.055084228515625
lead: 5
pred mean: 5.060606479644775
lead: 0
pred mean: 5.070239067077637
lead: 1
pred mean: 5.070486068725586
lead: 4
pred mean: 5.060416221618652
lead: 1
pred mean: 5.067403793334961
lead: 2
pred mean: 5.061440944671631
lead: 0
pred mean: 5.071244239807129
 31%|███▏      | 580/1855 [11:36<25:05,  1.18s/it]                                                  {'loss': 12.2282, 'learning_rate': 0.00017373656414270937, 'epoch': 1.56}
 31%|███▏      | 580/1855 [11:36<25:05,  1.18s/it]lead: 0
pred mean: 5.079832553863525
lead: 4
pred mean: 5.054849147796631
lead: 1
pred mean: 5.059673309326172
lead: 2
pred mean: 5.0692315101623535
lead: 2
pred mean: 5.05380916595459
lead: 2
pred mean: 5.065446376800537
lead: 4
pred mean: 5.063879013061523
lead: 5
pred mean: 5.061967849731445
 31%|███▏      | 581/1855 [11:38<25:06,  1.18s/it]lead: 0
pred mean: 5.08412504196167
lead: 4
lead: 4
pred mean: 5.0860185623168945
pred mean: 5.091622352600098
lead: 2
pred mean: 5.095191478729248
lead: 2
pred mean: 5.083327293395996
lead: 5
pred mean: 5.089832305908203
lead: 4
pred mean: 5.0903496742248535
lead: 1
pred mean: 5.096892833709717
 31%|███▏      | 582/1855 [11:39<25:07,  1.18s/it]lead: 4
pred mean: 5.097057342529297
lead: 2
pred mean: 5.0805158615112305
lead: 1
pred mean: 5.069339275360107
lead: 4
lead: 2
pred mean: 5.078996181488037
lead: 4
pred mean: 5.084064960479736
pred mean: 5.065799713134766
lead: 3
pred mean: 5.073763370513916
lead: 2
pred mean: 5.087494373321533
 31%|███▏      | 583/1855 [11:40<25:04,  1.18s/it]lead: 0
pred mean: 5.060189723968506
lead: 3
pred mean: 5.091833114624023
lead: 2
pred mean: 5.073449611663818
lead: 4
pred mean: 5.1107001304626465
lead: 2
pred mean: 5.097850322723389
lead: 4
pred mean: 5.0940752029418945
lead: 1
pred mean: 5.083674430847168
lead: 0
pred mean: 5.093577861785889
 31%|███▏      | 584/1855 [11:41<25:05,  1.18s/it]lead: 2
pred mean: 5.133420467376709
lead: 2
pred mean: 5.126723766326904
lead: 0
pred mean: 5.122214317321777
lead: 2
pred mean: 5.121530055999756
lead: 3
pred mean: 5.1071343421936035
lead: 0
pred mean: 5.101867198944092
lead: 4
pred mean: 5.110487461090088
lead: 4
pred mean: 5.116397380828857
 32%|███▏      | 585/1855 [11:42<25:06,  1.19s/it]                                                  {'loss': 12.1638, 'learning_rate': 0.00017309755993789237, 'epoch': 1.58}
 32%|███▏      | 585/1855 [11:42<25:06,  1.19s/it]lead: 5
pred mean: 5.1380295753479
lead: 0
lead: 1
pred mean: 5.126850128173828
pred mean: 5.1274309158325195
lead: 1
pred mean: 5.130237102508545
lead: 4
pred mean: 5.126425743103027
lead: 2
pred mean: 5.131747722625732
lead: 2
pred mean: 5.1317138671875
lead: 4
pred mean: 5.1187944412231445
 32%|███▏      | 586/1855 [11:43<25:11,  1.19s/it]lead: 3
pred mean: 5.1034722328186035
lead: 0
pred mean: 5.114445209503174
lead: 3
lead: 0
pred mean: 5.115056037902832
pred mean: 5.124892234802246
lead: 4
pred mean: 5.113080024719238
lead: 2
pred mean: 5.114943504333496
lead: 4
pred mean: 5.114389419555664
lead: 5
pred mean: 5.115177631378174
 32%|███▏      | 587/1855 [11:45<25:11,  1.19s/it]lead: 3
pred mean: 5.105560302734375
lead: 5
pred mean: 5.09030294418335
lead: 3
pred mean: 5.108950614929199
lead: 4
pred mean: 5.098849773406982
lead: 1
pred mean: 5.128729820251465
lead: 5
pred mean: 5.112048625946045
lead: 2
pred mean: 5.0999274253845215
lead: 4
pred mean: 5.118981838226318
 32%|███▏      | 588/1855 [11:46<25:08,  1.19s/it]lead: 5
pred mean: 5.167848110198975
lead: 3
pred mean: 5.165966033935547
lead: 4
pred mean: 5.171898365020752
lead: 2
pred mean: 5.163181304931641
lead: 2
pred mean: 5.18007230758667
lead: 5
pred mean: 5.159383773803711
lead: 4
pred mean: 5.1692633628845215
lead: 2
pred mean: 5.175800323486328
 32%|███▏      | 589/1855 [11:47<25:05,  1.19s/it]lead: 4
pred mean: 5.171984672546387
lead: 1
pred mean: 5.172213077545166
lead: 0
pred mean: 5.184513568878174
lead: 0
pred mean: 5.169341564178467
lead: 3
pred mean: 5.181143283843994
lead: 1
pred mean: 5.17124605178833
lead: 1
pred mean: 5.17409610748291
lead: 0
pred mean: 5.180891990661621
 32%|███▏      | 590/1855 [11:48<25:02,  1.19s/it]                                                  {'loss': 12.0999, 'learning_rate': 0.00017245208092715711, 'epoch': 1.59}
 32%|███▏      | 590/1855 [11:48<25:02,  1.19s/it]lead: 2
pred mean: 5.127762794494629
lead:lead:  24

pred mean:pred mean:  5.14469909667968755.150824069976807

lead: 5
pred mean: 5.138573169708252
lead: 5
pred mean: 5.138244152069092
lead: 5
pred mean: 5.131931304931641
lead: 0
pred mean: 5.134946346282959
lead: 3
pred mean: 5.144736289978027
 32%|███▏      | 591/1855 [11:49<25:09,  1.19s/it]lead: 0
pred mean: 5.146275520324707
lead: 4
pred mean: 5.14031982421875
lead: 0
pred mean: 5.133239269256592
lead: 4
pred mean: 5.140885353088379
lead: 0
pred mean: 5.140512466430664
lead: 5
pred mean: 5.137740135192871
lead: 3
pred mean: 5.1538591384887695
lead: 0
pred mean: 5.148747444152832
 32%|███▏      | 592/1855 [11:51<25:11,  1.20s/it]lead: 3
pred mean: 5.218852996826172
lead: 5
pred mean: 5.203277111053467
lead: 4
pred mean: 5.206032752990723
lead: 4
pred mean: 5.1900529861450195
lead: 5
pred mean: 5.204046249389648
lead: 2
pred mean: 5.1992058753967285
lead: 3
pred mean: 5.202666759490967
lead: 1
pred mean: 5.195318698883057
 32%|███▏      | 593/1855 [11:52<25:06,  1.19s/it]lead: 2
pred mean: 5.198567867279053
lead: 1
pred mean: 5.190957546234131
lead: 0
pred mean: 5.204062461853027
lead: 4
pred mean: 5.202578544616699
lead: 4
pred mean: 5.19936466217041
lead: 2
pred mean: 5.2020111083984375
lead: 0
pred mean: 5.212337970733643
lead: 3
pred mean: 5.185111045837402
 32%|███▏      | 594/1855 [11:53<25:12,  1.20s/it]lead: 0
pred mean: 5.187285423278809
lead: 3
pred mean: 5.184184551239014
lead: 5
pred mean: 5.18864631652832
lead: 5
pred mean: 5.189129829406738
lead: 5
pred mean: 5.185276508331299
lead: 0
pred mean: 5.194463729858398
lead: 3
pred mean: 5.179529666900635
lead: 4
pred mean: 5.201109409332275
 32%|███▏      | 595/1855 [11:54<25:17,  1.20s/it]                                                  {'loss': 12.0367, 'learning_rate': 0.0001718001842854808, 'epoch': 1.6}
 32%|███▏      | 595/1855 [11:54<25:17,  1.20s/it]lead: 2
pred mean: 5.186222076416016
lead: 3
pred mean: 5.172638416290283
lead: 4
pred mean: 5.192922115325928
lead: 2
pred mean: 5.172973155975342
lead: 2
lead:pred mean:  45.184261322021484

pred mean: 5.185376167297363
lead: 1
pred mean: 5.1774797439575195
lead: 4
pred mean: 5.192356109619141
 32%|███▏      | 596/1855 [11:55<25:13,  1.20s/it]lead: 0
pred mean: 5.209343433380127
lead: 0
pred mean: 5.202088832855225
lead: 5
pred mean: 5.200929164886475
lead: 4
pred mean: 5.2184906005859375
lead: 4
pred mean: 5.209503173828125
lead: 4
pred mean: 5.205377101898193
lead: 1
pred mean: 5.211174964904785
lead: 5
pred mean: 5.201870441436768
 32%|███▏      | 597/1855 [11:57<25:10,  1.20s/it]lead: 3
pred mean: 5.216515064239502
lead: 3
pred mean: 5.236311912536621
lead: 5
pred mean: 5.248193264007568
lead: 4
pred mean: 5.243194103240967
lead: 1
pred mean: 5.252459526062012
lead: 5
pred mean: 5.234461784362793
lead: 5
pred mean: 5.239798545837402
lead: 3
pred mean: 5.23561429977417
 32%|███▏      | 598/1855 [11:58<25:06,  1.20s/it]lead: 2
pred mean: 5.236067295074463
lead: 3
pred mean: 5.21342658996582
lead: 0
pred mean: 5.239776611328125
lead: 3
pred mean: 5.229620933532715
lead: 5
lead: 0
pred mean: 5.226985931396484
pred mean: 5.207451343536377
lead: 1
pred mean: 5.22391414642334
lead: 1
pred mean: 5.2148847579956055
 32%|███▏      | 599/1855 [11:59<24:50,  1.19s/it]lead: 1
pred mean: 5.233290195465088
lead: 5
pred mean: 5.2267680168151855
lead: 5
lead: 2
pred mean: 5.237995624542236
pred mean: 5.239304542541504
lead: 4
pred mean: 5.237110137939453
lead: 1
pred mean: 5.243959903717041
lead: 3
pred mean: 5.2493133544921875
lead: 2
pred mean: 5.262883186340332
 32%|███▏      | 600/1855 [12:00<24:42,  1.18s/it]                                                  {'loss': 11.9729, 'learning_rate': 0.0001711419277562989, 'epoch': 1.62}
 32%|███▏      | 600/1855 [12:00<24:42,  1.18s/it]lead: 0
pred mean: 5.2378058433532715
lead: 5
lead: 1
pred mean: 5.234707355499268
pred mean: 5.245497703552246
lead: 1
pred mean: 5.237239837646484
lead: 5
pred mean: 5.246535301208496
lead: 3
pred mean: 5.251375198364258
lead: 2
pred mean: 5.253823280334473
lead: 3
pred mean: 5.255282402038574
 32%|███▏      | 601/1855 [12:01<24:47,  1.19s/it]lead: 2
pred mean: 5.255532741546631
lead: 0
pred mean: 5.264151573181152
lead: 4
pred mean: 5.254716873168945
lead: 1
pred mean: 5.252143859863281
lead: 0
pred mean: 5.261809825897217
lead: 1
pred mean: 5.2441935539245605
lead: 3
pred mean: lead:5.2477827072143555 
5
pred mean: 5.240206241607666
 32%|███▏      | 602/1855 [12:03<24:44,  1.18s/it]lead: 2
pred mean: 5.2495341300964355
lead: 1
pred mean: 5.261862754821777
lead: 1
pred mean: 5.241815090179443lead:
 5
pred mean: 5.24514627456665
lead: 1
pred mean: 5.262474536895752
lead: 5
pred mean: 5.253441333770752
lead: 3
pred mean: 5.259842872619629
lead: 2
pred mean: 5.253330707550049
 33%|███▎      | 603/1855 [12:04<24:45,  1.19s/it]lead: 0
pred mean: 5.292551040649414
lead: 5
pred mean: 5.275693416595459
lead: 4
pred mean: 5.297241687774658
lead: 5
pred mean: 5.288456439971924
lead: 3
pred mean: 5.286818504333496
lead: 4
pred mean: 5.276369571685791
lead: 3
pred mean: 5.283229827880859
lead: 1
pred mean: 5.28920841217041
 33%|███▎      | 604/1855 [12:05<24:38,  1.18s/it]lead: 1
pred mean: 5.296595573425293
lead: 3
pred mean: 5.30905818939209
lead: 5
pred mean: 5.297292232513428
lead: 0
pred mean: 5.301464557647705
lead: 4
pred mean: 5.297555923461914
lead: 2
pred mean: 5.300337791442871
lead: 5
pred mean: 5.296047210693359
lead: 5
pred mean: 5.29498291015625
 33%|███▎      | 605/1855 [12:06<24:43,  1.19s/it]                                                  {'loss': 11.9099, 'learning_rate': 0.0001704773696463903, 'epoch': 1.63}
 33%|███▎      | 605/1855 [12:06<24:43,  1.19s/it]lead: 2
pred mean: 5.268784046173096
lead: 5
pred mean: 5.280772686004639
lead: 0
pred mean: 5.278893947601318
lead: 3
pred mean: 5.279927730560303
lead: 4
pred mean: 5.283098220825195
lead: 0
pred mean: 5.271693229675293
lead: 1
pred mean: 5.2670979499816895
lead: 3
pred mean: 5.275189399719238
 33%|███▎      | 606/1855 [12:07<24:37,  1.18s/it]lead: 0
pred mean: 5.278336524963379
lead: 0
pred mean: 5.276986598968506
lead: 5
pred mean: 5.2838358879089355
lead: 1
pred mean: 5.2795000076293945
lead: 2
pred mean: 5.277835845947266
lead: 3
pred mean: 5.2781805992126465
lead: 5
pred mean: 5.282649993896484
lead: 5
pred mean: 5.279344081878662
 33%|███▎      | 607/1855 [12:08<24:42,  1.19s/it]lead: 5
pred mean: 5.322671413421631
lead: 5
pred mean: 5.328205585479736
lead: 5
pred mean: 5.327261924743652
lead: 0
pred mean: 5.336714267730713
lead: 0
pred mean: 5.336050033569336
lead: 2
pred mean: 5.33494234085083
lead: 2
lead: 0
pred mean: 5.334408283233643
pred mean: 5.326147079467773
 33%|███▎      | 608/1855 [12:10<24:42,  1.19s/it]lead: 2
pred mean: 5.3350605964660645
lead: 0
pred mean: 5.3144211769104
lead: 4
pred mean: 5.342286109924316
lead: 0
pred mean: 5.322315216064453
lead: 1
pred mean: 5.344585418701172
lead: 2
pred mean: 5.3204216957092285
lead: 5
pred mean: 5.3263258934021
lead: 3
pred mean: 5.326252460479736
 33%|███▎      | 609/1855 [12:11<24:35,  1.18s/it]lead: 5
pred mean: 5.328958034515381
lead: 5
pred mean: 5.317806243896484
lead: 2
pred mean: 5.330850601196289
lead: 3
pred mean: 5.313691139221191
lead: 4
pred mean: 5.3241376876831055
lead: 0
pred mean: 5.311769962310791
lead: 0
pred mean: 5.322723388671875
lead: 5
pred mean: 5.315796375274658
 33%|███▎      | 610/1855 [12:12<24:31,  1.18s/it]                                                  {'loss': 11.8464, 'learning_rate': 0.0001698065688207129, 'epoch': 1.64}
 33%|███▎      | 610/1855 [12:12<24:31,  1.18s/it]lead: 5
pred mean: 5.330475807189941
lead: 3
lead: 1
pred mean: 5.327404022216797
pred mean: 5.316004753112793
lead: 1
pred mean: 5.320397853851318
lead: 5
pred mean: 5.318450927734375
lead: 5
pred mean: 5.3198652267456055
lead: 2
pred mean: 5.324662208557129
lead: 5
pred mean: 5.32460355758667
 33%|███▎      | 611/1855 [12:13<24:33,  1.18s/it]lead: 4
pred mean: 5.349475383758545
lead: 4
lead: 4
pred mean: 5.362114429473877
pred mean: 5.339413166046143
lead: 0
pred mean: 5.359991073608398
lead: 1
pred mean: 5.356166839599609
lead: 2
pred mean: 5.350937366485596
lead: 4
pred mean: 5.339702129364014
lead: 0
pred mean: 5.348916530609131
 33%|███▎      | 612/1855 [12:14<24:31,  1.18s/it]lead: 0
pred mean: 5.3677568435668945
lead: 0
pred mean: 5.3584699630737305
lead: 2
pred mean: 5.360362529754639
lead: 1
pred mean: 5.367627143859863
lead: 5
pred mean: 5.346105575561523
lead: 0
pred mean: 5.3543782234191895
lead: 1
pred mean: 5.359334945678711
lead: 1
pred mean: 5.3507561683654785
 33%|███▎      | 613/1855 [12:16<24:28,  1.18s/it]lead: 0
pred mean: 5.360386371612549
lead: 4
pred mean: 5.34519624710083
lead: 3
pred mean: 5.360355854034424
lead: 1
pred mean: 5.350822925567627
lead: 2
pred mean: 5.357973575592041
lead: 1
pred mean: 5.337140083312988
lead: 5
pred mean: 5.356870174407959
lead: 1
pred mean: 5.3550028800964355
 33%|███▎      | 614/1855 [12:17<24:34,  1.19s/it]lead: 1
pred mean: 5.375308990478516
lead:lead:  22

pred mean:pred mean:  5.3603882789611825.369277477264404

lead: 2
pred mean: 5.354857921600342
lead: 1
pred mean: 5.374597072601318
lead: 0
pred mean: 5.378900051116943
lead: 2
pred mean: 5.370656967163086
lead: 3
pred mean: 5.369369029998779
 33%|███▎      | 615/1855 [12:18<24:27,  1.18s/it]                                                  {'loss': 11.7836, 'learning_rate': 0.00016912958469718925, 'epoch': 1.66}
 33%|███▎      | 615/1855 [12:18<24:27,  1.18s/it]lead: 3
pred mean: 5.384145736694336
lead: 2
pred mean: 5.386580467224121
lead: 2
pred mean: 5.372871398925781
lead: 3
pred mean: 5.395065784454346
lead: 5
pred mean: 5.389090538024902
lead: 5
pred mean: 5.40484619140625
lead: 4
pred mean: 5.39349889755249
lead: 1
pred mean: 5.390730857849121
 33%|███▎      | 616/1855 [12:19<24:28,  1.18s/it]lead: 0
pred mean: 5.381594657897949
lead: 1
pred mean: 5.370006561279297
lead: 3
pred mean: 5.370786666870117
lead: 2
pred mean: 5.404600143432617
lead: 3
pred mean: 5.372622013092041
lead: 1
pred mean: 5.379086494445801
lead: 5
pred mean: 5.388708591461182
lead: 3
pred mean: 5.374692440032959
 33%|███▎      | 617/1855 [12:20<24:25,  1.18s/it]lead: 0
pred mean: 5.407268524169922
lead: 0
pred mean: 5.397083282470703
lead: 5
pred mean: 5.384970188140869
lead: 0
pred mean: 5.396622180938721
lead: 1
pred mean: 5.4039764404296875
lead: 4
pred mean: 5.390989303588867
lead: 2
pred mean: 5.3992204666137695
lead: 4
pred mean: 5.390561103820801
 33%|███▎      | 618/1855 [12:21<24:29,  1.19s/it]lead: 0
pred mean: 5.406813144683838
lead: 3
pred mean: 5.392849445343018
lead: 5
pred mean: 5.415565013885498
lead: 0
pred mean: 5.392709255218506
lead: 4
pred mean: 5.413346767425537
lead: 5
pred mean: 5.40343713760376
lead: 2
pred mean: 5.4060139656066895
lead: 2
pred mean: 5.418944835662842
 33%|███▎      | 619/1855 [12:23<24:28,  1.19s/it]lead: 2
pred mean: 5.407625675201416
lead: 2
pred mean: 5.406935214996338
lead: 3
pred mean: 5.395614147186279
lead: 3
pred mean: 5.3936944007873535
lead: 4
pred mean: 5.392214298248291
lead: 1
pred mean: 5.397487640380859
lead: 0
pred mean: 5.3893866539001465
lead: 0
pred mean: 5.397543907165527
 33%|███▎      | 620/1855 [12:24<24:24,  1.19s/it]                                                  {'loss': 11.7222, 'learning_rate': 0.00016844647724144354, 'epoch': 1.67}
 33%|███▎      | 620/1855 [12:24<24:24,  1.19s/it]lead: 1
pred mean: 5.441283226013184
lead: 5
pred mean: 5.447558879852295
lead: 5
pred mean: 5.440743446350098
lead: 2
pred mean: lead:5.4515252113342285 
2
pred mean: 5.456432819366455
lead: 2
pred mean: 5.450703144073486
lead: 4
pred mean: 5.4417033195495605
lead: 0
pred mean: 5.443573951721191
 33%|███▎      | 621/1855 [12:25<24:20,  1.18s/it]lead: 1
pred mean: 5.423015117645264
lead: 0
pred mean: 5.417361736297607
lead: 0
pred mean: 5.4290852546691895
lead: 1
pred mean: 5.412160873413086
lead: 5
pred mean: 5.430809020996094
lead: 4
pred mean: 5.42421293258667
lead: 1
pred mean: 5.421407699584961
lead: 3
pred mean: 5.4141764640808105
 34%|███▎      | 622/1855 [12:26<24:20,  1.18s/it]lead: 3
pred mean: 5.4314398765563965
lead: 4
pred mean: 5.436814308166504
lead: 0
lead: 4
pred mean: 5.437738418579102
pred mean: 5.432233810424805
lead: 5
pred mean: 5.427259922027588
lead: 2
pred mean: 5.435452938079834
lead: 2
pred mean: 5.4457902908325195
lead: 3
pred mean: 5.428363800048828
 34%|███▎      | 623/1855 [12:27<24:26,  1.19s/it]lead: 4
pred mean: 5.444967269897461
lead: 2
pred mean: 5.44826602935791
lead: 1
pred mean: 5.454702377319336
lead: 4
pred mean: 5.435701847076416
lead: 3
pred mean: 5.456169128417969
lead: 1
pred mean: 5.456155776977539
lead: 2
pred mean: 5.465611457824707
lead: 4
pred mean: 5.453272342681885
 34%|███▎      | 624/1855 [12:29<24:36,  1.20s/it]lead: 0
pred mean: 5.459035873413086
lead: 1
pred mean: 5.4709601402282715
lead: 4
pred mean: 5.4641947746276855
lead: 5
pred mean: 5.457919597625732
lead: 1
pred mean: 5.458376407623291
lead: 2
pred mean: 5.465638160705566
lead: 4
pred mean: 5.461862564086914
lead: 4
pred mean: 5.451643466949463
 34%|███▎      | 625/1855 [12:30<24:40,  1.20s/it]                                                  {'loss': 11.6586, 'learning_rate': 0.00016775730696149, 'epoch': 1.68}
 34%|███▎      | 625/1855 [12:30<24:40,  1.20s/it]lead: 1
pred mean: 5.479559421539307
lead: 2
pred mean: 5.4588422775268555
lead: 5
pred mean: 5.4705023765563965
lead: 4
pred mean: 5.450279712677002
lead: 5
pred mean: 5.472418308258057
lead: 0
pred mean: 5.4606242179870605
lead: 2
pred mean: 5.466210842132568
lead: 5
pred mean: 5.461164951324463
 34%|███▎      | 626/1855 [12:31<24:32,  1.20s/it]lead: 5
pred mean: 5.468063831329346
lead: 1
pred mean: 5.446012496948242
lead: 2
pred mean: 5.443747520446777
lead: 3
pred mean: 5.475215911865234
lead: 1
pred mean: 5.463900566101074
lead: 5
pred mean: 5.462637901306152
lead: 0
pred mean: 5.465662002563477
lead: 0
pred mean: 5.442109107971191
 34%|███▍      | 627/1855 [12:32<24:25,  1.19s/it]lead: 3
pred mean: 5.483725547790527
lead: 2
pred mean: 5.476831912994385
lead: 2
pred mean: 5.481199264526367
lead: 1
pred mean: 5.482547283172607
lead: 5
pred mean: 5.4803996086120605
lead: 3
pred mean: 5.490860462188721
lead: 1
pred mean: 5.485435962677002
lead: 0
pred mean: 5.485533714294434
 34%|███▍      | 628/1855 [12:33<24:26,  1.20s/it]lead: 0
pred mean: 5.4883551597595215
lead: 5
lead: 2
pred mean: 5.494662761688232
pred mean: 5.506426811218262
lead: 3
pred mean: 5.481738567352295
lead: 3
pred mean: 5.495005130767822
lead: 1
pred mean: 5.500263690948486
lead: 0
pred mean: 5.491058349609375
lead: 2
pred mean: 5.509893417358398
 34%|███▍      | 629/1855 [12:35<24:24,  1.19s/it]lead: 3
pred mean: 5.481648921966553
lead: 0
pred mean: 5.472165107727051
lead: 1
pred mean: 5.474323272705078
lead: 1
pred mean: 5.48048734664917
lead: 3
pred mean: 5.47017240524292
lead: 5
pred mean: 5.4864182472229
lead: 5
pred mean: 5.47587776184082
lead: 0
pred mean: 5.492233753204346
 34%|███▍      | 630/1855 [12:36<24:23,  1.19s/it]                                                  {'loss': 11.5957, 'learning_rate': 0.00016706213490237328, 'epoch': 1.7}
 34%|███▍      | 630/1855 [12:36<24:23,  1.19s/it]lead: 0
pred mean: 5.503317832946777
lead: 3
pred mean: 5.502072811126709
lead: 3
pred mean: 5.486368179321289
lead: 0
pred mean: 5.501176834106445
lead: 0
pred mean: 5.517743110656738
lead: 3
pred mean: lead:5.48158597946167 
4
pred mean: 5.5034332275390625
lead: 3
pred mean: 5.503155708312988
 34%|███▍      | 631/1855 [12:37<24:09,  1.18s/it]lead: 5
pred mean: 5.547771453857422
lead: 1
pred mean: 5.536893844604492
lead: 2
pred mean: 5.523252010345459
lead: 0
pred mean: 5.538638591766357
lead: 0
pred mean: 5.540849685668945
lead: 5
pred mean: 5.531801700592041
lead: 5
pred mean: 5.541029453277588
lead: 4
pred mean: 5.545750617980957
 34%|███▍      | 632/1855 [12:38<24:09,  1.18s/it]lead: 0
pred mean: 5.518233299255371
lead: 1
pred mean: 5.513463020324707
lead: 4
pred mean: 5.530836582183838
lead: 3
pred mean: 5.520163059234619
lead: 2
pred mean: 5.494591236114502
lead: 1
lead: 1
pred mean: 5.525302410125732
pred mean: 5.530457496643066
lead: 4
pred mean: 5.508413314819336
 34%|███▍      | 633/1855 [12:39<24:12,  1.19s/it]lead: 4
pred mean: 5.528975009918213
lead: 2
pred mean: 5.484585762023926
lead: 5
pred mean: 5.490359306335449
lead: 0
lead: 2
pred mean: 5.517711639404297
pred mean: 5.492330074310303
lead: 2
pred mean: 5.490971565246582
lead: 2
pred mean: 5.498006343841553
lead: 5
pred mean: 5.506894588470459
 34%|███▍      | 634/1855 [12:41<24:08,  1.19s/it]lead: 5
pred mean: 5.544802665710449
lead: 5
pred mean: 5.560749053955078
lead: 3
pred mean: 5.575594425201416
lead: 5
pred mean: 5.557676315307617
lead: 0
pred mean: 5.582757472991943
lead: 1
pred mean: 5.555810451507568
lead: 2
pred mean: 5.570071697235107
lead: 0
pred mean: 5.559587001800537
 34%|███▍      | 635/1855 [12:42<24:07,  1.19s/it]                                                  {'loss': 11.5339, 'learning_rate': 0.0001663610226407611, 'epoch': 1.71}
 34%|███▍      | 635/1855 [12:42<24:07,  1.19s/it]lead: 2
pred mean: 5.5552544593811035
lead: 4
pred mean: 5.5500383377075195
lead: 3
pred mean: 5.558345794677734
lead: 4
pred mean: 5.5542755126953125
lead: 0
pred mean: 5.559215545654297
lead: 5
pred mean: 5.542760848999023
lead: 4
pred mean: 5.548179626464844
lead: 0
pred mean: 5.562268257141113
 34%|███▍      | 636/1855 [12:43<24:03,  1.18s/it]lead: 4
pred mean: 5.522571563720703
lead: 2
pred mean: 5.545139789581299
lead: 2
pred mean: 5.544539928436279
lead: 0
pred mean: 5.5343337059021
lead: 5
pred mean: 5.541901588439941
lead: 1
pred mean: 5.542701244354248
lead: 2
pred mean: 5.5443220138549805
lead: 1
pred mean: 5.531672477722168
 34%|███▍      | 637/1855 [12:44<24:00,  1.18s/it]lead: 2
pred mean: 5.60345983505249
lead: 4
pred mean: 5.57014799118042
lead: 1
pred mean: 5.584486961364746
lead: 0
pred mean: 5.584883213043213
lead: 3
pred mean: 5.572484016418457
lead: 5
pred mean: 5.56485652923584
lead: 1
pred mean: 5.587335109710693
lead: 0
pred mean: 5.584567070007324
 34%|███▍      | 638/1855 [12:45<23:58,  1.18s/it]lead: 3
pred mean: 5.5500712394714355
lead: 1
pred mean: 5.566014289855957
lead: 1
pred mean: 5.55370569229126
lead: 2
pred mean: 5.582400798797607
lead: 3
pred mean: 5.567939281463623
lead: 4
pred mean: 5.555483341217041
lead: 1
pred mean: 5.5677080154418945
lead: 5
pred mean: 5.566179275512695
 34%|███▍      | 639/1855 [12:46<23:59,  1.18s/it]lead: 2
pred mean: 5.581877708435059
lead: 2
pred mean: 5.578006267547607
lead: 0
pred mean: 5.5811767578125
lead: 0
pred mean: 5.582351207733154
lead: 0
pred mean: 5.564995288848877
lead: 5
pred mean: 5.5735697746276855
lead: 5
pred mean: 5.588135719299316
lead: 3
pred mean: 5.5729193687438965
 35%|███▍      | 640/1855 [12:48<24:06,  1.19s/it]                                                  {'loss': 11.4715, 'learning_rate': 0.00016565403227949009, 'epoch': 1.73}
 35%|███▍      | 640/1855 [12:48<24:06,  1.19s/it]lead: 2
pred mean: 5.583155155181885
lead: 2
pred mean: 5.5880961418151855
lead: 1
pred mean: 5.588547706604004
lead: 4
pred mean: 5.588897705078125
lead: 5
pred mean: 5.580236434936523
lead: 5
pred mean: 5.5655741691589355
lead: 1
pred mean: 5.5927815437316895
lead: 1
pred mean: 5.594633102416992
 35%|███▍      | 641/1855 [12:49<24:05,  1.19s/it]lead: 1
pred mean: 5.620816230773926
lead: 0
pred mean: 5.611272811889648
lead: 2
pred mean: 5.610461235046387
lead: 1
pred mean: 5.616093635559082
lead: 1
pred mean: 5.613369464874268
lead: 5
pred mean: 5.617679119110107
lead: 0
pred mean: 5.610487937927246
lead: 5
pred mean: 5.6162638664245605
 35%|███▍      | 642/1855 [12:50<23:58,  1.19s/it]lead: 2
pred mean: 5.575934886932373
lead: 2
pred mean: 5.5826005935668945
lead: 3
lead: 2
pred mean: 5.598621845245361
pred mean: 5.580160140991211
lead: 0
pred mean: 5.594236850738525
lead: 1
pred mean: 5.582673072814941
lead: 5
pred mean: 5.585524559020996
lead: 5
pred mean: 5.582027912139893
 35%|███▍      | 643/1855 [12:51<23:51,  1.18s/it]lead: 4
pred mean: 5.630709648132324
lead: 4
pred mean: 5.614042282104492
lead: 4
pred mean: 5.638064861297607
lead: 3
pred mean: 5.626124382019043
lead: 0
pred mean: 5.6245036125183105
lead: 1
pred mean: 5.614424705505371
lead: 2
pred mean: 5.62768030166626
lead: 1
pred mean: 5.623023986816406
 35%|███▍      | 644/1855 [12:52<23:50,  1.18s/it]lead: 1
pred mean: 5.602851867675781
lead: 3
pred mean: 5.63496732711792
lead: 4
pred mean: 5.622386455535889
lead: 0
pred mean: 5.599318981170654
lead: 4
pred mean: 5.62605619430542
lead: 2
pred mean: 5.621098041534424
lead: 0
pred mean: 5.6060309410095215
lead: 3
pred mean: 5.618428707122803
 35%|███▍      | 645/1855 [12:54<23:53,  1.18s/it]                                                  {'loss': 11.4093, 'learning_rate': 0.00016494122644206474, 'epoch': 1.74}
 35%|███▍      | 645/1855 [12:54<23:53,  1.18s/it]lead: 4
pred mean: 5.626380920410156
lead: 4
pred mean: 5.6217522621154785
lead: 5
pred mean: 5.628260612487793
lead: 1
pred mean: 5.618617534637451
lead: 2
pred mean: 5.6200737953186035
lead: 3
pred mean: 5.6270952224731445
lead: 3
pred mean: 5.6327805519104
lead: 3
pred mean: 5.610022068023682
 35%|███▍      | 646/1855 [12:55<23:56,  1.19s/it]lead: 4
pred mean: 5.652202606201172
lead: 3
pred mean: 5.650142669677734
lead: 2
pred mean: 5.637702465057373
lead: 1
pred mean: 5.647696018218994
lead: 0
pred mean: 5.643310070037842
lead: 4
pred mean: 5.6606550216674805
lead: 2
pred mean: 5.64171028137207
lead: 1
pred mean: 5.646935939788818
 35%|███▍      | 647/1855 [12:56<24:30,  1.22s/it]lead: 1
pred mean: 5.647977352142334
lead: 4
pred mean: 5.662837982177734
lead: 1
pred mean: 5.658016204833984
lead: 4
pred mean: 5.660008430480957
lead: 4
lead:pred mean:  55.663149356842041

pred mean: 5.6706461906433105
lead: 0
pred mean: 5.648337364196777
lead: 2
pred mean: 5.654891490936279
 35%|███▍      | 648/1855 [12:57<24:20,  1.21s/it]lead: 4
pred mean: 5.6402268409729
lead: 5
pred mean: 5.661705493927002
lead: 0
pred mean: 5.644809246063232
lead: 2
pred mean: 5.646404266357422
lead: 4
pred mean: 5.637614727020264
lead: 5
pred mean: 5.634997844696045
lead: 1
pred mean: 5.649625301361084
lead: 3
pred mean: 5.6393961906433105
 35%|███▍      | 649/1855 [12:59<24:37,  1.23s/it]lead: 5
pred mean: 5.676036357879639
lead: 3
pred mean: 5.649317741394043
lead: 1
pred mean: 5.659583568572998
lead: 3
pred mean: 5.653031349182129
lead: 3
pred mean: 5.659269332885742
lead: 4
pred mean: 5.658875465393066
lead: 2
pred mean: 5.670454025268555
lead: 2
pred mean: 5.660304069519043
 35%|███▌      | 650/1855 [13:00<24:47,  1.23s/it]                                                  {'loss': 11.3497, 'learning_rate': 0.00016422266826711049, 'epoch': 1.75}
 35%|███▌      | 650/1855 [13:00<24:47,  1.23s/it]lead: 2
pred mean: 5.697070598602295
lead: 1
lead: 4
pred mean: 5.702120304107666
pred mean: 5.686443328857422
lead: 3
pred mean: 5.704641342163086
lead: 1
pred mean: 5.686246871948242
lead: 1
pred mean: 5.683872222900391
lead: 1
pred mean: 5.684838771820068
lead: 1
pred mean: 5.680413246154785
 35%|███▌      | 651/1855 [13:01<24:31,  1.22s/it]lead: 3
pred mean: 5.6882219314575195
lead: 2
pred mean: 5.671247959136963
lead: 2
pred mean: 5.6863837242126465
lead: 1
pred mean: 5.66716194152832
lead: 1
pred mean: 5.673563003540039
lead: 4
pred mean: 5.675580978393555
lead: 4
pred mean: 5.671572685241699
lead: 3
pred mean: 5.6728668212890625
 35%|███▌      | 652/1855 [13:02<24:19,  1.21s/it]lead: 5
pred mean: 5.67057991027832
lead: 1
pred mean: 5.667818546295166
lead: 0
pred mean: 5.659510612487793
lead: 5
pred mean: 5.659952163696289
lead: 3
pred mean: 5.652369499206543
lead: 5
pred mean: 5.665729999542236
lead: 4
pred mean: 5.650421142578125
lead: 5
pred mean: 5.658380031585693
 35%|███▌      | 653/1855 [13:03<24:07,  1.20s/it]lead: 1
pred mean: 5.707477569580078
lead: 0
pred mean: 5.734463214874268
lead: 0
pred mean: 5.713881015777588
lead: 0
pred mean: 5.7156782150268555
lead: 4
pred mean: 5.717808723449707
lead: 1
pred mean: 5.71050500869751
lead: 0
pred mean: 5.7267374992370605
lead: 0
pred mean: 5.709637641906738
 35%|███▌      | 654/1855 [13:05<24:17,  1.21s/it]lead: 2
pred mean: 5.717423439025879
lead: 2
pred mean: 5.7151570320129395
lead: 4
pred mean: 5.721814155578613
lead: 1
pred mean: 5.721426010131836
lead: 1
pred mean: 5.72252893447876
lead: 2
pred mean: 5.715474605560303
lead: 5
pred mean: 5.725348949432373
lead: 3
pred mean: 5.706765651702881
 35%|███▌      | 655/1855 [13:06<24:35,  1.23s/it]                                                  {'loss': 11.2851, 'learning_rate': 0.0001634984214027809, 'epoch': 1.77}
 35%|███▌      | 655/1855 [13:06<24:35,  1.23s/it]lead: 1
pred mean: 5.719872951507568
lead: 3
pred mean: 5.70237922668457
lead: 2
pred mean: 5.697731018066406
lead: 1
pred mean: 5.708034992218018
lead: 5
pred mean: 5.7086005210876465
lead: 1
pred mean: 5.700705528259277
lead: 4
pred mean: 5.70268440246582
lead: 3
pred mean: 5.699282646179199
 35%|███▌      | 656/1855 [13:07<24:29,  1.23s/it]lead: 4
pred mean: 5.699537754058838
lead: 1
pred mean: 5.716581344604492
lead: 3
pred mean: 5.716080665588379
lead: 2
pred mean: 5.693953037261963
lead: 3
pred mean: 5.708326816558838
lead: 5
pred mean: 5.700122833251953
lead: 0
pred mean: 5.699342250823975
lead: 3
pred mean: 5.690539836883545
 35%|███▌      | 657/1855 [13:08<24:28,  1.23s/it]lead: 1
pred mean: 5.745241641998291
lead: 5
pred mean: 5.744972229003906
lead: 3
pred mean: 5.7354912757873535
lead: 2
pred mean: 5.740109920501709
lead: 4
pred mean: 5.738718032836914
lead: 0
pred mean: 5.725762844085693
lead: 5
pred mean: 5.734468936920166
lead: 5
pred mean: 5.742806911468506
 35%|███▌      | 658/1855 [13:09<24:11,  1.21s/it]lead: 5
pred mean: 5.755413055419922
lead: 0
pred mean: 5.7380523681640625
lead: 4
pred mean: 5.728335857391357
lead: 4
pred mean: 5.744687557220459
lead: 0
pred mean: 5.740485668182373
lead: 5
pred mean: 5.747439861297607
lead: 0
pred mean: 5.73135232925415
lead: 4
pred mean: 5.7406086921691895
 36%|███▌      | 659/1855 [13:11<24:03,  1.21s/it]lead: 0
pred mean: 5.755551815032959
lead: 0
pred mean: 5.754726409912109
lead: 1
pred mean: 5.768742561340332
lead: 4
pred mean: 5.749419689178467
lead: 0
pred mean: 5.7611403465271
lead: 4
pred mean: 5.755340576171875
lead: 1
pred mean: 5.754321575164795
lead: 2
pred mean: 5.7487406730651855
 36%|███▌      | 660/1855 [13:12<23:50,  1.20s/it]                                                  {'loss': 11.2255, 'learning_rate': 0.00016276855000112004, 'epoch': 1.78}
 36%|███▌      | 660/1855 [13:12<23:50,  1.20s/it]lead: 0
pred mean: 5.733126163482666
lead: 2
lead: 5pred mean:
 5.724467754364014
pred mean: 5.7396464347839355
lead: 3
lead: 2
pred mean: 5.7420830726623535
pred mean: 5.7301249504089355
lead: 1
pred mean: 5.744399070739746
lead: 0
pred mean: 5.752106666564941
lead: 1
pred mean: 5.738762855529785
 36%|███▌      | 661/1855 [13:13<23:46,  1.19s/it]lead: 2
pred mean: 5.77768087387085
lead: 3
pred mean: 5.7952094078063965
lead: 5
pred mean: 5.776840686798096
lead: 3
lead: 3
pred mean: 5.788987159729004
pred mean: 5.778292655944824
lead: 3
pred mean: 5.791821479797363
lead: 3
pred mean: 5.779561996459961
lead: 4
pred mean: 5.783699035644531
 36%|███▌      | 662/1855 [13:14<23:37,  1.19s/it]lead: 3
pred mean: 5.774069786071777
lead: 5
pred mean: 5.762722015380859
lead: 1
lead: 0
pred mean: 5.7556538581848145
pred mean: 5.7728800773620605
lead: 2
pred mean: 5.770457744598389
lead: 5
pred mean: 5.754225254058838
lead: 5
pred mean: 5.7540388107299805
lead: 5
pred mean: 5.76931619644165
 36%|███▌      | 663/1855 [13:15<23:37,  1.19s/it]lead: 2
pred mean: 5.7768473625183105
lead: 3
lead:pred mean:  45.767751693725586

pred mean: 5.770003318786621
lead: 3
pred mean: 5.7670183181762695
lead: 5
pred mean: 5.768002033233643
lead: 4
pred mean: 5.766742706298828
lead: 1
pred mean: 5.759612560272217
lead: 2
pred mean: 5.768823146820068
 36%|███▌      | 664/1855 [13:17<23:37,  1.19s/it]lead: 4
pred mean: 5.811290264129639
lead: 2
pred mean: 5.801889419555664
lead: 0
pred mean: 5.802513599395752
lead: 1
pred mean: 5.8010783195495605
lead: 4
pred mean: 5.803803443908691
lead: 5
pred mean: 5.821462154388428
lead: 2
pred mean: 5.822531700134277
lead: 2
pred mean: 5.809725284576416
 36%|███▌      | 665/1855 [13:18<23:39,  1.19s/it]                                                  {'loss': 11.1654, 'learning_rate': 0.00016203311871237994, 'epoch': 1.79}
 36%|███▌      | 665/1855 [13:18<23:39,  1.19s/it]lead: 4
pred mean: 5.780154228210449
lead: 1
pred mean: 5.792551040649414
lead: 1
pred mean: 5.784059047698975
lead: 0
pred mean: 5.799780368804932
lead: 4
pred mean: 5.779666423797607
lead: 2
pred mean: 5.783934116363525
lead: 2
pred mean: 5.7833027839660645
lead: 3
pred mean: 5.7815022468566895
 36%|███▌      | 666/1855 [13:19<23:37,  1.19s/it]lead: 0
pred mean: 5.805276393890381
lead: 5
pred mean: 5.792089939117432
lead: 2
pred mean: 5.804093360900879
lead: 5
pred mean: 5.787687301635742
lead:lead:  42

pred mean:pred mean:  5.7719755172729495.763627052307129

lead: 5
pred mean: 5.776917934417725
lead: 1
pred mean: 5.804632186889648
 36%|███▌      | 667/1855 [13:20<23:31,  1.19s/it]lead: 4
lead: pred mean:5 
5.8175811767578125
pred mean: 5.800872325897217
lead: 0
pred mean: 5.814055919647217
lead: 5
pred mean: 5.8162407875061035
lead: 3
pred mean: 5.816178321838379
lead: 1
pred mean: 5.8158087730407715
lead: 3
pred mean: 5.81331729888916
lead: 2
pred mean: 5.816760540008545
 36%|███▌      | 668/1855 [13:21<23:29,  1.19s/it]lead: 3
pred mean: 5.814190864562988
lead: 0
pred mean: 5.821110248565674
lead: 3
pred mean: 5.828929424285889
lead: 2
pred mean: 5.795884132385254
lead: 0
pred mean: 5.8251261711120605
lead: 4
pred mean: 5.797454357147217
lead: 5
pred mean: 5.814804553985596
lead: 1
pred mean: 5.816558361053467
 36%|███▌      | 669/1855 [13:23<23:26,  1.19s/it]lead: 1
pred mean: 5.837299346923828
lead: 1
pred mean: 5.8432936668396
lead: 1
pred mean: 5.8486480712890625
lead: 5
pred mean: 5.838327407836914
lead: 1
pred mean: lead:5.842768669128418 
0
pred mean: 5.83990478515625
lead: 4
pred mean: 5.8463921546936035
lead: 3
pred mean: 5.837986469268799
 36%|███▌      | 670/1855 [13:24<23:22,  1.18s/it]                                                  {'loss': 11.1028, 'learning_rate': 0.000161292192679294, 'epoch': 1.81}
 36%|███▌      | 670/1855 [13:24<23:22,  1.18s/it]lead: 1
pred mean: 5.838004112243652
lead: 0
pred mean: 5.82798957824707
lead: 2
pred mean: 5.844397068023682
lead: 2
pred mean: 5.8350749015808105
lead: 1
pred mean: 5.850818634033203
lead: 4
pred mean: 5.847231864929199
lead: 0
pred mean: 5.836299896240234
lead: 0
pred mean: 5.844483852386475
 36%|███▌      | 671/1855 [13:25<23:24,  1.19s/it]lead: 2
pred mean: 5.826173305511475
lead: 0
pred mean: 5.8142595291137695
lead: 5
pred mean: 5.836967945098877
lead: 5
pred mean: 5.8193864822387695
lead: 4
pred mean: 5.819469451904297
lead: 1
pred mean: 5.8175129890441895
lead: 4
pred mean: 5.819464206695557
lead: 2
pred mean: 5.8107500076293945
 36%|███▌      | 672/1855 [13:26<23:23,  1.19s/it]lead: 3
pred mean: 5.868389129638672
lead: 3
lead: 5
pred mean: 5.851928234100342
pred mean: 5.850550651550293
lead: 2
lead: 5
pred mean: 5.865222930908203
pred mean: 5.842258930206299
lead: 5
pred mean: 5.837530136108398
lead: 1
pred mean: 5.8391289710998535
lead: 5
pred mean: 5.852700710296631
 36%|███▋      | 673/1855 [13:27<23:14,  1.18s/it]lead: 3
pred mean: 5.870357513427734
lead: 5
pred mean: 5.880041599273682
lead: 0
pred mean: 5.891018390655518
lead: 4
pred mean: 5.8841681480407715
lead: 3
pred mean: 5.882215976715088
lead: 0
pred mean: 5.8683390617370605
lead: 2
pred mean: 5.892920017242432
lead: 4
pred mean: 5.887639999389648
 36%|███▋      | 674/1855 [13:28<23:15,  1.18s/it]lead: 2
pred mean: 5.907748699188232
lead: 4
pred mean: 5.903748989105225
lead: 3
pred mean: 5.90453577041626
lead: 2
pred mean: 5.897918224334717
lead: 4
pred mean: 5.895409107208252
lead: 2
pred mean: 5.900080680847168
lead: 5
pred mean: 5.8932785987854
lead: 3
pred mean: 5.886270046234131
 36%|███▋      | 675/1855 [13:30<23:18,  1.18s/it]                                                  {'loss': 11.0435, 'learning_rate': 0.0001605458375313068, 'epoch': 1.82}
 36%|███▋      | 675/1855 [13:30<23:18,  1.18s/it]lead: 2
pred mean: 5.838216304779053
lead: 3
pred mean: 5.830541610717773
lead: 1
pred mean: 5.820350170135498
lead: 0
pred mean: 5.8346686363220215
lead: 4
pred mean: 5.841712951660156
lead: 5
pred mean: 5.847179412841797
lead: 1
pred mean: 5.806547164916992
lead: 1
pred mean: 5.824030876159668
 36%|███▋      | 676/1855 [13:31<23:23,  1.19s/it]lead: 4
pred mean: 5.875085353851318
lead: 3
pred mean: 5.875791072845459
lead: 1
pred mean: 5.874838829040527
lead: 5
pred mean: 5.882413387298584
lead: 0
lead:pred mean:  25.8651275634765625

pred mean: 5.875880241394043
lead: 5
pred mean: 5.878425121307373
lead: 3
pred mean: 5.868488311767578
 36%|███▋      | 677/1855 [13:32<23:23,  1.19s/it]lead: 2
pred mean: 5.93322229385376
lead: 1
pred mean: 5.9412126541137695
lead: 4
pred mean: 5.931674480438232
lead: 2
pred mean: 5.9323272705078125
lead: 1
pred mean: 5.933744430541992
lead: 3
pred mean: 5.937375545501709
lead: 0
pred mean: 5.941791534423828
lead: 2
pred mean: 5.942492961883545
 37%|███▋      | 678/1855 [13:33<23:26,  1.19s/it]lead: 0
pred mean: 5.9194793701171875
lead: 5
pred mean: 5.925716400146484
lead: 2
pred mean: 5.919828414916992
lead: 1
pred mean: 5.918887138366699
lead: 3
pred mean: 5.929886341094971
lead: 3
pred mean: 5.938354015350342
lead: 5
pred mean: 5.930685043334961
lead: 1
pred mean: 5.917313575744629
 37%|███▋      | 679/1855 [13:34<23:20,  1.19s/it]lead: 2
pred mean: 5.885592937469482
lead: 5
pred mean: 5.886758327484131
lead: 3
pred mean: 5.920757293701172
lead: 1
pred mean: 5.881964206695557
lead: 3
pred mean: 5.918604850769043
lead: 3
pred mean: 5.910925388336182
lead: 1
pred mean: 5.879611492156982
lead: 3
pred mean: 5.907419204711914
 37%|███▋      | 680/1855 [13:36<23:20,  1.19s/it]                                                  {'loss': 10.9821, 'learning_rate': 0.00015979411937876102, 'epoch': 1.83}
 37%|███▋      | 680/1855 [13:36<23:20,  1.19s/it]lead: 3
pred mean: 5.903656959533691
lead: 1
pred mean: 5.847353935241699
lead: 1
pred mean: 5.844367980957031
lead: 3
pred mean: 5.875988960266113
lead: 3
pred mean: 5.858924865722656
lead: 2
pred mean: 5.856522083282471
lead: 2
pred mean: 5.870656967163086
lead: 5
pred mean: 5.867297649383545
 37%|███▋      | 681/1855 [13:37<23:17,  1.19s/it]lead: 3
pred mean: 5.956053256988525
lead: 1
pred mean: 5.937618255615234
lead: 2
pred mean: 5.943730354309082
lead: 0
pred mean: 5.931458950042725
lead: 3
pred mean: 5.964260578155518
lead: 0
pred mean: 5.945539951324463
lead: 5
pred mean: 5.9449462890625
lead: 5
pred mean: 5.9368181228637695
 37%|███▋      | 682/1855 [13:38<23:18,  1.19s/it]lead: 5
pred mean: 5.944455623626709
lead: 5
pred mean: 5.9303412437438965
lead: 5
pred mean: 5.9286651611328125
lead: 2
pred mean: 5.941699504852295
lead: 0
pred mean: 5.942226886749268
lead: 2
pred mean: 5.942103385925293
lead: 2
pred mean: 5.935090065002441
lead: 3
pred mean: 5.942281246185303
 37%|███▋      | 683/1855 [13:39<23:14,  1.19s/it]lead: 1
pred mean: 5.989198207855225
lead: 5
pred mean: 5.983682155609131
lead: 2
pred mean: 5.97853946685791
lead: 5
pred mean: 5.970532417297363
lead: 0
pred mean: 5.984469890594482
lead: 1
pred mean: 5.9806599617004395
lead: 4
pred mean: 5.982906341552734
lead: 0
pred mean: 5.9698309898376465
 37%|███▋      | 684/1855 [13:40<23:13,  1.19s/it]lead: 0
pred mean: 5.903807163238525
lead: 3
pred mean: 5.8841118812561035
lead: 2
pred mean: 5.913997650146484
lead: 0
pred mean: 5.928093910217285
lead: 2
pred mean: 5.918270111083984
lead: 1
pred mean: 5.905710220336914
lead: 1
pred mean: 5.910928726196289
lead: 1
pred mean: 5.920525550842285
 37%|███▋      | 685/1855 [13:42<23:23,  1.20s/it]                                                  {'loss': 10.9247, 'learning_rate': 0.00015903710480704125, 'epoch': 1.85}
 37%|███▋      | 685/1855 [13:42<23:23,  1.20s/it]lead: 3
pred mean: 5.931491374969482
lead: 2
pred mean: 5.938547134399414
lead: 1
pred mean: 5.938106536865234
lead: 2
pred mean: 5.948824405670166
lead: 3
pred mean: 5.9166131019592285
lead: 4
pred mean: 5.9526047706604
lead: 4
pred mean: 5.927419662475586
lead: 4
pred mean: 5.941611289978027
 37%|███▋      | 686/1855 [13:43<23:28,  1.20s/it]lead: 2
pred mean: 5.947633266448975
lead: 4
pred mean: 5.94594669342041
lead: 4
pred mean: 5.9803032875061035
lead: 5
pred mean: 5.94964075088501
lead: 2
pred mean: 5.957901477813721
lead: 1
pred mean: 5.960875034332275
lead: 3
pred mean: 5.945824146270752
lead: 4
pred mean: 5.9634552001953125
 37%|███▋      | 687/1855 [13:44<23:29,  1.21s/it]lead: 5
pred mean: 5.999597549438477
lead: 5
pred mean: 5.988187789916992
lead: 4
pred mean: 5.991700649261475
lead: 4
pred mean: 5.994848251342773
lead: 4
pred mean: 6.001946449279785
lead: 1
pred mean: 6.0013813972473145
lead: 3
pred mean: 5.980752944946289
lead: 5
pred mean: 5.991135120391846
 37%|███▋      | 688/1855 [13:45<23:21,  1.20s/it]lead: 3
pred mean: 5.98479700088501
lead: 4
pred mean: 6.0042009353637695
lead: 5
pred mean: 5.993504047393799
lead: 0
pred mean: 5.967970371246338
lead: 2
pred mean: 5.9788498878479
lead: 3
pred mean: 5.989507675170898
lead: 3
pred mean: 5.992061614990234
lead: 4
pred mean: 5.982138633728027
 37%|███▋      | 689/1855 [13:46<23:15,  1.20s/it]lead: 2
pred mean: 6.0038676261901855
lead: 1
pred mean: 5.973991870880127
lead: 2
pred mean: 5.991973400115967
lead: 1
pred mean: 5.983644008636475
lead: 4
pred mean: 5.99273157119751
lead: 2
pred mean: 5.995386123657227
lead: 3
pred mean: 5.995506763458252
lead: 3
pred mean: 5.994400978088379
 37%|███▋      | 690/1855 [13:48<23:10,  1.19s/it]                                                  {'loss': 10.8643, 'learning_rate': 0.00015827486087067612, 'epoch': 1.86}
 37%|███▋      | 690/1855 [13:48<23:10,  1.19s/it]lead: 4
pred mean: 5.969399929046631
lead: 2
pred mean: 5.984076976776123
lead: 0
pred mean: 5.9831953048706055
lead: 1
pred mean: 5.970937728881836
lead: 1
pred mean: 5.981568813323975
lead: 0
pred mean: 5.991879940032959
lead: 0
pred mean: 5.975057125091553
lead: 5
pred mean: 5.999152660369873
 37%|███▋      | 691/1855 [13:49<23:08,  1.19s/it]lead: 1
pred mean: 5.9771409034729
lead: 0
pred mean: 6.011105060577393
lead: 4
pred mean: 6.019984245300293
lead: 1
pred mean: 5.986225128173828
lead: 4
pred mean: 5.997156143188477
lead: 4
pred mean: 6.005148887634277
lead: 3
pred mean: 6.0202717781066895
lead: 3
pred mean: 6.02064847946167
 37%|███▋      | 692/1855 [13:50<23:09,  1.19s/it]lead: 1
pred mean: 6.014892578125
lead: 4
pred mean: 5.999997615814209
lead: 2
pred mean: 6.008413314819336
lead: 1
pred mean: 6.010112762451172
lead: 0
pred mean: 6.008573055267334
lead: 3
pred mean: 6.015918731689453
lead: 1
pred mean: 6.013868808746338
lead: 0
pred mean: 6.013329029083252
 37%|███▋      | 693/1855 [13:51<23:04,  1.19s/it]lead: 3
pred mean: 6.051538467407227
lead: 4
pred mean: 6.0520782470703125
lead: 0
pred mean: 6.04461145401001
lead: 2
pred mean: 6.024996280670166
lead: 1
pred mean: 6.0276055335998535
lead: 0
pred mean: 6.035956859588623
lead: 2
pred mean: 6.028170108795166
lead: 4
pred mean: 6.049912452697754
 37%|███▋      | 694/1855 [13:52<22:59,  1.19s/it]lead: 4
pred mean: 6.027955055236816
lead: 3
pred mean: 6.030004501342773
lead: 2
pred mean: 6.02312707901001
lead: 2
lead: 1
pred mean: 6.030555725097656
pred mean: 6.035960674285889
lead: 2
pred mean: 6.018718719482422
lead: 2
pred mean: 6.021435737609863
lead: 1
pred mean: 6.023784637451172
 37%|███▋      | 695/1855 [13:54<22:59,  1.19s/it]                                                  {'loss': 10.8034, 'learning_rate': 0.00015750745508739887, 'epoch': 1.87}
 37%|███▋      | 695/1855 [13:54<22:59,  1.19s/it]lead: 4
pred mean: 6.029597282409668
lead: 2
pred mean: 5.998246192932129
lead: 0
lead: 4
pred mean: 6.02202033996582
pred mean: 6.0199055671691895
lead: 1
pred mean: 6.013979911804199
lead: 1
pred mean: 6.022907257080078
lead: 0
pred mean: 6.037045955657959
lead: 3
pred mean: 6.027298450469971
 38%|███▊      | 696/1855 [13:55<22:54,  1.19s/it]lead: 4
pred mean: 6.04405403137207
lead: 5
pred mean: 6.050141334533691
lead: 5
pred mean: 6.042496681213379
lead: 5
pred mean: 6.032530307769775
lead: 2
lead: 2
pred mean: 6.034916877746582
pred mean: 6.043249607086182
lead: 3
pred mean: 6.041201591491699
lead: 1
pred mean: 6.039738178253174
 38%|███▊      | 697/1855 [13:56<22:52,  1.19s/it]lead: 3
pred mean: 6.0474395751953125
lead: 0
pred mean: 6.041383266448975
lead: 2
pred mean: 6.037672519683838
lead: 1
pred mean: 6.040435314178467
lead: 2
pred mean: 6.02794075012207
lead: 4
pred mean: 6.057092666625977
lead: 5
pred mean: 6.053403377532959
lead: 0
pred mean: 6.045427322387695
 38%|███▊      | 698/1855 [13:57<22:50,  1.18s/it]lead: 1
pred mean: 6.069182872772217
lead: 1
pred mean: 6.083721160888672
lead: 1
lead: 1
pred mean: 6.077305793762207
pred mean: 6.065265655517578
lead: 2
pred mean: 6.067180156707764
lead: 2
lead:pred mean:  26.0840373039245605

pred mean: 6.093783855438232
lead: 2
pred mean: 6.0666961669921875
 38%|███▊      | 699/1855 [13:58<22:51,  1.19s/it]lead: 3
pred mean: 6.040316104888916
lead: 1
pred mean: 6.067610740661621
lead: 5
pred mean: 6.0611252784729
lead: 0
pred mean: 6.041543960571289
lead: 1
pred mean: 6.071005821228027
lead: 0
pred mean: 6.041543483734131
lead: 5
pred mean: 6.059464454650879
lead: 4
pred mean: 6.048887252807617
 38%|███▊      | 700/1855 [13:59<22:55,  1.19s/it]                                                  {'loss': 10.7438, 'learning_rate': 0.00015673495543216669, 'epoch': 1.89}
 38%|███▊      | 700/1855 [13:59<22:55,  1.19s/it]lead: 3
pred mean: 6.066653251647949
lead: 2
pred mean: 6.067941188812256
lead: 1
pred mean: 6.073628902435303
lead: 0
pred mean: 6.063727855682373
lead: 3
pred mean: 6.057371139526367
lead: 5
lead: 2
pred mean: 6.063090801239014
pred mean: 6.059881210327148
lead: 4
pred mean: 6.072144985198975
 38%|███▊      | 701/1855 [14:01<22:52,  1.19s/it]lead: 4
pred mean: 6.084372520446777
lead: 4
lead: pred mean:3 
6.0859174728393555
pred mean: 6.077234268188477
lead: 3
pred mean: 6.07597541809082
lead: 5
pred mean: 6.071502208709717
lead: 1
pred mean: 6.075344562530518
lead: 5
pred mean: 6.0650224685668945
lead: 3
pred mean: 6.07283878326416
 38%|███▊      | 702/1855 [14:02<22:44,  1.18s/it]lead: 0
lead:pred mean:  56.113589286804199

lead: 5
pred mean: 6.103343486785889
pred mean: 6.085529327392578
lead: 0
pred mean: 6.109989643096924
lead: 1
pred mean: 6.099668025970459
lead: 1
pred mean: 6.092896461486816
lead: 4
pred mean: 6.1025872230529785
lead: 4
pred mean: 6.102018356323242
 38%|███▊      | 703/1855 [14:03<22:45,  1.19s/it]lead: 5
pred mean: 6.127630233764648
lead: 2
lead: 3
pred mean: 6.111867904663086
pred mean: 6.105539321899414
lead: 3
lead: 3
pred mean: 6.119112968444824
pred mean: 6.106114387512207
lead: 2
pred mean: 6.112884521484375
lead: 3
pred mean: 6.111575126647949
lead: 2
pred mean: 6.102578639984131
 38%|███▊      | 704/1855 [14:04<22:44,  1.19s/it]lead: 1
lead: 0
pred mean: 6.087501049041748
pred mean: 6.091558933258057
lead: 2
pred mean: 6.106452941894531
lead: 5
pred mean: 6.109508514404297
lead: 4
pred mean: 6.101535320281982
lead: 1
pred mean: 6.107993125915527
lead: 5
pred mean: 6.091293811798096
lead: 3
pred mean: 6.095734596252441
 38%|███▊      | 705/1855 [14:05<22:41,  1.18s/it]                                                  {'loss': 10.6856, 'learning_rate': 0.0001559574303311397, 'epoch': 1.9}
 38%|███▊      | 705/1855 [14:05<22:41,  1.18s/it]lead:lead:  5
4
pred mean: pred mean:6.081890106201172 
6.076231002807617
lead: 5
pred mean: 6.057295799255371
lead: 1
pred mean: 6.085921287536621
lead: 1
pred mean: 6.070158004760742
lead: 2
pred mean: 6.079030990600586
lead: 5
pred mean: 6.074092864990234
lead: 5
pred mean: 6.083614349365234
 38%|███▊      | 706/1855 [14:07<22:31,  1.18s/it]lead: 5
pred mean: 6.128096580505371
lead: 2
pred mean: 6.1113409996032715
lead: 4
pred mean: 6.123833179473877
lead: 1
pred mean: 6.1259589195251465
lead: 1
pred mean: 6.138571739196777
lead: 2
lead: 4
pred mean: 6.133604526519775
pred mean: 6.115054130554199
lead: 3
pred mean: 6.123015880584717
 38%|███▊      | 707/1855 [14:08<22:34,  1.18s/it]lead: 5
lead: 3
pred mean: 6.161343097686768
pred mean: 6.1730241775512695
lead: 0
pred mean: 6.145967960357666
lead: 1
pred mean: 6.157034873962402
lead: 2
pred mean: 6.1601996421813965
lead: 3
pred mean: 6.165979385375977
lead: 0
pred mean: 6.14982795715332
lead: 4
pred mean: 6.156832218170166
 38%|███▊      | 708/1855 [14:09<22:34,  1.18s/it]lead: 4
pred mean: 6.136002540588379
lead: 4
pred mean: 6.138652801513672
lead: 4
pred mean: 6.1378493309021
lead: 0
pred mean: 6.1405792236328125
lead: 1
lead: 4
pred mean: 6.158528804779053
pred mean: 6.1583476066589355
lead: 0
pred mean: 6.1450090408325195
lead: 1
pred mean: 6.141909122467041
 38%|███▊      | 709/1855 [14:10<22:36,  1.18s/it]lead: 1
pred mean: 6.136501312255859
lead: 4
pred mean: 6.1353864669799805
lead: 2
pred mean: 6.112496852874756
lead: 1
pred mean: 6.141053199768066
lead: 3
pred mean: 6.127034664154053
lead: 4
pred mean: 6.116076946258545
lead: 5
pred mean: 6.130258560180664
lead: 3
pred mean: 6.132244110107422
 38%|███▊      | 710/1855 [14:11<22:41,  1.19s/it]                                                  {'loss': 10.6265, 'learning_rate': 0.00015517494865561988, 'epoch': 1.91}
 38%|███▊      | 710/1855 [14:11<22:41,  1.19s/it]lead: 4
pred mean: 6.120288372039795
lead: 1
pred mean: 6.103711128234863
lead: 1
pred mean: 6.113348007202148
lead: 0
pred mean: 6.097188472747803
lead: 4
pred mean: 6.102395534515381
lead: 3
pred mean: 6.107370376586914
lead: 5
pred mean: 6.1304216384887695
lead: 1
pred mean: 6.105566501617432
 38%|███▊      | 711/1855 [14:12<22:40,  1.19s/it]lead: 4
pred mean: 6.185000419616699
lead: 4
pred mean: 6.18046760559082
lead: 5
pred mean: 6.143550872802734
lead: 0
pred mean: 6.152087688446045
lead: 2
pred mean: 6.159520149230957
lead: 3
pred mean: 6.16442346572876
lead: 3
pred mean: 6.168419361114502
lead: 1
pred mean: 6.1677045822143555
 38%|███▊      | 712/1855 [14:14<22:44,  1.19s/it]lead: 4
pred mean: 6.2009453773498535
lead: 3
pred mean: 6.196908950805664
lead: 5
pred mean: 6.187101364135742
lead: 0
pred mean: 6.186351299285889
lead: 2
pred mean: 6.194636344909668
lead: 2
pred mean: 6.171754360198975
lead: 4
pred mean: 6.2020440101623535
lead: 1
pred mean: 6.1981611251831055
 38%|███▊      | 713/1855 [14:15<22:46,  1.20s/it]lead: 1
pred mean: 6.173489093780518
lead: 5
pred mean: 6.158191680908203
lead: 5
lead:pred mean:  26.18743371963501

pred mean: 6.158697128295898
lead: 4
pred mean: 6.170527458190918
lead: 5
pred mean: 6.160556316375732
lead: 5
pred mean: 6.152876377105713
lead: 5
pred mean: 6.1697773933410645
 38%|███▊      | 714/1855 [14:16<22:41,  1.19s/it]lead: 4
pred mean: 6.180509567260742
lead: 5
pred mean: 6.167527198791504
lead: 3
pred mean: 6.154676914215088
lead: 5
pred mean: 6.1661882400512695
lead: 1
pred mean: 6.175181865692139
lead: 5
pred mean: 6.170731544494629
lead: 0
pred mean: 6.189097881317139
lead: 3
pred mean: 6.169379711151123
 39%|███▊      | 715/1855 [14:17<22:38,  1.19s/it]                                                  {'loss': 10.5671, 'learning_rate': 0.00015438757971595067, 'epoch': 1.93}
 39%|███▊      | 715/1855 [14:17<22:38,  1.19s/it]lead: 3
pred mean: 6.177801132202148
lead: 4
pred mean: 6.192376136779785
lead: 4
pred mean: 6.179727077484131
lead: 0
pred mean: 6.188368797302246
lead: 1
pred mean: 6.184701919555664
lead: 3
pred mean: 6.192819595336914
lead: 0
pred mean: 6.180824279785156
lead: 4
pred mean: 6.186131477355957
 39%|███▊      | 716/1855 [14:18<22:48,  1.20s/it]lead: 4
pred mean: 6.1839518547058105
lead: 5
pred mean: 6.2139763832092285
lead: 5
pred mean: 6.211416244506836
lead: 1
pred mean: 6.194843292236328
lead: 2
pred mean: 6.199487686157227
lead: 1
pred mean: 6.200228214263916
lead: 2
pred mean: 6.207731246948242
lead: 0
pred mean: 6.2265801429748535
 39%|███▊      | 717/1855 [14:20<22:40,  1.20s/it]lead: 2
pred mean: 6.214386940002441
lead: 4
pred mean: 6.194096088409424
lead: 2
pred mean: 6.228667736053467
lead: 2
pred mean: 6.219695568084717
lead: 4
pred mean: 6.202607154846191
lead: 2
pred mean: 6.205591201782227
lead: 2
pred mean: 6.199134826660156
lead: 1
pred mean: 6.198326587677002
 39%|███▊      | 718/1855 [14:21<22:51,  1.21s/it]lead: 2
pred mean: 6.214343547821045
lead: 4
pred mean: 6.199432373046875
lead: 3
pred mean: 6.214438438415527
lead: 2
pred mean: 6.201417446136475
lead: 5
pred mean: 6.222995281219482
lead: 0
pred mean: 6.214463233947754
lead: 2
pred mean: 6.224974155426025
lead: 2
pred mean: 6.211426734924316
 39%|███▉      | 719/1855 [14:22<22:55,  1.21s/it]lead: 5
pred mean: 6.198179721832275
lead: 0
pred mean: 6.168442726135254
lead: 3
pred mean: 6.19420862197876
lead: 0
pred mean: 6.1865668296813965
lead: 1
pred mean: 6.183018684387207
lead: 0
pred mean: 6.178654193878174
lead: 5
pred mean: 6.185192108154297
lead: 0
pred mean: 6.189205169677734
 39%|███▉      | 720/1855 [14:23<22:48,  1.21s/it]                                                  {'loss': 10.5079, 'learning_rate': 0.00015359539325537758, 'epoch': 1.94}
 39%|███▉      | 720/1855 [14:23<22:48,  1.21s/it]lead: 5
pred mean: 6.2245283126831055
lead: 4
pred mean: 6.208437919616699
lead: 2
pred mean: 6.19161319732666
lead: 1
pred mean: 6.230920791625977
lead: 0
pred mean: 6.209890365600586
lead: 1
pred mean: 6.213379859924316
lead: 4
pred mean: 6.208251953125
lead: 3
pred mean: 6.2102227210998535
 39%|███▉      | 721/1855 [14:24<22:42,  1.20s/it]lead: 4
pred mean: 6.263573169708252
lead: 5
pred mean: 6.242137908935547
lead: 1
pred mean: 6.255373954772949
lead: 1
pred mean: 6.250035285949707
lead: 2
pred mean: 6.239647388458252
lead: 2
pred mean: 6.230578899383545
lead: 3
pred mean: 6.235161781311035
lead: 1
pred mean: 6.243112087249756
 39%|███▉      | 722/1855 [14:26<22:37,  1.20s/it]lead: 2
pred mean: 6.2417168617248535
lead: 2
pred mean: 6.2623796463012695
lead: 0
pred mean: 6.270506381988525
lead: 4
pred mean: 6.264242172241211
lead: 0
pred mean: 6.257032871246338
lead:lead:  31

pred mean:pred mean:  6.2688288688659676.245490550994873

lead: 4
pred mean: 6.255341529846191
 39%|███▉      | 723/1855 [14:27<22:36,  1.20s/it]lead: 1
pred mean: 6.236361026763916
lead: 4
pred mean: 6.244691371917725
lead: 4
pred mean: 6.2315568923950195
lead: 2
lead: 3
pred mean: 6.230411052703857
pred mean: 6.236149311065674
lead: 4
pred mean: 6.24179220199585
lead: 4
pred mean: 6.244945049285889
lead: 5
pred mean: 6.229022979736328
 39%|███▉      | 724/1855 [14:28<22:26,  1.19s/it]lead: 0
pred mean: 6.266299247741699
lead: 2
pred mean: 6.248854160308838
lead: 5
pred mean: 6.2507243156433105
lead: 5
pred mean: 6.251803874969482
lead: 4
pred mean: 6.2417311668396
lead: 4
pred mean: 6.260690689086914
lead: 1
pred mean: 6.2556681632995605
lead: 5
pred mean: 6.2523512840271
 39%|███▉      | 725/1855 [14:29<22:24,  1.19s/it]                                                  {'loss': 10.4508, 'learning_rate': 0.00015279845944387059, 'epoch': 1.95}
 39%|███▉      | 725/1855 [14:29<22:24,  1.19s/it]lead: 1
pred mean: 6.256570339202881
lead: 2
pred mean: 6.247661590576172
lead: 4
pred mean: 6.238083362579346
lead: 5
pred mean: 6.251599311828613
lead:lead:  43

pred mean:pred mean:  6.24516773223876956.244138240814209

lead: 5
pred mean: 6.240830421447754
lead: 4
pred mean: 6.24572229385376
 39%|███▉      | 726/1855 [14:30<22:16,  1.18s/it]lead: 2
pred mean: 6.2580246925354
lead: 5
lead: 5
pred mean: 6.264517784118652
pred mean: 6.287269592285156
lead: 4
pred mean: 6.26982307434082
lead: 3
pred mean: 6.264355659484863
lead: 0
pred mean: 6.250955581665039
lead: 0
pred mean: 6.279609203338623
lead: 3
pred mean: 6.263359546661377
 39%|███▉      | 727/1855 [14:32<22:14,  1.18s/it]lead: lead:2 
2
pred mean:pred mean:  6.2887954711914066.280482292175293

lead: 0
pred mean: 6.275701999664307
lead: 3
pred mean: 6.286056995391846
lead: 0
pred mean: 6.280372142791748
lead: 2
pred mean: 6.299829483032227
lead: 5
pred mean: 6.280354976654053
lead: 4
pred mean: 6.2878851890563965
 39%|███▉      | 728/1855 [14:33<22:09,  1.18s/it]lead: 2
pred mean: 6.296776294708252
lead: 0
pred mean: 6.295510768890381
lead: 5
pred mean: 6.256511688232422
lead: 0
pred mean: 6.273129940032959
lead: 2
pred mean: 6.274477958679199
lead: 0
pred mean: 6.2979736328125
lead: 2
pred mean: 6.270586013793945
lead: 4
pred mean: 6.270331859588623
 39%|███▉      | 729/1855 [14:34<22:08,  1.18s/it]lead: 4
pred mean: 6.281745433807373
lead: 1
pred mean: 6.267541885375977
lead: 4
pred mean: 6.2882981300354
lead: 2
pred mean: 6.280345439910889
lead: 4
pred mean: 6.272677898406982
lead: 0
pred mean: 6.274682998657227
lead: 4
pred mean: 6.265897750854492
lead: 2
pred mean: 6.3031086921691895
 39%|███▉      | 730/1855 [14:35<22:09,  1.18s/it]                                                  {'loss': 10.392, 'learning_rate': 0.0001519968488719085, 'epoch': 1.97}
 39%|███▉      | 730/1855 [14:35<22:09,  1.18s/it]lead: 2
pred mean: 6.3253326416015625
lead: 2
pred mean: 6.321701526641846
lead: 0
pred mean: 6.313718318939209
lead: 0
pred mean: 6.314340591430664
lead: 1
pred mean: 6.324789047241211
lead: 2
pred mean: 6.3285956382751465
lead: 3
pred mean: 6.337525844573975
lead: 3
pred mean: 6.317632675170898
 39%|███▉      | 731/1855 [14:36<22:07,  1.18s/it]lead: 2
pred mean: 6.328392505645752
lead: 5
pred mean: 6.331916809082031
lead: 2
pred mean: 6.311618328094482
lead: 4
pred mean: 6.3185648918151855
lead: 5
lead: 0
pred mean: 6.329980850219727
pred mean: 6.347574234008789
lead: 1
pred mean: 6.3264923095703125
lead: 4
pred mean: 6.310254096984863
 39%|███▉      | 732/1855 [14:37<22:08,  1.18s/it]lead: 0
pred mean: 6.305983066558838
lead: 5
pred mean: 6.299402713775635
lead: 3
pred mean: 6.290800094604492
lead: 4
lead: 5
pred mean: 6.3047285079956055
pred mean: 6.2995452880859375
lead: 3
pred mean: 6.2919487953186035
lead: 5
pred mean: 6.286890029907227
lead: 2
pred mean: 6.284274578094482
 40%|███▉      | 733/1855 [14:39<22:08,  1.18s/it]lead: 0
pred mean: 6.31549072265625
lead: 3
pred mean: 6.296026706695557
lead: 1
pred mean: 6.312557220458984
lead: 1
pred mean: 6.315503120422363
lead: 2
pred mean: 6.2971367835998535
lead: 4
pred mean: 6.326636791229248
lead: 1
pred mean: 6.296423435211182
lead: 0
pred mean: 6.3048248291015625
 40%|███▉      | 734/1855 [14:40<22:01,  1.18s/it]lead: 5
pred mean: 6.336226463317871
lead: 5
pred mean: 6.34942102432251
lead: 0
pred mean: 6.349307537078857
lead: 0
pred mean: 6.334681510925293
lead: 1
pred mean: 6.333855152130127
lead: 3
pred mean: 6.336282253265381
lead: 5
pred mean: 6.354048252105713
lead: 2
pred mean: 6.335217475891113
 40%|███▉      | 735/1855 [14:41<21:59,  1.18s/it]                                                  {'loss': 10.3344, 'learning_rate': 0.0001511906325442264, 'epoch': 1.98}
 40%|███▉      | 735/1855 [14:41<21:59,  1.18s/it]lead: 5
pred mean: 6.341292381286621
lead: 5
pred mean: 6.344977855682373
lead: 5
pred mean: 6.3351359367370605
lead: 1
pred mean: 6.344983100891113
lead: 1
pred mean: 6.328148365020752
lead: 0
pred mean: 6.342360019683838
lead: 4
pred mean: 6.337620258331299
lead: 3
pred mean: 6.359112739562988
 40%|███▉      | 736/1855 [14:42<22:00,  1.18s/it]lead: 3
pred mean: 6.333455562591553
lead: 5
pred mean: 6.310385704040527
lead: 4
pred mean: 6.317115783691406
lead: 4
pred mean: 6.324232578277588
lead: 2
pred mean: 6.315088272094727
lead: 5
pred mean: 6.320346355438232
lead: 0
pred mean: 6.331338405609131
lead: 4
pred mean: 6.303504467010498
 40%|███▉      | 737/1855 [14:43<21:51,  1.17s/it]lead: 3
pred mean: 6.359408378601074
lead: 1
pred mean: 6.355428695678711
lead: 4
pred mean: 6.36669397354126
lead: 2
pred mean: 6.359524250030518
lead: 0
pred mean: 6.3481974601745605
lead: 3
pred mean: 6.349144458770752
lead: 3
pred mean: 6.360507488250732
lead: 0
pred mean: 6.354435920715332
 40%|███▉      | 738/1855 [14:45<21:53,  1.18s/it]lead: 4
pred mean: 6.35756778717041
lead: 0
lead: 1
pred mean: 6.376310348510742
pred mean: 6.351901531219482
lead: 2
pred mean: 6.359946250915527
lead: 3
pred mean: 6.362333297729492
lead: 5
pred mean: 6.359936237335205
lead: 5
pred mean: 6.368752956390381
lead: 4
pred mean: 6.36226749420166
 40%|███▉      | 739/1855 [14:46<21:55,  1.18s/it]lead: 4
pred mean: 6.370761394500732
lead: 4
pred mean: 6.358105182647705
lead: 0
pred mean: 6.362279891967773
lead: 3
pred mean: 6.367880821228027
lead: 4
pred mean: 6.369748592376709
lead: 3
pred mean: 6.3795905113220215
lead: 3
pred mean: 6.369747161865234
lead: 1
pred mean: 6.379307746887207
 40%|███▉      | 740/1855 [14:47<21:52,  1.18s/it]                                                  {'loss': 10.2767, 'learning_rate': 0.00015037988187352605, 'epoch': 1.99}
 40%|███▉      | 740/1855 [14:47<21:52,  1.18s/it]lead: 2
pred mean: 6.390908718109131
lead: 2
lead: 0
pred mean: 6.388621807098389
pred mean: 6.398265361785889
lead: 2
pred mean: 6.4087605476379395
lead: 3
pred mean: 6.3899455070495605
lead: 5
pred mean: 6.3923139572143555
lead: 5
pred mean: 6.38702392578125
lead: 4
pred mean: 6.373250961303711
 40%|███▉      | 741/1855 [14:48<21:57,  1.18s/it]lead: 0
pred mean: 6.320219039916992
lead: 5
pred mean: 6.36037540435791
lead: 3
pred mean: 6.358473777770996
lead: 1
pred mean: 6.3311662673950195
lead: 5
pred mean: 6.37395715713501
lead: 3
pred mean: 6.348973274230957
lead: 3
pred mean: 6.348276138305664
lead: 0
pred mean: 6.338475227355957
 40%|████      | 742/1855 [14:49<21:07,  1.14s/it]/workspace/lutianyou/program/long-ENSO/trainer/utils.py:166: UserWarning: TypedStorage is deprecated. It will be removed in the future and UntypedStorage will be the only storage class. This should only matter to you if you are using storages directly.  To access UntypedStorage directly, use tensor.untyped_storage() instead of tensor.storage()
  storage = elem.storage()._new_shared(numel, device=elem.device)
/workspace/lutianyou/program/long-ENSO/trainer/utils.py:166: UserWarning: TypedStorage is deprecated. It will be removed in the future and UntypedStorage will be the only storage class. This should only matter to you if you are using storages directly.  To access UntypedStorage directly, use tensor.untyped_storage() instead of tensor.storage()
  storage = elem.storage()._new_shared(numel, device=elem.device)
/workspace/lutianyou/program/long-ENSO/trainer/utils.py:166: UserWarning: TypedStorage is deprecated. It will be removed in the future and UntypedStorage will be the only storage class. This should only matter to you if you are using storages directly.  To access UntypedStorage directly, use tensor.untyped_storage() instead of tensor.storage()
  storage = elem.storage()._new_shared(numel, device=elem.device)
/workspace/lutianyou/program/long-ENSO/trainer/utils.py:166: UserWarning: TypedStorage is deprecated. It will be removed in the future and UntypedStorage will be the only storage class. This should only matter to you if you are using storages directly.  To access UntypedStorage directly, use tensor.untyped_storage() instead of tensor.storage()
  storage = elem.storage()._new_shared(numel, device=elem.device)
/workspace/lutianyou/program/long-ENSO/trainer/utils.py:166: UserWarning: TypedStorage is deprecated. It will be removed in the future and UntypedStorage will be the only storage class. This should only matter to you if you are using storages directly.  To access UntypedStorage directly, use tensor.untyped_storage() instead of tensor.storage()
  storage = elem.storage()._new_shared(numel, device=elem.device)
/workspace/lutianyou/program/long-ENSO/trainer/utils.py:166: UserWarning: TypedStorage is deprecated. It will be removed in the future and UntypedStorage will be the only storage class. This should only matter to you if you are using storages directly.  To access UntypedStorage directly, use tensor.untyped_storage() instead of tensor.storage()
  storage = elem.storage()._new_shared(numel, device=elem.device)
/workspace/lutianyou/program/long-ENSO/trainer/utils.py:166: UserWarning: TypedStorage is deprecated. It will be removed in the future and UntypedStorage will be the only storage class. This should only matter to you if you are using storages directly.  To access UntypedStorage directly, use tensor.untyped_storage() instead of tensor.storage()
  storage = elem.storage()._new_shared(numel, device=elem.device)
/workspace/lutianyou/program/long-ENSO/trainer/utils.py:166: UserWarning: TypedStorage is deprecated. It will be removed in the future and UntypedStorage will be the only storage class. This should only matter to you if you are using storages directly.  To access UntypedStorage directly, use tensor.untyped_storage() instead of tensor.storage()
  storage = elem.storage()._new_shared(numel, device=elem.device)
/workspace/lutianyou/program/long-ENSO/trainer/utils.py:166: UserWarning: TypedStorage is deprecated. It will be removed in the future and UntypedStorage will be the only storage class. This should only matter to you if you are using storages directly.  To access UntypedStorage directly, use tensor.untyped_storage() instead of tensor.storage()
  storage = elem.storage()._new_shared(numel, device=elem.device)
/workspace/lutianyou/program/long-ENSO/trainer/utils.py:166: UserWarning: TypedStorage is deprecated. It will be removed in the future and UntypedStorage will be the only storage class. This should only matter to you if you are using storages directly.  To access UntypedStorage directly, use tensor.untyped_storage() instead of tensor.storage()
  storage = elem.storage()._new_shared(numel, device=elem.device)
/workspace/lutianyou/program/long-ENSO/trainer/utils.py:166: UserWarning: TypedStorage is deprecated. It will be removed in the future and UntypedStorage will be the only storage class. This should only matter to you if you are using storages directly.  To access UntypedStorage directly, use tensor.untyped_storage() instead of tensor.storage()
  storage = elem.storage()._new_shared(numel, device=elem.device)
/workspace/lutianyou/program/long-ENSO/trainer/utils.py:166: UserWarning: TypedStorage is deprecated. It will be removed in the future and UntypedStorage will be the only storage class. This should only matter to you if you are using storages directly.  To access UntypedStorage directly, use tensor.untyped_storage() instead of tensor.storage()
  storage = elem.storage()._new_shared(numel, device=elem.device)
/workspace/lutianyou/program/long-ENSO/trainer/utils.py:166: UserWarning: TypedStorage is deprecated. It will be removed in the future and UntypedStorage will be the only storage class. This should only matter to you if you are using storages directly.  To access UntypedStorage directly, use tensor.untyped_storage() instead of tensor.storage()
  storage = elem.storage()._new_shared(numel, device=elem.device)
/workspace/lutianyou/program/long-ENSO/trainer/utils.py:166: UserWarning: TypedStorage is deprecated. It will be removed in the future and UntypedStorage will be the only storage class. This should only matter to you if you are using storages directly.  To access UntypedStorage directly, use tensor.untyped_storage() instead of tensor.storage()
  storage = elem.storage()._new_shared(numel, device=elem.device)
/workspace/lutianyou/program/long-ENSO/trainer/utils.py:166: UserWarning: TypedStorage is deprecated. It will be removed in the future and UntypedStorage will be the only storage class. This should only matter to you if you are using storages directly.  To access UntypedStorage directly, use tensor.untyped_storage() instead of tensor.storage()
  storage = elem.storage()._new_shared(numel, device=elem.device)
/workspace/lutianyou/program/long-ENSO/trainer/utils.py:166: UserWarning: TypedStorage is deprecated. It will be removed in the future and UntypedStorage will be the only storage class. This should only matter to you if you are using storages directly.  To access UntypedStorage directly, use tensor.untyped_storage() instead of tensor.storage()
  storage = elem.storage()._new_shared(numel, device=elem.device)
/workspace/lutianyou/program/long-ENSO/trainer/utils.py:166: UserWarning: TypedStorage is deprecated. It will be removed in the future and UntypedStorage will be the only storage class. This should only matter to you if you are using storages directly.  To access UntypedStorage directly, use tensor.untyped_storage() instead of tensor.storage()
  storage = elem.storage()._new_shared(numel, device=elem.device)
/workspace/lutianyou/program/long-ENSO/trainer/utils.py:166: UserWarning: TypedStorage is deprecated. It will be removed in the future and UntypedStorage will be the only storage class. This should only matter to you if you are using storages directly.  To access UntypedStorage directly, use tensor.untyped_storage() instead of tensor.storage()
  storage = elem.storage()._new_shared(numel, device=elem.device)
/workspace/lutianyou/program/long-ENSO/trainer/utils.py:166: UserWarning: TypedStorage is deprecated. It will be removed in the future and UntypedStorage will be the only storage class. This should only matter to you if you are using storages directly.  To access UntypedStorage directly, use tensor.untyped_storage() instead of tensor.storage()
  storage = elem.storage()._new_shared(numel, device=elem.device)
/workspace/lutianyou/program/long-ENSO/trainer/utils.py:166: UserWarning: TypedStorage is deprecated. It will be removed in the future and UntypedStorage will be the only storage class. This should only matter to you if you are using storages directly.  To access UntypedStorage directly, use tensor.untyped_storage() instead of tensor.storage()
  storage = elem.storage()._new_shared(numel, device=elem.device)
/workspace/lutianyou/program/long-ENSO/trainer/utils.py:166: UserWarning: TypedStorage is deprecated. It will be removed in the future and UntypedStorage will be the only storage class. This should only matter to you if you are using storages directly.  To access UntypedStorage directly, use tensor.untyped_storage() instead of tensor.storage()
  storage = elem.storage()._new_shared(numel, device=elem.device)
/workspace/lutianyou/program/long-ENSO/trainer/utils.py:166: UserWarning: TypedStorage is deprecated. It will be removed in the future and UntypedStorage will be the only storage class. This should only matter to you if you are using storages directly.  To access UntypedStorage directly, use tensor.untyped_storage() instead of tensor.storage()
  storage = elem.storage()._new_shared(numel, device=elem.device)
/workspace/lutianyou/program/long-ENSO/trainer/utils.py:166: UserWarning: TypedStorage is deprecated. It will be removed in the future and UntypedStorage will be the only storage class. This should only matter to you if you are using storages directly.  To access UntypedStorage directly, use tensor.untyped_storage() instead of tensor.storage()
  storage = elem.storage()._new_shared(numel, device=elem.device)
/workspace/lutianyou/program/long-ENSO/trainer/utils.py:166: UserWarning: TypedStorage is deprecated. It will be removed in the future and UntypedStorage will be the only storage class. This should only matter to you if you are using storages directly.  To access UntypedStorage directly, use tensor.untyped_storage() instead of tensor.storage()
  storage = elem.storage()._new_shared(numel, device=elem.device)
/workspace/lutianyou/program/long-ENSO/trainer/utils.py:166: UserWarning: TypedStorage is deprecated. It will be removed in the future and UntypedStorage will be the only storage class. This should only matter to you if you are using storages directly.  To access UntypedStorage directly, use tensor.untyped_storage() instead of tensor.storage()
  storage = elem.storage()._new_shared(numel, device=elem.device)
/workspace/lutianyou/program/long-ENSO/trainer/utils.py:166: UserWarning: TypedStorage is deprecated. It will be removed in the future and UntypedStorage will be the only storage class. This should only matter to you if you are using storages directly.  To access UntypedStorage directly, use tensor.untyped_storage() instead of tensor.storage()
  storage = elem.storage()._new_shared(numel, device=elem.device)
/workspace/lutianyou/program/long-ENSO/trainer/utils.py:166: UserWarning: TypedStorage is deprecated. It will be removed in the future and UntypedStorage will be the only storage class. This should only matter to you if you are using storages directly.  To access UntypedStorage directly, use tensor.untyped_storage() instead of tensor.storage()
  storage = elem.storage()._new_shared(numel, device=elem.device)
/workspace/lutianyou/program/long-ENSO/trainer/utils.py:166: UserWarning: TypedStorage is deprecated. It will be removed in the future and UntypedStorage will be the only storage class. This should only matter to you if you are using storages directly.  To access UntypedStorage directly, use tensor.untyped_storage() instead of tensor.storage()
  storage = elem.storage()._new_shared(numel, device=elem.device)
/workspace/lutianyou/program/long-ENSO/trainer/utils.py:166: UserWarning: TypedStorage is deprecated. It will be removed in the future and UntypedStorage will be the only storage class. This should only matter to you if you are using storages directly.  To access UntypedStorage directly, use tensor.untyped_storage() instead of tensor.storage()
  storage = elem.storage()._new_shared(numel, device=elem.device)
/workspace/lutianyou/program/long-ENSO/trainer/utils.py:166: UserWarning: TypedStorage is deprecated. It will be removed in the future and UntypedStorage will be the only storage class. This should only matter to you if you are using storages directly.  To access UntypedStorage directly, use tensor.untyped_storage() instead of tensor.storage()
  storage = elem.storage()._new_shared(numel, device=elem.device)
/workspace/lutianyou/program/long-ENSO/trainer/utils.py:166: UserWarning: TypedStorage is deprecated. It will be removed in the future and UntypedStorage will be the only storage class. This should only matter to you if you are using storages directly.  To access UntypedStorage directly, use tensor.untyped_storage() instead of tensor.storage()
  storage = elem.storage()._new_shared(numel, device=elem.device)
/workspace/lutianyou/program/long-ENSO/trainer/utils.py:166: UserWarning: TypedStorage is deprecated. It will be removed in the future and UntypedStorage will be the only storage class. This should only matter to you if you are using storages directly.  To access UntypedStorage directly, use tensor.untyped_storage() instead of tensor.storage()
  storage = elem.storage()._new_shared(numel, device=elem.device)
/workspace/lutianyou/program/long-ENSO/trainer/utils.py:166: UserWarning: TypedStorage is deprecated. It will be removed in the future and UntypedStorage will be the only storage class. This should only matter to you if you are using storages directly.  To access UntypedStorage directly, use tensor.untyped_storage() instead of tensor.storage()
  storage = elem.storage()._new_shared(numel, device=elem.device)
/workspace/lutianyou/program/long-ENSO/trainer/utils.py:166: UserWarning: TypedStorage is deprecated. It will be removed in the future and UntypedStorage will be the only storage class. This should only matter to you if you are using storages directly.  To access UntypedStorage directly, use tensor.untyped_storage() instead of tensor.storage()
  storage = elem.storage()._new_shared(numel, device=elem.device)
/workspace/lutianyou/program/long-ENSO/trainer/utils.py:166: UserWarning: TypedStorage is deprecated. It will be removed in the future and UntypedStorage will be the only storage class. This should only matter to you if you are using storages directly.  To access UntypedStorage directly, use tensor.untyped_storage() instead of tensor.storage()
  storage = elem.storage()._new_shared(numel, device=elem.device)
/workspace/lutianyou/program/long-ENSO/trainer/utils.py:166: UserWarning: TypedStorage is deprecated. It will be removed in the future and UntypedStorage will be the only storage class. This should only matter to you if you are using storages directly.  To access UntypedStorage directly, use tensor.untyped_storage() instead of tensor.storage()
  storage = elem.storage()._new_shared(numel, device=elem.device)
/workspace/lutianyou/program/long-ENSO/trainer/utils.py:166: UserWarning: TypedStorage is deprecated. It will be removed in the future and UntypedStorage will be the only storage class. This should only matter to you if you are using storages directly.  To access UntypedStorage directly, use tensor.untyped_storage() instead of tensor.storage()
  storage = elem.storage()._new_shared(numel, device=elem.device)
/workspace/lutianyou/program/long-ENSO/trainer/utils.py:166: UserWarning: TypedStorage is deprecated. It will be removed in the future and UntypedStorage will be the only storage class. This should only matter to you if you are using storages directly.  To access UntypedStorage directly, use tensor.untyped_storage() instead of tensor.storage()
  storage = elem.storage()._new_shared(numel, device=elem.device)
/workspace/lutianyou/program/long-ENSO/trainer/utils.py:166: UserWarning: TypedStorage is deprecated. It will be removed in the future and UntypedStorage will be the only storage class. This should only matter to you if you are using storages directly.  To access UntypedStorage directly, use tensor.untyped_storage() instead of tensor.storage()
  storage = elem.storage()._new_shared(numel, device=elem.device)
/workspace/lutianyou/program/long-ENSO/trainer/utils.py:166: UserWarning: TypedStorage is deprecated. It will be removed in the future and UntypedStorage will be the only storage class. This should only matter to you if you are using storages directly.  To access UntypedStorage directly, use tensor.untyped_storage() instead of tensor.storage()
  storage = elem.storage()._new_shared(numel, device=elem.device)
/workspace/lutianyou/program/long-ENSO/trainer/utils.py:166: UserWarning: TypedStorage is deprecated. It will be removed in the future and UntypedStorage will be the only storage class. This should only matter to you if you are using storages directly.  To access UntypedStorage directly, use tensor.untyped_storage() instead of tensor.storage()
  storage = elem.storage()._new_shared(numel, device=elem.device)
/workspace/lutianyou/program/long-ENSO/trainer/utils.py:166: UserWarning: TypedStorage is deprecated. It will be removed in the future and UntypedStorage will be the only storage class. This should only matter to you if you are using storages directly.  To access UntypedStorage directly, use tensor.untyped_storage() instead of tensor.storage()
  storage = elem.storage()._new_shared(numel, device=elem.device)
/workspace/lutianyou/program/long-ENSO/trainer/utils.py:166: UserWarning: TypedStorage is deprecated. It will be removed in the future and UntypedStorage will be the only storage class. This should only matter to you if you are using storages directly.  To access UntypedStorage directly, use tensor.untyped_storage() instead of tensor.storage()
  storage = elem.storage()._new_shared(numel, device=elem.device)
/workspace/lutianyou/program/long-ENSO/trainer/utils.py:166: UserWarning: TypedStorage is deprecated. It will be removed in the future and UntypedStorage will be the only storage class. This should only matter to you if you are using storages directly.  To access UntypedStorage directly, use tensor.untyped_storage() instead of tensor.storage()
  storage = elem.storage()._new_shared(numel, device=elem.device)
/workspace/lutianyou/program/long-ENSO/trainer/utils.py:166: UserWarning: TypedStorage is deprecated. It will be removed in the future and UntypedStorage will be the only storage class. This should only matter to you if you are using storages directly.  To access UntypedStorage directly, use tensor.untyped_storage() instead of tensor.storage()
  storage = elem.storage()._new_shared(numel, device=elem.device)
/workspace/lutianyou/program/long-ENSO/trainer/utils.py:166: UserWarning: TypedStorage is deprecated. It will be removed in the future and UntypedStorage will be the only storage class. This should only matter to you if you are using storages directly.  To access UntypedStorage directly, use tensor.untyped_storage() instead of tensor.storage()
  storage = elem.storage()._new_shared(numel, device=elem.device)
/workspace/lutianyou/program/long-ENSO/trainer/utils.py:166: UserWarning: TypedStorage is deprecated. It will be removed in the future and UntypedStorage will be the only storage class. This should only matter to you if you are using storages directly.  To access UntypedStorage directly, use tensor.untyped_storage() instead of tensor.storage()
  storage = elem.storage()._new_shared(numel, device=elem.device)
/workspace/lutianyou/program/long-ENSO/trainer/utils.py:166: UserWarning: TypedStorage is deprecated. It will be removed in the future and UntypedStorage will be the only storage class. This should only matter to you if you are using storages directly.  To access UntypedStorage directly, use tensor.untyped_storage() instead of tensor.storage()
  storage = elem.storage()._new_shared(numel, device=elem.device)
/workspace/lutianyou/program/long-ENSO/trainer/utils.py:166: UserWarning: TypedStorage is deprecated. It will be removed in the future and UntypedStorage will be the only storage class. This should only matter to you if you are using storages directly.  To access UntypedStorage directly, use tensor.untyped_storage() instead of tensor.storage()
  storage = elem.storage()._new_shared(numel, device=elem.device)
/workspace/lutianyou/program/long-ENSO/trainer/utils.py:166: UserWarning: TypedStorage is deprecated. It will be removed in the future and UntypedStorage will be the only storage class. This should only matter to you if you are using storages directly.  To access UntypedStorage directly, use tensor.untyped_storage() instead of tensor.storage()
  storage = elem.storage()._new_shared(numel, device=elem.device)
/workspace/lutianyou/program/long-ENSO/trainer/utils.py:166: UserWarning: TypedStorage is deprecated. It will be removed in the future and UntypedStorage will be the only storage class. This should only matter to you if you are using storages directly.  To access UntypedStorage directly, use tensor.untyped_storage() instead of tensor.storage()
  storage = elem.storage()._new_shared(numel, device=elem.device)
/workspace/lutianyou/program/long-ENSO/trainer/utils.py:166: UserWarning: TypedStorage is deprecated. It will be removed in the future and UntypedStorage will be the only storage class. This should only matter to you if you are using storages directly.  To access UntypedStorage directly, use tensor.untyped_storage() instead of tensor.storage()
  storage = elem.storage()._new_shared(numel, device=elem.device)
/workspace/lutianyou/program/long-ENSO/trainer/utils.py:166: UserWarning: TypedStorage is deprecated. It will be removed in the future and UntypedStorage will be the only storage class. This should only matter to you if you are using storages directly.  To access UntypedStorage directly, use tensor.untyped_storage() instead of tensor.storage()
  storage = elem.storage()._new_shared(numel, device=elem.device)
/workspace/lutianyou/program/long-ENSO/trainer/utils.py:166: UserWarning: TypedStorage is deprecated. It will be removed in the future and UntypedStorage will be the only storage class. This should only matter to you if you are using storages directly.  To access UntypedStorage directly, use tensor.untyped_storage() instead of tensor.storage()
  storage = elem.storage()._new_shared(numel, device=elem.device)
/workspace/lutianyou/program/long-ENSO/trainer/utils.py:166: UserWarning: TypedStorage is deprecated. It will be removed in the future and UntypedStorage will be the only storage class. This should only matter to you if you are using storages directly.  To access UntypedStorage directly, use tensor.untyped_storage() instead of tensor.storage()
  storage = elem.storage()._new_shared(numel, device=elem.device)
/workspace/lutianyou/program/long-ENSO/trainer/utils.py:166: UserWarning: TypedStorage is deprecated. It will be removed in the future and UntypedStorage will be the only storage class. This should only matter to you if you are using storages directly.  To access UntypedStorage directly, use tensor.untyped_storage() instead of tensor.storage()
  storage = elem.storage()._new_shared(numel, device=elem.device)
/workspace/lutianyou/program/long-ENSO/trainer/utils.py:166: UserWarning: TypedStorage is deprecated. It will be removed in the future and UntypedStorage will be the only storage class. This should only matter to you if you are using storages directly.  To access UntypedStorage directly, use tensor.untyped_storage() instead of tensor.storage()
  storage = elem.storage()._new_shared(numel, device=elem.device)
/workspace/lutianyou/program/long-ENSO/trainer/utils.py:166: UserWarning: TypedStorage is deprecated. It will be removed in the future and UntypedStorage will be the only storage class. This should only matter to you if you are using storages directly.  To access UntypedStorage directly, use tensor.untyped_storage() instead of tensor.storage()
  storage = elem.storage()._new_shared(numel, device=elem.device)
/workspace/lutianyou/program/long-ENSO/trainer/utils.py:166: UserWarning: TypedStorage is deprecated. It will be removed in the future and UntypedStorage will be the only storage class. This should only matter to you if you are using storages directly.  To access UntypedStorage directly, use tensor.untyped_storage() instead of tensor.storage()
  storage = elem.storage()._new_shared(numel, device=elem.device)
/workspace/lutianyou/program/long-ENSO/trainer/utils.py:166: UserWarning: TypedStorage is deprecated. It will be removed in the future and UntypedStorage will be the only storage class. This should only matter to you if you are using storages directly.  To access UntypedStorage directly, use tensor.untyped_storage() instead of tensor.storage()
  storage = elem.storage()._new_shared(numel, device=elem.device)
/workspace/lutianyou/program/long-ENSO/trainer/utils.py:166: UserWarning: TypedStorage is deprecated. It will be removed in the future and UntypedStorage will be the only storage class. This should only matter to you if you are using storages directly.  To access UntypedStorage directly, use tensor.untyped_storage() instead of tensor.storage()
  storage = elem.storage()._new_shared(numel, device=elem.device)
/workspace/lutianyou/program/long-ENSO/trainer/utils.py:166: UserWarning: TypedStorage is deprecated. It will be removed in the future and UntypedStorage will be the only storage class. This should only matter to you if you are using storages directly.  To access UntypedStorage directly, use tensor.untyped_storage() instead of tensor.storage()
  storage = elem.storage()._new_shared(numel, device=elem.device)
/workspace/lutianyou/program/long-ENSO/trainer/utils.py:166: UserWarning: TypedStorage is deprecated. It will be removed in the future and UntypedStorage will be the only storage class. This should only matter to you if you are using storages directly.  To access UntypedStorage directly, use tensor.untyped_storage() instead of tensor.storage()
  storage = elem.storage()._new_shared(numel, device=elem.device)
/workspace/lutianyou/program/long-ENSO/trainer/utils.py:166: UserWarning: TypedStorage is deprecated. It will be removed in the future and UntypedStorage will be the only storage class. This should only matter to you if you are using storages directly.  To access UntypedStorage directly, use tensor.untyped_storage() instead of tensor.storage()
  storage = elem.storage()._new_shared(numel, device=elem.device)
lead: 2
pred mean: 6.413476943969727
lead: 0
pred mean: 6.407515048980713
lead: 1
pred mean: 6.401718616485596
lead: 0
pred mean: 6.385335445404053
lead: 5
pred mean: 6.40452241897583
lead: 0
pred mean: 6.404142379760742
lead: 2
pred mean: 6.413952350616455
lead: 4
pred mean: 6.392677307128906
 40%|████      | 743/1855 [14:52<28:23,  1.53s/it]lead: lead:0 
5
pred mean: 6.420445442199707
pred mean: 6.421839237213135
lead: 4
pred mean: 6.425739288330078
lead: 5
pred mean: 6.429956436157227
lead: 3
pred mean: 6.41032600402832
lead: 4
pred mean: 6.4283342361450195
lead: 4
pred mean: 6.40370512008667
lead: 5
pred mean: 6.409230709075928
 40%|████      | 744/1855 [14:53<26:39,  1.44s/it]lead: 4
pred mean: 6.407917022705078
lead: 5
pred mean: 6.421736717224121
lead: 2
pred mean: 6.396424293518066
lead:lead:  1
1
pred mean: 6.400571823120117
pred mean: 6.428665637969971
lead: 0
pred mean: 6.414180755615234
lead: 1
pred mean: 6.41743803024292
lead: 3
pred mean: 6.418463230133057
 40%|████      | 745/1855 [14:54<25:28,  1.38s/it]                                                  {'loss': 10.2198, 'learning_rate': 0.00014956466867415045, 'epoch': 2.01}
 40%|████      | 745/1855 [14:54<25:28,  1.38s/it]lead: 1
pred mean: 6.326807498931885
lead: 0
pred mean: 6.36549711227417
lead: 1
pred mean: 6.346108913421631
lead: 1
pred mean: 6.385956764221191
lead: 1
pred mean: 6.350073337554932
lead: 1
pred mean: 6.351960182189941
lead: 5
pred mean: 6.372219562530518
lead: 4
pred mean: 6.3607635498046875
 40%|████      | 746/1855 [14:55<24:32,  1.33s/it]lead: 4
pred mean: 6.399855136871338
lead: 2
pred mean: 6.401695728302002
lead: 0
pred mean: 6.423472881317139
lead: 2
pred mean: 6.409495830535889
lead: 5
pred mean: 6.395533561706543
lead: 5
pred mean: 6.390658855438232
lead: 2
pred mean: 6.406549453735352
lead: 3
pred mean: 6.400758266448975
 40%|████      | 747/1855 [14:56<23:48,  1.29s/it]lead: 0
pred mean: 6.462462902069092
lead: 4
pred mean: 6.456653594970703
lead: 5
pred mean: 6.436315536499023
lead: 0
pred mean: 6.462980270385742
lead: 5
pred mean: 6.4575676918029785
lead: 5
pred mean: 6.459257125854492
lead: 0
pred mean: 6.462679386138916
lead: 3
pred mean: 6.456863880157471
 40%|████      | 748/1855 [14:58<23:14,  1.26s/it]lead: 2
pred mean: 6.456833362579346
lead: 4
pred mean: 6.461360931396484
lead: 1
pred mean: 6.47353458404541
lead: 2
pred mean: 6.466131687164307
lead: 2
pred mean: 6.491620063781738
lead: 1
pred mean: 6.475039005279541
lead: 2
pred mean: 6.473932266235352
lead: 2
pred mean: 6.4612298011779785
 40%|████      | 749/1855 [14:59<22:53,  1.24s/it]lead: 5
pred mean: 6.4039459228515625
lead: 2
pred mean: 6.411474227905273
lead: 4
pred mean: 6.420517444610596
lead: 5
pred mean: 6.390575885772705
lead: 3
pred mean: 6.401726245880127
lead: 1
pred mean: 6.409669399261475
lead: 0
pred mean: 6.403131484985352
lead: 0
pred mean: 6.414272785186768
 40%|████      | 750/1855 [15:00<22:38,  1.23s/it]                                                  {'loss': 10.1621, 'learning_rate': 0.00014874506515572265, 'epoch': 2.02}
 40%|████      | 750/1855 [15:00<22:38,  1.23s/it]lead: 0
pred mean: 6.399012088775635
lead: 5
pred mean: 6.417595863342285
lead: 0
pred mean: 6.420957088470459
lead: 4
pred mean: 6.405941486358643
lead: 2
pred mean: 6.383533477783203
lead: 1
pred mean: lead:6.387180805206299 
0
pred mean: 6.398082256317139
lead: 2
pred mean: 6.388157844543457
 40%|████      | 751/1855 [15:01<22:27,  1.22s/it]lead: 5
pred mean: 6.431643962860107
lead: 1
lead: 1
pred mean: 6.436107158660889
pred mean: 6.443249702453613
lead: 4
pred mean: 6.46435546875
lead: 2
pred mean: 6.434352874755859
lead: 5
pred mean: 6.435187816619873
lead: 4
pred mean: 6.445506572723389
lead: 5
pred mean: 6.442709922790527
 41%|████      | 752/1855 [15:02<22:20,  1.22s/it]lead: 2
pred mean: 6.4654011726379395
lead: 0
pred mean: 6.491523265838623
lead: 2
pred mean: 6.46685791015625
lead: 5
pred mean: 6.502370357513428
lead: 0
pred mean: 6.502223014831543
lead: 4
pred mean: 6.464174747467041
lead: 2
pred mean: 6.4722442626953125
lead: 0
pred mean: 6.506274700164795
 41%|████      | 753/1855 [15:04<22:11,  1.21s/it]lead: 1
pred mean: 6.491152763366699
lead: 1
pred mean: 6.465897560119629
lead: 3
pred mean: 6.493311882019043
lead: 0
pred mean: 6.506680011749268
lead: 2
pred mean: 6.482815265655518
lead: 3
pred mean: 6.48602294921875
lead: 3
pred mean: 6.487953186035156
lead: 2
pred mean: 6.4849724769592285
 41%|████      | 754/1855 [15:05<22:05,  1.20s/it]lead: 5
pred mean: 6.522091388702393
lead: 1
pred mean: 6.514841079711914
lead: 3
pred mean: 6.473184585571289
lead: 3
pred mean: 6.497951984405518
lead: 0
pred mean: 6.479116439819336
lead: 4
pred mean: 6.4748005867004395
lead: 3
pred mean: 6.5134077072143555
lead: 0
pred mean: 6.49615478515625
 41%|████      | 755/1855 [15:06<22:03,  1.20s/it]                                                  {'loss': 10.1064, 'learning_rate': 0.00014792114391674955, 'epoch': 2.04}
 41%|████      | 755/1855 [15:06<22:03,  1.20s/it]lead: 4
pred mean: 6.468409538269043
lead: 4
pred mean: 6.4362945556640625
lead: 3
pred mean: 6.463857173919678
lead: 2
pred mean: 6.448026657104492
lead: 2
pred mean: 6.451910018920898
lead: 5
pred mean: 6.464548110961914
lead: 0
pred mean: 6.454986095428467
lead: 0
pred mean: 6.453860282897949
 41%|████      | 756/1855 [15:07<22:02,  1.20s/it]lead: 3
pred mean: 6.4502997398376465
lead: 0
pred mean: 6.46209716796875
lead: 2
pred mean: 6.4621782302856445
lead: 5
pred mean: 6.446913719177246
lead: 5
pred mean: 6.461594581604004
lead: 4
pred mean: 6.434804916381836
lead: 0
pred mean: 6.460249900817871
lead: 1
pred mean: 6.4386420249938965
 41%|████      | 757/1855 [15:08<21:53,  1.20s/it]lead: 5
pred mean: 6.4908623695373535
lead: 2
pred mean: 6.5082316398620605lead:
 1
pred mean: 6.493049144744873
lead: 2
pred mean: 6.498879909515381
lead: 4
pred mean: 6.50785493850708
lead: 1
pred mean: 6.4906792640686035
lead: 1
pred mean: 6.495029926300049
lead: 2
pred mean: 6.487092018127441
 41%|████      | 758/1855 [15:10<21:49,  1.19s/it]lead: 1
pred mean: 6.553318977355957
lead: 4
pred mean: 6.5532331466674805
lead: 4
pred mean: 6.5525641441345215
lead: 1
pred mean: 6.565986156463623
lead: 2
pred mean: 6.554075241088867
lead: 0
pred mean: 6.557218551635742
lead: 0
pred mean: 6.558448791503906
lead: 3
pred mean: 6.5375657081604
 41%|████      | 759/1855 [15:11<21:45,  1.19s/it]lead: 5
pred mean: 6.518373012542725
lead: 0
lead: 3
pred mean: 6.525506019592285
pred mean: 6.536012172698975
lead: 3
pred mean: 6.55235481262207
lead: 2
pred mean: 6.536118030548096
lead: 4
pred mean: 6.545734405517578
lead: 1
pred mean: 6.554941177368164
lead: 1
pred mean: 6.544513702392578
 41%|████      | 760/1855 [15:12<21:44,  1.19s/it]                                                  {'loss': 10.0488, 'learning_rate': 0.0001470929779381914, 'epoch': 2.05}
 41%|████      | 760/1855 [15:12<21:44,  1.19s/it]lead: 3
pred mean: 6.526651382446289
lead: 1
lead: 5
pred mean: 6.507754325866699
pred mean: 6.492297649383545
lead: 1
pred mean: 6.493245601654053
lead: 4
pred mean: 6.516554355621338
lead: 0
pred mean: 6.5231194496154785
lead: 0
pred mean: 6.533481121063232
lead: 1
pred mean: 6.524383068084717
 41%|████      | 761/1855 [15:13<21:48,  1.20s/it]lead: 1
pred mean: 6.4922895431518555
lead: 5
pred mean: 6.478165626525879
lead: 0
pred mean: 6.473778247833252
lead: 2
pred mean: 6.521774768829346
lead: 0
pred mean: 6.5046820640563965
lead: 5
pred mean: 6.492423057556152
lead: 0
pred mean: 6.481446266174316
lead: 2
pred mean: 6.510747909545898
 41%|████      | 762/1855 [15:14<21:43,  1.19s/it]lead: 2
pred mean: 6.519909381866455
lead: 4
pred mean: 6.50697660446167
lead: 0
pred mean: 6.502622127532959
lead: 2
pred mean: 6.5054731369018555
lead: 5
pred mean: 6.48239278793335
lead: 0
pred mean: 6.487170696258545
lead: 2
pred mean: 6.499258041381836
lead: 2
pred mean: 6.501485347747803
 41%|████      | 763/1855 [15:16<21:41,  1.19s/it]lead: 0
pred mean: 6.581392765045166
lead: 2
pred mean: 6.565162181854248
lead: 1
pred mean: 6.56243371963501
lead: 1
pred mean: 6.5716023445129395
lead: 1
pred mean: 6.5701704025268555
lead: 4
pred mean: 6.556372165679932
lead: 0
pred mean: 6.564725875854492
lead: 1
pred mean: 6.563612461090088
 41%|████      | 764/1855 [15:17<21:34,  1.19s/it]lead: 2
pred mean: 6.580078125
lead: 1
lead: 1
pred mean: 6.561710834503174
pred mean: 6.567996025085449
lead: 3
pred mean: 6.572107315063477
lead: 4
pred mean: 6.567056655883789
lead: 2
pred mean: 6.586699962615967
lead: 1
pred mean: 6.5635294914245605
lead: 1
pred mean: 6.563777923583984
 41%|████      | 765/1855 [15:18<21:34,  1.19s/it]                                                  {'loss': 9.9939, 'learning_rate': 0.00014626064057699723, 'epoch': 2.06}
 41%|████      | 765/1855 [15:18<21:34,  1.19s/it]lead: 1
pred mean: 6.5556464195251465
lead: 1
pred mean: 6.533931732177734
lead: 4
lead: 2
pred mean: 6.565304279327393
pred mean: 6.548858642578125
lead: 5
pred mean: 6.566646575927734
lead: 5
pred mean: 6.56518030166626
lead: 0
pred mean: 6.546102046966553
lead: 2
pred mean: 6.55474853515625
 41%|████▏     | 766/1855 [15:19<22:05,  1.22s/it]lead: 0
pred mean: 6.5217132568359375
lead: 2
pred mean: 6.528514385223389
lead: 1
pred mean: 6.538352012634277
lead: 3
pred mean: 6.5555925369262695
lead: 5
pred mean: 6.5309624671936035
lead: 5
pred mean: 6.5409016609191895
lead: 3
pred mean: 6.538877010345459
lead: 4
pred mean: 6.541057109832764
 41%|████▏     | 767/1855 [15:20<21:57,  1.21s/it]lead: 1
pred mean: 6.593375205993652
lead: 4
pred mean: 6.573413372039795
lead:lead:  11

pred mean:pred mean:  6.573323726654053
6.5690813064575195
lead: 2
pred mean: 6.57806396484375
lead: 5
pred mean: 6.5832319259643555
lead: 3
pred mean: 6.579954624176025
lead: 4
pred mean: 6.5912885665893555
 41%|████▏     | 768/1855 [15:22<21:50,  1.21s/it]lead: 4
pred mean: 6.554534435272217
lead: 4
pred mean: 6.565167427062988
lead: 3
pred mean: 6.55743408203125
lead: 0
pred mean: 6.5580902099609375
lead: 0
pred mean: 6.5832953453063965
lead: 1
pred mean: 6.552596092224121
lead: 1
pred mean: 6.564039707183838
lead: 0
pred mean: 6.56908655166626
 41%|████▏     | 769/1855 [15:23<22:18,  1.23s/it]lead: 3
pred mean: 6.555544853210449
lead: 3
pred mean: 6.565962791442871
lead: 5
pred mean: 6.563736915588379
lead: 1
pred mean: 6.574690818786621
lead: 2
pred mean: 6.580163955688477
lead: 1
pred mean: 6.566640853881836
lead: 1
pred mean: 6.560491561889648
lead: 2
pred mean: 6.559847354888916
 42%|████▏     | 770/1855 [15:24<22:08,  1.22s/it]                                                  {'loss': 9.9386, 'learning_rate': 0.0001454242055596071, 'epoch': 2.08}
 42%|████▏     | 770/1855 [15:24<22:08,  1.22s/it]lead: 0
pred mean: 6.578374862670898
lead: 0
pred mean: 6.574723243713379
lead: 0
lead: 3
pred mean: 6.567589282989502
pred mean: 6.585256576538086
lead: 3
pred mean: 6.5798468589782715
lead: 3
pred mean: 6.575447082519531
lead: 2
pred mean: 6.600512981414795
lead: 4
pred mean: 6.5969743728637695
 42%|████▏     | 771/1855 [15:25<22:06,  1.22s/it]lead: 0
pred mean: 6.6166815757751465
lead: 1
pred mean: 6.620699882507324
lead: 5
pred mean: 6.598542213439941
lead: 2
pred mean: 6.6033220291137695
lead: 2
pred mean: 6.6007981300354
lead: 1
pred mean: 6.609142780303955
lead: 2
pred mean: 6.6197123527526855
lead: 5
pred mean: 6.586463928222656
 42%|████▏     | 772/1855 [15:27<22:42,  1.26s/it]lead: 5
pred mean: 6.595710277557373
lead: 2
pred mean: 6.605746746063232
lead: 5
pred mean: 6.586690902709961
lead: 4
pred mean: 6.597628593444824
lead: 2
pred mean: 6.597862720489502
lead: 4
pred mean: 6.6045756340026855
lead: 4
pred mean: 6.602838516235352
lead: 5
pred mean: 6.599524021148682
 42%|████▏     | 773/1855 [15:28<22:24,  1.24s/it]lead: 2
pred mean: 6.6182050704956055
lead: 2
pred mean: 6.6332244873046875
lead: 5
pred mean: 6.601027488708496
lead: 4
lead: 1pred mean:
 6.60219669342041
pred mean: 6.620691776275635
lead: 4
pred mean: 6.612076759338379
lead: 4
pred mean: 6.595975875854492
lead: 1
pred mean: 6.60509729385376
 42%|████▏     | 774/1855 [15:29<22:17,  1.24s/it]lead: 2
pred mean: 6.595705986022949
lead: 3
pred mean: 6.599708557128906
lead: 0
pred mean: 6.579721450805664
lead: 1
pred mean: 6.617319107055664
lead: 3
pred mean: 6.604339599609375
lead: 1
pred mean: 6.603656768798828
lead: 1
pred mean: 6.635641098022461
lead: 3
pred mean: 6.583215713500977
 42%|████▏     | 775/1855 [15:30<22:40,  1.26s/it]                                                  {'loss': 9.8796, 'learning_rate': 0.00014458374697542162, 'epoch': 2.09}
 42%|████▏     | 775/1855 [15:30<22:40,  1.26s/it]lead: 0
pred mean: 6.618719100952148
lead: 0
pred mean: 6.621473789215088
lead: 4
pred mean: 6.613717555999756
lead: 3
pred mean: 6.617511749267578
lead: 0
pred mean: 6.60089111328125
lead: 4
pred mean: 6.596614837646484
lead: 1
pred mean: 6.60024881362915
lead: 1
pred mean: 6.606542587280273
 42%|████▏     | 776/1855 [15:32<22:32,  1.25s/it]lead: 3
pred mean: 6.631946563720703
lead: 4
pred mean: 6.608602046966553
lead: 5
pred mean: 6.6195855140686035
lead: 2
pred mean: 6.637457370758057
lead: 0
pred mean: 6.624463081359863
lead: 2
pred mean: 6.607460021972656
lead: 4
pred mean: 6.6164422035217285
lead: 1
pred mean: 6.606872081756592
 42%|████▏     | 777/1855 [15:33<22:44,  1.27s/it]lead: 2
pred mean: 6.648778915405273
lead: 3
pred mean: 6.640265941619873
lead: 2
pred mean: 6.623982906341553
lead: 0
pred mean: 6.653189659118652
lead: 3
pred mean: 6.6554412841796875
lead: 2
pred mean: 6.646742343902588
lead: 3
pred mean: 6.652411937713623
lead: 3
pred mean: 6.651058673858643
 42%|████▏     | 778/1855 [15:34<22:26,  1.25s/it]lead: 0
pred mean: 6.6472578048706055
lead: 2
pred mean: 6.648944854736328
lead: 4
pred mean: 6.670724391937256
lead: 2
pred mean: 6.6437554359436035
lead: 5
pred mean: 6.665830135345459
lead: 0
pred mean: 6.651986598968506
lead: 2
pred mean: 6.646324634552002
lead: 1
pred mean: 6.644712924957275
 42%|████▏     | 779/1855 [15:35<22:38,  1.26s/it]lead: 5
pred mean: 6.652276039123535
lead: 5
pred mean: 6.640213489532471
lead: 0
pred mean: 6.6497955322265625
lead: 3
pred mean: 6.642216682434082
lead: 4
pred mean: 6.648639678955078
lead: 2
pred mean: 6.6493940353393555
lead: 4
pred mean: 6.637489318847656
lead: 4
pred mean: 6.6494035720825195
 42%|████▏     | 780/1855 [15:37<22:18,  1.25s/it]                                                  {'loss': 9.826, 'learning_rate': 0.00014373933927023925, 'epoch': 2.1}
 42%|████▏     | 780/1855 [15:37<22:18,  1.25s/it]lead: 5
pred mean: 6.658684730529785
lead: 2
lead: 2pred mean:
 6.641316890716553
pred mean: 6.657733917236328
lead: 3
pred mean: 6.6563520431518555
lead: 1
pred mean: 6.672119140625
lead: 5
pred mean: 6.6497955322265625
lead: 0
pred mean: 6.653890132904053
lead: 2
pred mean: 6.652688980102539
 42%|████▏     | 781/1855 [15:38<22:03,  1.23s/it]lead: 2
pred mean: 6.60930871963501
lead: 0
pred mean: 6.641988277435303
lead: 2
pred mean: 6.6100897789001465
lead: 3
pred mean: 6.620155334472656
lead: 3
pred mean: 6.6575751304626465
lead: 2
pred mean: 6.643019199371338
lead: 0
pred mean: 6.6432414054870605
lead: 4
pred mean: 6.6373443603515625
 42%|████▏     | 782/1855 [15:39<21:46,  1.22s/it]lead: 4
lead:pred mean:  5
6.6713690757751465
pred mean: 6.685121059417725
lead: 5
pred mean: 6.657918930053711
lead: 0
pred mean: 6.674283504486084
lead: 3
pred mean: 6.681180953979492
lead: 0
pred mean: 6.6759467124938965
lead: 3
pred mean: 6.679046154022217
lead: 0
pred mean: 6.681361198425293
 42%|████▏     | 783/1855 [15:40<21:40,  1.21s/it]lead: 2
pred mean: 6.71081018447876
lead: 2
pred mean: 6.684402942657471
lead: 4
pred mean: 6.701563835144043
lead: 2
pred mean: 6.703780174255371
lead: 2
pred mean: 6.6907877922058105
lead: 0
pred mean: 6.690369606018066
lead: 5
pred mean: 6.712483882904053
lead: 2
pred mean: 6.700183391571045
 42%|████▏     | 784/1855 [15:41<21:23,  1.20s/it]lead: 3
lead: 2
pred mean: 6.6893696784973145
pred mean: 6.669004917144775
lead: 5
pred mean: 6.670939922332764
lead: 2
pred mean: 6.67858362197876
lead: 1
pred mean: 6.693609237670898
lead: 3
pred mean: 6.676961421966553
lead: 3
pred mean: 6.683149814605713
lead: 2
pred mean: 6.682612419128418
 42%|████▏     | 785/1855 [15:43<21:10,  1.19s/it]                                                  {'loss': 9.7696, 'learning_rate': 0.00014289105723966206, 'epoch': 2.12}
 42%|████▏     | 785/1855 [15:43<21:10,  1.19s/it]lead: 4
pred mean: 6.667111873626709
lead: 2
pred mean: 6.666134357452393
lead: 1
pred mean: 6.6675543785095215
lead: 2
pred mean: 6.656680583953857
lead: 3
pred mean: 6.674688816070557
lead: 3
pred mean: 6.664648056030273
lead: 4
pred mean: 6.686879634857178
lead: 2
pred mean: 6.670260906219482
 42%|████▏     | 786/1855 [15:44<21:10,  1.19s/it]lead: 4
pred mean: 6.682812690734863
lead: 3
pred mean: 6.690600872039795
lead: 4
pred mean: 6.690707683563232
lead: 0
pred mean: 6.66909646987915
lead: 4
pred mean: 6.6956682205200195
lead: 1
pred mean: 6.691362380981445
lead: 2
pred mean: 6.673089027404785
lead: 0
pred mean: 6.688530921936035
 42%|████▏     | 787/1855 [15:45<21:16,  1.20s/it]lead: 4
pred mean: 6.719794750213623
lead: 0
pred mean: 6.727805137634277
lead: 3
pred mean: 6.723083019256592
lead: 5
pred mean: 6.744019508361816
lead: 4
pred mean: 6.725461483001709
lead: 5
pred mean: 6.727117538452148
lead: 3
pred mean: 6.730441570281982
lead: 1
pred mean: 6.721647262573242
 42%|████▏     | 788/1855 [15:46<21:14,  1.19s/it]lead: 3
pred mean: 6.721373081207275
lead: 4
pred mean: 6.7224955558776855
lead: 5
pred mean: 6.7186598777771
lead: 0
pred mean: 6.689548015594482
lead: 5
pred mean: 6.707479000091553
lead: 5
pred mean: 6.725458145141602
lead: 0
pred mean: 6.7018723487854
lead: 4
pred mean: 6.7252960205078125
 43%|████▎     | 789/1855 [15:47<21:03,  1.19s/it]lead: 5
pred mean: 6.709776401519775
lead: 0
pred mean: 6.691653251647949
lead: 1
pred mean: 6.699443340301514
lead: 0
pred mean: 6.68173360824585
lead: 2
pred mean: 6.706770896911621
lead: 1
pred mean: 6.6798176765441895
lead: 0
pred mean: 6.683185577392578
lead: 0
pred mean: 6.702658653259277
 43%|████▎     | 790/1855 [15:49<21:05,  1.19s/it]                                                  {'loss': 9.7164, 'learning_rate': 0.00014203897602247057, 'epoch': 2.13}
 43%|████▎     | 790/1855 [15:49<21:05,  1.19s/it]lead: 1
pred mean: 6.753157615661621
lead: 1
pred mean: 6.736629486083984
lead: 4
pred mean: 6.728831768035889
lead: 0
pred mean: 6.720273494720459
lead: 1
pred mean: 6.740325450897217
lead: 3
pred mean: 6.7198567390441895
lead: 4
pred mean: 6.725069522857666
lead: 4
pred mean: 6.722790241241455
 43%|████▎     | 791/1855 [15:50<21:06,  1.19s/it]lead: 3
pred mean: 6.758615493774414
lead: 1
pred mean: 6.755918979644775
lead: 0
lead:pred mean:  46.761520862579346

pred mean: 6.756004810333252
lead: 3
pred mean: 6.7509236335754395
lead: 4
pred mean: 6.758939743041992
lead: 2
pred mean: 6.765508651733398
lead: 3
pred mean: 6.746392250061035
 43%|████▎     | 792/1855 [15:51<21:12,  1.20s/it]lead: 4
pred mean: 6.731045246124268
lead: 5
pred mean: 6.718630313873291
lead: lead:0 
5
pred mean: pred mean:6.746729373931885 
6.735905170440674
lead: 2
pred mean: 6.753544807434082
lead: 2
pred mean: 6.7206292152404785
lead: 2
pred mean: 6.739448070526123
lead: 5
pred mean: 6.718054294586182
 43%|████▎     | 793/1855 [15:52<21:07,  1.19s/it]lead: 5
pred mean: 6.729037761688232
lead: 0
pred mean: 6.739206314086914
lead: 4
pred mean: 6.723415851593018
lead:lead:  01

pred mean:pred mean:  6.71952104568481456.7069597244262695

lead: 0
pred mean: 6.712515830993652
lead: 1
pred mean: 6.707578182220459
lead: 5
pred mean: 6.73692512512207
 43%|████▎     | 794/1855 [15:53<21:14,  1.20s/it]lead: 5
pred mean: 6.752196788787842
lead: 2
pred mean: 6.7280120849609375
lead:lead:  14

pred mean:pred mean:  6.7372579574584966.757524490356445

lead: 5
pred mean: 6.7306318283081055
lead: 0
pred mean: 6.753509521484375
lead: 5
pred mean: 6.722438812255859
lead: 4
pred mean: 6.759993553161621
 43%|████▎     | 795/1855 [15:55<21:16,  1.20s/it]                                                  {'loss': 9.6614, 'learning_rate': 0.00014118317109396812, 'epoch': 2.14}
 43%|████▎     | 795/1855 [15:55<21:16,  1.20s/it]lead: 5
pred mean: 6.779526233673096
lead: 0
pred mean: 6.766656875610352
lead: 3
pred mean: 6.774791240692139
lead: 2
pred mean: 6.758294105529785
lead: 1
lead: 1
pred mean: 6.773303985595703
pred mean: 6.760092735290527
lead: 5
pred mean: 6.764721870422363
lead: 1
pred mean: 6.785534858703613
 43%|████▎     | 796/1855 [15:56<21:12,  1.20s/it]lead: 3
pred mean: 6.8018083572387695
lead: 1
pred mean: 6.743325710296631
lead: 0
pred mean: 6.760077953338623
lead: 1
pred mean: 6.760776996612549
lead: 2
pred mean: 6.7718658447265625
lead: 5
pred mean: 6.777748107910156
lead: 5
pred mean: 6.779016971588135
lead: 5
pred mean: 6.7633466720581055
 43%|████▎     | 797/1855 [15:57<21:12,  1.20s/it]lead: 2
lead: 2
pred mean: 6.7409820556640625
pred mean: 6.738316059112549
lead: 1
pred mean: 6.719572067260742
lead: 3
lead: 4
pred mean: 6.729127407073975
pred mean: 6.748322486877441
lead: 5
pred mean: 6.744408130645752
lead: 0
pred mean: 6.746740818023682
lead: 2
pred mean: 6.747150421142578
 43%|████▎     | 798/1855 [15:58<21:05,  1.20s/it]lead: 2
pred mean: 6.771855354309082
lead: 3lead:
 5
pred mean: pred mean:6.7939043045043945 
6.7706685066223145
lead: 5
pred mean: 6.790741920471191
lead: 2
pred mean: 6.7842254638671875
lead: 3
pred mean: 6.786512851715088
lead: 4
pred mean: 6.787704944610596
lead: 2
pred mean: 6.789363861083984
 43%|████▎     | 799/1855 [15:59<21:06,  1.20s/it]lead: 5
pred mean: 6.816649436950684
lead: 3
lead: 3
pred mean: 6.8112030029296875
pred mean: 6.824278831481934
lead: 4
pred mean: 6.804651260375977
lead: 4
pred mean: 6.808956146240234
lead: 2
pred mean: 6.82219123840332
lead: 0
pred mean: 6.814266204833984
lead: 5
pred mean: 6.829051494598389
 43%|████▎     | 800/1855 [16:01<21:04,  1.20s/it]                                                  {'loss': 9.6065, 'learning_rate': 0.00014032371825929533, 'epoch': 2.16}
 43%|████▎     | 800/1855 [16:01<21:04,  1.20s/it][INFO|configuration_utils.py:457] 2026-03-21 11:34:35,374 >> Configuration saved in ./output/train_stage1/exp4/checkpoint-800/config.json
[INFO|modeling_utils.py:1847] 2026-03-21 11:34:37,252 >> Model weights saved in ./output/train_stage1/exp4/checkpoint-800/pytorch_model.bin
lead: 1
pred mean: 6.778562068939209
lead: 0
pred mean: 6.799353122711182
lead: 5
pred mean: 6.765880107879639
lead: 4
pred mean: 6.783165454864502
lead: 4
pred mean: 6.790249347686768
lead: 1
pred mean: 6.7804951667785645
lead: 1
pred mean: 6.799489498138428
lead: 3
pred mean: 6.79021692276001
 43%|████▎     | 801/1855 [16:05<36:36,  2.08s/it]lead: 1
pred mean: 6.775558948516846
lead: 3
pred mean: 6.7769694328308105
lead: 0
pred mean: 6.764708995819092
lead: 1
pred mean: 6.761681079864502
lead: 2
pred mean: 6.7773847579956055
lead: 1
pred mean: 6.7702956199646
lead: 5
pred mean: 6.743786811828613
lead: 4
pred mean: 6.762386322021484
 43%|████▎     | 802/1855 [16:06<31:54,  1.82s/it]lead: 1
pred mean: 6.803773403167725
lead: 2
pred mean: 6.831380844116211
lead: 3
pred mean: 6.8224406242370605
lead: 2
pred mean: 6.831219673156738
lead: 4
pred mean: 6.855433464050293
lead: 2
pred mean: 6.826134204864502
lead: 5
pred mean: 6.816547393798828
lead: 5
pred mean: 6.821243762969971
 43%|████▎     | 803/1855 [16:07<28:51,  1.65s/it]lead: 1
pred mean: 6.786170959472656
lead: 5
pred mean: 6.821389675140381
lead: 3
pred mean: 6.794283866882324
lead: 1
pred mean: 6.805018424987793
lead: 3
pred mean: 6.809470176696777
lead: 1
pred mean: 6.826293468475342
lead: 2
pred mean: 6.823398113250732
lead: 0
pred mean: 6.8242597579956055
 43%|████▎     | 804/1855 [16:08<26:36,  1.52s/it]lead: 0
pred mean: 6.795779228210449
lead: 3
pred mean: 6.787290573120117
lead: 3
pred mean: 6.785104751586914
lead: 0
pred mean: 6.787888526916504
lead: 5
pred mean: 6.7861151695251465
lead: 2
pred mean: 6.796553134918213
lead: 2
pred mean: 6.804401397705078
lead: 4
pred mean: 6.8166069984436035
 43%|████▎     | 805/1855 [16:10<25:01,  1.43s/it]                                                  {'loss': 9.5525, 'learning_rate': 0.00013946069364671577, 'epoch': 2.17}
 43%|████▎     | 805/1855 [16:10<25:01,  1.43s/it]lead: 0
pred mean: 6.827124118804932
lead: 2
pred mean: 6.8258819580078125
lead: 0
pred mean: 6.8322649002075195
lead: 4
pred mean: 6.8547563552856445
lead: 0
pred mean: 6.855116844177246
lead: 3
pred mean: 6.839836597442627
lead: 4
pred mean: 6.844409942626953
lead: 4
pred mean: 6.8277058601379395
 43%|████▎     | 806/1855 [16:11<23:45,  1.36s/it]lead: 1
pred mean: 6.79606294631958
lead: 5
pred mean: 6.844720840454102
lead: 2
pred mean: 6.802716255187988
lead: 0
pred mean: 6.83541202545166
lead: 4
pred mean: 6.848390102386475
lead: 2
pred mean: 6.835585117340088
lead: 3
pred mean: 6.834695339202881
lead: 1
pred mean: 6.8382039070129395
 44%|████▎     | 807/1855 [16:12<22:50,  1.31s/it]lead: 3
pred mean: 6.847935676574707
lead: 0
pred mean: 6.840775489807129
lead: 2
pred mean: 6.837594509124756
lead: 0
pred mean: 6.842848300933838
lead: 1
pred mean:lead:  6.85032415390014655

pred mean: 6.849071025848389
lead: 3
pred mean: 6.8402862548828125
lead: 2
pred mean: 6.838683128356934
 44%|████▎     | 808/1855 [16:13<22:14,  1.27s/it]lead: 5
pred mean: 6.8180108070373535
lead: 0
pred mean: 6.824700355529785
lead: 4
pred mean: 6.812490463256836
lead: 1
pred mean: 6.8387250900268555
lead: 0
pred mean: 6.834684371948242
lead: 3
pred mean: 6.842803478240967
lead: 1
pred mean: 6.8315348625183105
lead: 4
pred mean: 6.83866548538208
 44%|████▎     | 809/1855 [16:14<21:48,  1.25s/it]lead: 3
pred mean: 6.866544246673584
lead: 2
pred mean: 6.8680830001831055
lead: 0
pred mean: 6.873268127441406
lead: 4
pred mean: 6.87401008605957
lead: 4
pred mean: 6.851791858673096
lead: 1
pred mean: 6.877593994140625
lead: 3
pred mean: 6.849072456359863
lead: 1
pred mean: 6.855209827423096
 44%|████▎     | 810/1855 [16:16<21:27,  1.23s/it]                                                  {'loss': 9.4985, 'learning_rate': 0.00013859417370087228, 'epoch': 2.18}
 44%|████▎     | 810/1855 [16:16<21:27,  1.23s/it]lead: 1
pred mean: 6.867297649383545
lead: 0
pred mean: 6.86753511428833
lead: 0
pred mean: 6.825474739074707
lead: 2
pred mean: 6.850803852081299
lead: 2
pred mean: 6.861764907836914
lead: 2
pred mean: 6.85357141494751
lead: 4
pred mean: 6.853178977966309
lead: 5
pred mean: 6.868396282196045
 44%|████▎     | 811/1855 [16:17<21:18,  1.22s/it]lead: 5
pred mean: 6.844162940979004
lead: 4
pred mean: 6.841738224029541
lead: 2
pred mean: 6.870151042938232
lead: 3
pred mean: 6.887436389923096
lead: 4
pred mean: 6.870033264160156
lead: 4
pred mean: 6.852230072021484
lead: 3
pred mean: 6.864999771118164
lead: 5
pred mean: 6.853625774383545
 44%|████▍     | 812/1855 [16:18<21:11,  1.22s/it]lead: 3
pred mean: 6.848083019256592
lead: 0
pred mean: 6.868436813354492
lead: 5
pred mean: 6.89042854309082
lead: 4
pred mean: 6.8536553382873535
lead: 1
pred mean: 6.884494304656982
lead: 1
pred mean: 6.858144283294678
lead: 5
pred mean: 6.864109992980957
lead: 4
pred mean: 6.878061294555664
 44%|████▍     | 813/1855 [16:19<20:48,  1.20s/it]lead: 4
pred mean: 6.8751020431518555
lead: 4
pred mean: 6.896137237548828
lead: 2
lead: 3
pred mean: 6.879599571228027
pred mean: 6.8931965827941895
lead: 0
pred mean: 6.8651204109191895
lead: 1
lead: 3
pred mean: 6.877929210662842
pred mean: 6.872592449188232
lead: 5
pred mean: 6.882415294647217
 44%|████▍     | 814/1855 [16:20<20:43,  1.19s/it]lead: 5
pred mean: 6.913859844207764
lead: 0
pred mean: 6.923835277557373
lead: 4
pred mean: 6.880836486816406
lead: 4
pred mean: 6.912106990814209
lead: 0
pred mean: 6.907530784606934
lead: 4
pred mean: 6.902067184448242
lead: 1
pred mean: 6.895634651184082
lead: 1
pred mean: 6.907153606414795
 44%|████▍     | 815/1855 [16:21<20:44,  1.20s/it]                                                  {'loss': 9.4462, 'learning_rate': 0.00013772423517601604, 'epoch': 2.2}
 44%|████▍     | 815/1855 [16:21<20:44,  1.20s/it]lead: 3
pred mean: 6.898748397827148
lead: 5
pred mean: 6.8982014656066895
lead: 2
pred mean: 6.868831634521484
lead: 0
pred mean: 6.876896381378174
lead: 4
pred mean: 6.869562149047852
lead: 4
pred mean: 6.884206295013428
lead: 4
pred mean: 6.873538017272949
lead: 4
pred mean: 6.868012428283691
 44%|████▍     | 816/1855 [16:23<20:42,  1.20s/it]lead: 4
pred mean: 6.9050679206848145
lead: 5
pred mean: 6.900897979736328
lead: 1
pred mean: 6.8841986656188965
lead: 5
pred mean: 6.889157772064209
lead: 4
pred mean: 6.8987884521484375
lead: 0
pred mean: 6.851149082183838
lead: 3
pred mean: 6.868852615356445
lead: 3
pred mean: 6.881549835205078
 44%|████▍     | 817/1855 [16:24<20:42,  1.20s/it]lead: 5
pred mean: 6.9153852462768555
lead: 2
pred mean: 6.90658712387085
lead: 1
pred mean: 6.9390764236450195
lead: 1
pred mean: 6.9219841957092285
lead: 1
pred mean: 6.92779541015625
lead: 2
pred mean: 6.915777206420898
lead: 5
pred mean: 6.9018988609313965
lead: 0
pred mean: 6.919052600860596
 44%|████▍     | 818/1855 [16:25<20:41,  1.20s/it]lead: 5
pred mean: 6.913410186767578
lead: 3
pred mean: 6.917486190795898
lead: 1
pred mean: 6.917663097381592
lead: 2
pred mean: 6.913260459899902
lead: 5
pred mean: 6.9284563064575195
lead: 0
pred mean: 6.906575679779053
lead: 0
pred mean: 6.920314788818359
lead: 4
pred mean: 6.914331436157227
 44%|████▍     | 819/1855 [16:26<20:32,  1.19s/it]lead: 3
pred mean: 6.926646709442139
lead: 4
lead: 2
pred mean: 6.90312385559082
pred mean: 6.913069248199463
lead: 4
pred mean: 6.918140411376953
lead: 4
pred mean:lead:  6.91494894027710

pred mean: 6.9257025718688965
lead: 3
pred mean: 6.933438777923584
lead: 4
pred mean: 6.9193806648254395
 44%|████▍     | 820/1855 [16:27<20:24,  1.18s/it]                                                  {'loss': 9.3917, 'learning_rate': 0.0001368509551292077, 'epoch': 2.21}
 44%|████▍     | 820/1855 [16:27<20:24,  1.18s/it]lead: 1
pred mean: 6.919087886810303
lead: 3
pred mean: 6.948171615600586
lead: 1
pred mean: 6.903450012207031
lead: 0
pred mean: 6.901642799377441
lead: 3
pred mean: 6.924103736877441
lead: 2
pred mean: 6.924335479736328
lead: 0
pred mean: 6.913689613342285
lead: 2
pred mean: 6.93123722076416
 44%|████▍     | 821/1855 [16:29<20:29,  1.19s/it]lead: 0
pred mean: 6.9325737953186035
lead: 5
pred mean: 6.9276838302612305
lead: 0
pred mean: 6.935453414916992
lead: 1
pred mean: 6.924749851226807
lead: 0
pred mean: 6.929576396942139
lead: 0
pred mean: 6.921431064605713
lead: 3
pred mean: 6.946925163269043
lead: 1
pred mean: 6.922999382019043
 44%|████▍     | 822/1855 [16:30<20:30,  1.19s/it]lead: 5
pred mean: 6.948471546173096
lead: 5
pred mean: 6.948812484741211
lead: 2
pred mean: 6.9533867835998535
lead: 2
pred mean: 6.9520416259765625
lead: 2
pred mean: 6.943105697631836
lead: 5
pred mean: 6.946259498596191
lead: 5
pred mean: 6.949359893798828
lead: 3
pred mean: 6.940107822418213
 44%|████▍     | 823/1855 [16:31<20:29,  1.19s/it]lead: 2
pred mean: 6.93082857131958
lead: 4
pred mean: 6.924533367156982
lead: 1
pred mean: 6.927218914031982
lead:lead:  23

pred mean:pred mean:  6.9314618110656746.926907062530518

lead: 1
pred mean: 6.922727108001709
lead: 2
pred mean: 6.93999719619751
lead: 5
pred mean: 6.927907943725586
 44%|████▍     | 824/1855 [16:32<20:31,  1.19s/it]lead: 2
pred mean: 6.949553489685059
lead: 5
pred mean: 6.9314188957214355
lead: 3
pred mean: 6.9712300300598145
lead: 4
pred mean: 6.96815824508667
lead: 3
pred mean: 6.971047878265381
lead: 3
pred mean: 6.954592227935791
lead: 4
pred mean: 6.974435806274414
lead: 2
pred mean: 6.9583821296691895
 44%|████▍     | 825/1855 [16:33<20:29,  1.19s/it]                                                  {'loss': 9.3394, 'learning_rate': 0.0001359744109134919, 'epoch': 2.22}
 44%|████▍     | 825/1855 [16:33<20:29,  1.19s/it]lead:lead:  22

pred mean:pred mean:  6.9917287826538096.9866509437561035

lead: 2
pred mean: 7.016612529754639
lead: 5
pred mean: 6.97570276260376
lead: 4
pred mean: 6.987839221954346
lead: 5
pred mean: 6.989657878875732
lead: 3
pred mean: 6.968307971954346
lead: 5
pred mean: 6.978282451629639
 45%|████▍     | 826/1855 [16:35<20:33,  1.20s/it]lead: 2
pred mean: 6.897979259490967
lead: 4
pred mean: 6.929219722747803
lead: 4
pred mean: 6.924632549285889
lead: 0
pred mean: 6.902690410614014
lead: 1
pred mean: 6.934630393981934
lead: 0
pred mean: 6.923664093017578
lead: 2
pred mean: 6.899927139282227
lead: 1
pred mean: 6.91453218460083
 45%|████▍     | 827/1855 [16:36<20:23,  1.19s/it]lead: 0
pred mean: 6.981059551239014
lead: 5
lead: 5
pred mean: 6.981152057647705
pred mean: 6.997705459594727
lead: 5
pred mean: 6.977013111114502
lead: 0
pred mean: 6.98949670791626
lead: 1
pred mean: 6.9780192375183105
lead: 5
pred mean: 6.98937463760376
lead: 4
pred mean: 6.992070198059082
 45%|████▍     | 828/1855 [16:37<20:18,  1.19s/it]lead: 4
pred mean: 7.02660608291626
lead: 5
pred mean: 7.022622585296631
lead: 1
pred mean: 7.0125956535339355
lead: 2
pred mean: 7.014778137207031
lead: 3
pred mean: 7.011157512664795
lead: 2
pred mean: 7.006871223449707
lead: 1
pred mean: 7.015783786773682
lead: 1
pred mean: 6.9999308586120605
 45%|████▍     | 829/1855 [16:38<20:23,  1.19s/it]lead: 1
pred mean: 7.0079121589660645
lead: 4
pred mean: 7.000336647033691
lead: 3
pred mean: 7.007667541503906
lead: 4
pred mean: 7.007875919342041
lead: 0
lead: 5
pred mean: 7.016154766082764
pred mean: 7.00634241104126
lead: 3
pred mean: 6.994046688079834
lead: 3
pred mean: 7.029158592224121
 45%|████▍     | 830/1855 [16:39<20:12,  1.18s/it]                                                  {'loss': 9.2883, 'learning_rate': 0.00013509468017104543, 'epoch': 2.24}
 45%|████▍     | 830/1855 [16:39<20:12,  1.18s/it]lead: 1
pred mean: 6.930477142333984
lead: 0
pred mean: 6.977727890014648
lead: 1
pred mean: 6.9468536376953125
lead: 2
pred mean: 6.930276393890381
lead: 3
pred mean: 6.939482688903809
lead: 0
pred mean: 6.966804027557373
lead: 0
pred mean: 6.954010009765625
lead: 3
pred mean: 6.979705810546875
 45%|████▍     | 831/1855 [16:41<20:18,  1.19s/it]lead: 2
pred mean: 6.979159832000732
lead: 5
pred mean: 7.008180141448975
lead: 2
lead: 4
pred mean: 6.992134094238281
lead: 2
pred mean: 6.986271381378174
pred mean: 6.979141712188721
lead: 3
pred mean: 6.99419641494751
lead: 3
pred mean: 7.000583171844482
lead: 1
pred mean: 6.988050937652588
 45%|████▍     | 832/1855 [16:42<20:21,  1.19s/it]lead: 1
pred mean: 7.015534400939941
lead: 5
pred mean: 7.032455921173096
lead: 0
lead: 0
pred mean: 7.021683692932129
pred mean: 7.023832321166992
lead: 4
pred mean: 7.029874801635742
lead: 4
pred mean: 7.014065265655518
lead: 3
pred mean: 7.018524169921875
lead: 2
pred mean: 7.017001628875732
 45%|████▍     | 833/1855 [16:43<20:21,  1.20s/it]lead: 5
pred mean: 7.024501800537109
lead: 4
pred mean: 7.010812759399414
lead: 4
pred mean: 7.00773286819458
lead: 3
pred mean: 7.023989200592041
lead: 5
pred mean: 7.015732288360596
lead: 2
pred mean: 7.0293378829956055
lead: 1
pred mean: 7.030458927154541
lead: 5
pred mean: 7.0185346603393555
 45%|████▍     | 834/1855 [16:44<20:27,  1.20s/it]lead: lead:5 
2
pred mean: 7.01206636428833pred mean:
 7.011752605438232
lead: 5
pred mean: 6.998674392700195
lead: 1
pred mean: 7.016501426696777
lead: 0
pred mean: 7.021257400512695
lead: 1
lead: 3
pred mean: 7.006930828094482
pred mean: 7.029958724975586
lead: 2
pred mean: 7.04103946685791
 45%|████▌     | 835/1855 [16:45<20:21,  1.20s/it]                                                  {'loss': 9.2343, 'learning_rate': 0.00013421184082630002, 'epoch': 2.25}
 45%|████▌     | 835/1855 [16:45<20:21,  1.20s/it]lead: 3
pred mean: 7.019310474395752
lead: 2
pred mean: 7.039648532867432
lead: 3
pred mean: 7.02001953125
lead: 3
pred mean: 7.02276611328125
lead: 3
lead: 4
pred mean: 7.029265880584717
pred mean: 7.017034530639648
lead: 0
pred mean: 7.025114059448242
lead: 5
pred mean: 7.0203328132629395
 45%|████▌     | 836/1855 [16:47<20:27,  1.21s/it]lead: 3
pred mean: 7.0507988929748535
lead: 5
pred mean: 7.037976264953613
lead: 4
pred mean: 7.034366130828857
lead: 0
pred mean: 7.029863357543945
lead: 2
pred mean: 7.050220012664795
lead: 5
pred mean: 7.043769836425781
lead: 0
pred mean: 7.052279949188232
lead: 3
pred mean: 7.020637512207031
 45%|████▌     | 837/1855 [16:48<20:35,  1.21s/it]lead: 2
pred mean: 7.051892280578613
lead: 4
pred mean: 7.062136650085449
lead: 1
pred mean: 7.061069965362549
lead: 1
pred mean: 7.088329792022705
lead: 0
pred mean: 7.048888206481934
lead: 1
pred mean: 7.059911727905273
lead: 0
pred mean: 7.062554359436035
lead: 3
pred mean: 7.0556817054748535
 45%|████▌     | 838/1855 [16:49<20:25,  1.21s/it]lead: 5
pred mean: 7.0078840255737305
lead: 1
pred mean: 7.028249740600586
lead: 1
pred mean: 7.023819446563721
lead: 3
pred mean: 7.016869068145752
lead: 1
pred mean: 7.035872459411621
lead: 5
lead:pred mean:  57.005967140197754

pred mean: 7.004236698150635
lead: 4
pred mean: 7.018121719360352
 45%|████▌     | 839/1855 [16:50<20:23,  1.20s/it]lead: 5
pred mean: 7.050655841827393
lead: 5
pred mean:lead:  7.0511999130249023

pred mean: 7.060241222381592
lead: 5
pred mean: 7.038334846496582
lead: 1
pred mean: 7.0432634353637695
lead: 4
pred mean: 7.027312278747559
lead: 2
pred mean: 7.0393242835998535
lead: 2
pred mean: 7.033694267272949
 45%|████▌     | 840/1855 [16:51<20:24,  1.21s/it]                                                  {'loss': 9.1819, 'learning_rate': 0.00013332597107903994, 'epoch': 2.26}
 45%|████▌     | 840/1855 [16:51<20:24,  1.21s/it]lead: 5
pred mean: 7.064751625061035
lead: 1
pred mean: 7.077872276306152
lead: 2
pred mean: 7.035743236541748
lead: 1
pred mean: 7.069262981414795
lead: 2
pred mean: 7.046972751617432
lead: 4
pred mean: 7.07689905166626
lead: 4
pred mean: 7.076854228973389
lead: 4
pred mean: 7.047077178955078
 45%|████▌     | 841/1855 [16:53<20:10,  1.19s/it]lead: 0
pred mean: 7.034834861755371
lead: 3
pred mean: 7.047759056091309
lead: 5
pred mean: 7.052655220031738
lead: 0
pred mean: 7.0448174476623535
lead: 3
pred mean: 7.048144817352295
lead: 5
pred mean: 7.0528998374938965
lead: 5
pred mean: 7.041797161102295
lead: 5
pred mean: 7.06118106842041
 45%|████▌     | 842/1855 [16:54<20:13,  1.20s/it]lead: 3
pred mean: 7.062011241912842
lead: 2
pred mean: 7.076696395874023
lead: 3
pred mean:lead:  27.083648681640625

pred mean: 7.0803303718566895
lead: 4
pred mean: 7.071656703948975
lead: 0
pred mean: 7.088043212890625
lead: 2
pred mean: 7.0801897048950195
lead: 5
pred mean: 7.0735554695129395
 45%|████▌     | 843/1855 [16:55<20:13,  1.20s/it]lead: 1
pred mean: 7.081419944763184
lead: 0
pred mean: 7.086182594299316
lead: 2
pred mean: 7.097249984741211
lead: 4
pred mean: 7.072957992553711
lead: 0
pred mean: 7.069677829742432
lead: 1
lead: 3
pred mean: 7.083227634429932
pred mean: 7.092528343200684
lead: 4
pred mean: 7.077813148498535
 45%|████▌     | 844/1855 [16:56<20:10,  1.20s/it]lead: 4
pred mean: 7.050156593322754
lead: 3
pred mean: 7.049815654754639
lead: 5
pred mean: 7.0798211097717285
lead: 0
lead: 2
pred mean: 7.042025566101074
pred mean: 7.067107677459717
lead: 3
pred mean: 7.047215461730957
lead: 1
pred mean: 7.0533647537231445
lead: 5
pred mean: 7.059396743774414
 46%|████▌     | 845/1855 [16:57<20:06,  1.19s/it]                                                  {'loss': 9.1324, 'learning_rate': 0.00013243714939747506, 'epoch': 2.28}
 46%|████▌     | 845/1855 [16:57<20:06,  1.19s/it]lead: 3
pred mean: 7.109013557434082
lead: 0
pred mean: 7.105662822723389
lead: 2
pred mean: 7.1161112785339355
lead: 5
pred mean: 7.098837852478027
lead: 0
pred mean: 7.109205722808838
lead: 4
pred mean: 7.108458518981934
lead: 5
pred mean: 7.108997344970703
lead: 2
pred mean: 7.110806941986084
 46%|████▌     | 846/1855 [16:59<20:02,  1.19s/it]lead: 2
pred mean: 7.126336097717285
lead: 5
pred mean: 7.099026203155518
lead: 1
pred mean: 7.09928560256958
lead: 3
pred mean: 7.090659141540527
lead: 3
pred mean: 7.10527229309082
lead: 1
pred mean: 7.095116138458252
lead: 3
pred mean: 7.103972911834717
lead: 3
pred mean: 7.10393762588501
 46%|████▌     | 847/1855 [17:00<19:56,  1.19s/it]lead: 5
pred mean: 7.082373142242432
lead:lead:  20

pred mean: pred mean:7.083874702453613 
7.055860996246338
lead: 5
pred mean: 7.081870079040527
lead: 5
pred mean: 7.076350212097168
lead: 5
pred mean: 7.071939468383789
lead: 1
pred mean: 7.060565948486328
lead: 5
pred mean: 7.078564167022705
 46%|████▌     | 848/1855 [17:01<19:56,  1.19s/it]lead: 3
pred mean: 7.098259925842285
lead: 2
pred mean: 7.105757713317871
lead: 0
pred mean: 7.101132869720459
lead: 5
pred mean: 7.109817981719971
lead: 4
pred mean: 7.106379508972168
lead: 1
pred mean: 7.094946384429932
lead: 5
pred mean: 7.096601963043213
lead: 4
pred mean: 7.109827995300293
 46%|████▌     | 849/1855 [17:02<19:52,  1.19s/it]lead: 4
pred mean: 7.136663436889648
lead: 5
pred mean: 7.123330593109131
lead: 5
pred mean: 7.129631996154785
lead: 2
pred mean: 7.122209548950195
lead: 2
pred mean: 7.131104469299316
lead: 3
pred mean: 7.129827976226807
lead: 3
pred mean: 7.135304927825928
lead: 1
pred mean: 7.1387786865234375
 46%|████▌     | 850/1855 [17:03<19:50,  1.18s/it]                                                  {'loss': 9.0804, 'learning_rate': 0.0001315454545112907, 'epoch': 2.29}
 46%|████▌     | 850/1855 [17:03<19:50,  1.18s/it]lead: 5
pred mean: 7.128729343414307
lead: 4
pred mean: 7.133930206298828
lead: 4
pred mean: 7.125842571258545
lead: 0
pred mean: 7.131155967712402
lead: 5
pred mean: 7.134106159210205
lead: 5
pred mean: 7.13121223449707
lead: 0
pred mean: 7.124557971954346
lead: 3
pred mean: 7.131320476531982
 46%|████▌     | 851/1855 [17:04<19:54,  1.19s/it]lead: 2
pred mean: 7.109339237213135
lead: 2
pred mean: 7.115732192993164
lead: 0
pred mean: 7.0981340408325195
lead: 0
pred mean: 7.1104655265808105
lead: 0
pred mean: 7.103958606719971
lead: 3
pred mean: 7.10088586807251
lead: 1
pred mean: 7.106842994689941
lead: 4
pred mean: 7.110651016235352
 46%|████▌     | 852/1855 [17:06<19:48,  1.18s/it]lead: 5
pred mean: 7.080700874328613
lead: 4
lead: 2
pred mean: 7.0981621742248535
pred mean: 7.084283828735352
lead: 5
pred mean: 7.0892157554626465
lead: 1
pred mean: 7.081380367279053
lead: 2
pred mean: 7.094777584075928
lead: 5
pred mean: 7.099386215209961
lead: 0
pred mean: 7.070789337158203
 46%|████▌     | 853/1855 [17:07<19:44,  1.18s/it]lead: 0
pred mean: 7.153508186340332
lead: 2
pred mean: 7.164701461791992
lead: 3
pred mean: 7.162550449371338
lead: 3
pred mean: 7.170560359954834
lead: 4
lead: 4
pred mean: 7.144808292388916
pred mean: 7.148782253265381
lead: 2
pred mean: 7.138979434967041
lead: 5
pred mean: 7.14720344543457
 46%|████▌     | 854/1855 [17:08<19:47,  1.19s/it]lead: 0
pred mean: 7.170356273651123
lead: 0
pred mean: 7.1758036613464355
lead: 0
pred mean: 7.180104732513428
lead: 2
pred mean: 7.1706976890563965
lead: 1
pred mean: 7.168074607849121
lead: 1
lead: 2
pred mean: 7.179038047790527
pred mean: 7.188243389129639
lead: 1
pred mean: 7.167562007904053
 46%|████▌     | 855/1855 [17:09<19:47,  1.19s/it]                                                  {'loss': 9.0278, 'learning_rate': 0.00013065096540467358, 'epoch': 2.3}
 46%|████▌     | 855/1855 [17:09<19:47,  1.19s/it]lead: 5
pred mean: 7.136805534362793
lead: 1
pred mean: 7.140951156616211
lead: 5
pred mean: 7.143422603607178
lead: 2
pred mean: 7.1363935470581055
lead: 5
pred mean: 7.14064884185791
lead: 1
pred mean: 7.136109352111816
lead: 5
pred mean: 7.142871379852295
lead: 5
pred mean: 7.116435527801514
 46%|████▌     | 856/1855 [17:10<19:51,  1.19s/it]lead: 2
pred mean: 7.130515098571777
lead: 2
pred mean: 7.143865585327148
lead: 4
pred mean: 7.126013278961182
lead: 5
pred mean: 7.1162519454956055
lead: 3
pred mean: 7.141419887542725
lead: 4
pred mean: 7.131721496582031
lead: 5
pred mean: 7.137048721313477
lead: 1
pred mean: 7.129855155944824
 46%|████▌     | 857/1855 [17:12<19:52,  1.19s/it]lead: 2
pred mean: 7.167030334472656
lead: 4
pred mean: lead:7.157537460327148 
0
pred mean: 7.161384105682373
lead: 5
pred mean: 7.176942348480225
lead: 1
pred mean: 7.142182350158691
lead: 0
pred mean: 7.1595001220703125
lead: 4
pred mean: 7.165197372436523
lead: 4
pred mean: 7.1482110023498535
 46%|████▋     | 858/1855 [17:13<19:47,  1.19s/it]lead: 3
pred mean: 7.17197847366333
lead: 3
lead: pred mean:5 
7.177231311798096
pred mean: 7.1828436851501465
lead:lead:  20

pred mean:pred mean:  7.1643910408020027.170735836029053

lead: 3
pred mean: 7.173799991607666
lead: 3
pred mean: 7.174589157104492
lead: 5
pred mean: 7.168968677520752
 46%|████▋     | 859/1855 [17:14<19:50,  1.19s/it]lead: 5
pred mean: 7.170596122741699
lead: 5
pred mean: 7.17704963684082
lead: 5
pred mean: 7.173430919647217
lead: 1
pred mean: 7.169719219207764
lead: 5
pred mean: 7.174380779266357
lead: 3
pred mean: 7.155440330505371
lead: 4
pred mean: 7.160787105560303
lead: 2
pred mean: 7.159277439117432
 46%|████▋     | 860/1855 [17:15<19:47,  1.19s/it]                                                  {'loss': 8.9758, 'learning_rate': 0.00012975376130931583, 'epoch': 2.32}
 46%|████▋     | 860/1855 [17:15<19:47,  1.19s/it]lead: 3
pred mean: 7.155135154724121
lead: 4
pred mean: 7.1667280197143555
lead: 5
pred mean: 7.176651954650879
lead: 4
pred mean: 7.156214714050293
lead: 1
pred mean: 7.166350364685059
lead: 1
pred mean: 7.152674198150635
lead: 4
pred mean: 7.1732096672058105
lead: 3
pred mean: 7.166179180145264
 46%|████▋     | 861/1855 [17:16<19:51,  1.20s/it]lead: 4
pred mean: 7.182981014251709
lead: 5
pred mean: 7.178229808807373
lead: 2
pred mean: 7.160823822021484
lead: 1
pred mean: 7.165838718414307
lead: 5
pred mean: 7.181519985198975
lead: 1
pred mean: 7.1709418296813965
lead: 3
pred mean: 7.180266857147217
lead: 2
pred mean: 7.175591468811035
 46%|████▋     | 862/1855 [17:18<19:46,  1.20s/it]lead: 0
pred mean: 7.2133283615112305
lead: 0
pred mean: 7.202716827392578
lead: 3
pred mean: 7.189473628997803
lead: 4
pred mean: 7.20842170715332
lead: 3
pred mean: 7.195027828216553
lead: 5
pred mean: 7.211089611053467
lead: 2
pred mean: 7.211157321929932
lead: 2
pred mean: 7.214970111846924
 47%|████▋     | 863/1855 [17:19<19:45,  1.20s/it]lead: 1
pred mean: 7.185606002807617
lead: 5
pred mean: 7.191806316375732
lead: 4
pred mean: 7.1966352462768555
lead: 3
lead: 0
pred mean: 7.174290657043457
pred mean: 7.202645778656006
lead: 4
pred mean: 7.189258575439453
lead: 5
pred mean: 7.1853532791137695
lead: 4
pred mean: 7.186318874359131
 47%|████▋     | 864/1855 [17:20<19:42,  1.19s/it]lead: 1
pred mean: 7.2265520095825195
lead: 5
pred mean: 7.209428787231445
lead: 0
pred mean: 7.200428009033203
lead: 4
pred mean: 7.215559959411621
lead: 1
pred mean: 7.2146525382995605
lead: 1
pred mean: 7.204049587249756
lead: 4
pred mean: 7.211226463317871
lead: 5
pred mean: 7.209702014923096
 47%|████▋     | 865/1855 [17:21<19:45,  1.20s/it]                                                  {'loss': 8.9254, 'learning_rate': 0.00012885392169739666, 'epoch': 2.33}
 47%|████▋     | 865/1855 [17:21<19:45,  1.20s/it]lead: 2
pred mean: 7.186336517333984
lead: 3
pred mean: 7.204101085662842
lead: 2
pred mean: 7.203834056854248
lead: 1
pred mean: 7.1837849617004395
lead: 5
pred mean: 7.191725730895996
lead: 2
pred mean: 7.192326068878174
lead: 4
pred mean: 7.177279472351074
lead: 5
pred mean: 7.1989240646362305
 47%|████▋     | 866/1855 [17:22<19:49,  1.20s/it]lead: 1
pred mean: 7.214972972869873
lead: 2
pred mean: 7.241270065307617
lead: 4
pred mean: 7.220670700073242
lead: 0
pred mean: 7.235426902770996
lead: 5
pred mean: 7.248730182647705
lead: 4
pred mean: 7.23006010055542
lead: 4
pred mean: 7.233124732971191
lead: 1
pred mean: 7.231391429901123
 47%|████▋     | 867/1855 [17:24<19:52,  1.21s/it]lead: 3
pred mean: 7.246208667755127
lead: 2
pred mean: 7.2212419509887695
lead: 4
pred mean: 7.2305707931518555
lead: 4
pred mean: 7.231168746948242
lead: 2
pred mean: 7.253464221954346
lead: 4
pred mean: 7.21618127822876
lead: 2
pred mean: 7.224771022796631
lead: 4
pred mean: 7.230062007904053
 47%|████▋     | 868/1855 [17:25<19:58,  1.21s/it]lead: 2
pred mean: 7.230480670928955
lead: 3
pred mean: 7.233168125152588
lead: 5
pred mean: 7.203831195831299
lead: 4
pred mean: 7.22767972946167
lead: 0
pred mean: 7.222442626953125
lead: 5
pred mean: 7.215958118438721
lead: 3
pred mean: 7.234572410583496
lead: 0
pred mean: 7.2216644287109375
 47%|████▋     | 869/1855 [17:26<19:51,  1.21s/it]lead: 2
pred mean: 7.185382843017578
lead: 1
pred mean: 7.20360803604126
lead: 1
lead: 5
pred mean: 7.189664840698242
pred mean: 7.215786457061768
lead: 0
pred mean: 7.192213535308838
lead: 5
pred mean: 7.19787073135376
lead: 2
pred mean: 7.189809799194336
lead: 3
pred mean: 7.213927268981934
 47%|████▋     | 870/1855 [17:27<19:44,  1.20s/it]                                                  {'loss': 8.8773, 'learning_rate': 0.00012795152627454302, 'epoch': 2.35}
 47%|████▋     | 870/1855 [17:27<19:44,  1.20s/it]lead: 5
pred mean: 7.261191368103027
lead: 2
pred mean: 7.2215776443481445
lead: 2
pred mean: 7.24810266494751
lead: 1
pred mean: 7.249408721923828
lead: 4
lead: 5
pred mean: 7.2434234619140625
pred mean: 7.252638339996338
lead: 1
pred mean: 7.256346702575684
lead: 4
pred mean: 7.250704288482666
 47%|████▋     | 871/1855 [17:28<19:32,  1.19s/it]lead: 5
pred mean: 7.25675630569458
lead: 1
pred mean: 7.2453694343566895
lead: 1
pred mean: 7.2614336013793945
lead: 1
pred mean: 7.240900039672852
lead: 2
pred mean: 7.228332042694092
lead: 0
pred mean: 7.247223854064941
lead: 3
pred mean: 7.235964298248291
lead: 1
pred mean: 7.236422538757324
 47%|████▋     | 872/1855 [17:30<20:05,  1.23s/it]lead: 4
pred mean: 7.2577223777771
lead: 0
pred mean: 7.265256404876709
lead: 5
pred mean: 7.27389669418335
lead: 3
pred mean: 7.280022144317627
lead: 0
lead: 4
pred mean: 7.26470422744751
pred mean: 7.2705230712890625
lead: 0
pred mean: 7.270655632019043
lead: 0
pred mean: 7.252069473266602
 47%|████▋     | 873/1855 [17:31<19:53,  1.22s/it]lead: 5
pred mean: 7.230247974395752
lead: 3
pred mean: 7.211425304412842
lead: 5
pred mean: 7.238194465637207
lead: 1
pred mean: 7.237673282623291
lead: 3
pred mean: 7.217532157897949
lead: 1
pred mean: 7.204383850097656
lead: 2
pred mean: 7.1959147453308105
lead: 3
pred mean: 7.213906764984131
 47%|████▋     | 874/1855 [17:32<19:50,  1.21s/it]lead: 2
pred mean: 7.277309894561768
lead: 3
pred mean: 7.270686149597168
lead: 2
pred mean: 7.284863471984863
lead: 1
pred mean: 7.27238130569458
lead: 4
lead: 2
pred mean: 7.269728660583496
pred mean: 7.295584678649902
lead: 2
pred mean: 7.290719509124756
lead: 5
pred mean: 7.281612873077393
 47%|████▋     | 875/1855 [17:33<20:09,  1.23s/it]                                                  {'loss': 8.8276, 'learning_rate': 0.00012704665497276953, 'epoch': 2.36}
 47%|████▋     | 875/1855 [17:33<20:09,  1.23s/it]lead: 0
pred mean: 7.286280632019043
lead: 0
pred mean: 7.300047874450684
lead: 1
pred mean: 7.294278621673584
lead: 3
pred mean: 7.312028884887695
lead: 3
pred mean: 7.295832633972168
lead: 0
pred mean: 7.266262054443359
lead: 5
pred mean: 7.302210807800293
lead: 3
pred mean: 7.289685249328613
 47%|████▋     | 876/1855 [17:35<19:53,  1.22s/it]lead: 4
pred mean: 7.263878345489502
lead: 2
pred mean: 7.2643842697143555
lead: 1
pred mean: 7.248398303985596
lead: 0
pred mean: 7.247569561004639
lead: 1
pred mean: 7.256482124328613
lead: 0
pred mean: 7.268621444702148
lead: 0
pred mean: 7.258502960205078
lead: 3
pred mean: 7.2731451988220215
 47%|████▋     | 877/1855 [17:36<19:43,  1.21s/it]lead: 5
pred mean: 7.28817081451416
lead: 5
pred mean: 7.27805757522583
lead: 3
pred mean: 7.293949604034424
lead: 4
pred mean: 7.280542373657227
lead: 3
pred mean: 7.2914934158325195
lead: 1
pred mean: 7.300149440765381
lead: 4
pred mean: 7.302642345428467
lead: 5
pred mean: 7.309906959533691
 47%|████▋     | 878/1855 [17:37<19:36,  1.20s/it]lead: 0
pred mean: 7.291789531707764
lead: 3
pred mean: 7.312105655670166
lead: 4
pred mean: 7.294255256652832
lead: 0
pred mean: 7.290968894958496
lead: 1
pred mean: 7.3028364181518555
lead: 1
pred mean: 7.291532039642334
lead: 2
pred mean: 7.285708904266357
lead: 0
pred mean: 7.311961650848389
 47%|████▋     | 879/1855 [17:38<19:33,  1.20s/it]lead: 4
pred mean: 7.308723449707031
lead:lead:  32

pred mean:pred mean:  7.3136415481567387.308600902557373

lead: 3
pred mean: 7.314033031463623
lead: 0
pred mean: 7.299258232116699
lead: 4
pred mean: 7.3137969970703125
lead: 1
pred mean: 7.293872356414795
lead: 0
pred mean: 7.301701068878174
 47%|████▋     | 880/1855 [17:39<19:28,  1.20s/it]                                                  {'loss': 8.7776, 'learning_rate': 0.0001261393879433981, 'epoch': 2.37}
 47%|████▋     | 880/1855 [17:39<19:28,  1.20s/it]lead: 4
pred mean: 7.304174423217773
lead: 1
pred mean: 7.283064365386963
lead: 0
pred mean: 7.299806118011475
lead: 1
pred mean: 7.306855201721191
lead: 2
pred mean: 7.300793647766113
lead: 3
pred mean: 7.305843353271484
lead: 4
pred mean: 7.308244705200195
lead: 3
pred mean: 7.298247337341309
 47%|████▋     | 881/1855 [17:41<19:27,  1.20s/it]lead: 3
pred mean: 7.2948503494262695
lead: 2
pred mean: 7.276308536529541
lead: 1
pred mean: 7.295738697052002
lead: 3
lead: 2
pred mean: 7.2973456382751465
pred mean: 7.293720245361328
lead: 0
pred mean: 7.272182941436768
lead: 3
pred mean: 7.280406475067139
lead: 1
pred mean: 7.283758640289307
 48%|████▊     | 882/1855 [17:42<19:31,  1.20s/it]lead: 2
pred mean: 7.319553852081299
lead: 4
pred mean: 7.310003280639648
lead: 1
lead: 4
lead:pred mean:  47.300332546234131

pred mean: 7.308244228363037
pred mean: 7.309282302856445
lead: 4
pred mean: 7.31713342666626
lead: 4
pred mean: 7.291161060333252
lead: 1
pred mean: 7.300328254699707
 48%|████▊     | 883/1855 [17:43<19:30,  1.20s/it]lead: 4
pred mean: 7.341571807861328
lead: 3
pred mean: 7.316245079040527
lead: 0
pred mean: 7.327663898468018
lead: 0
pred mean: 7.3241071701049805
lead: 1
pred mean: 7.339552402496338
lead: 2
pred mean: 7.347329616546631
lead: 4
pred mean: 7.344814777374268
lead: 4
pred mean: 7.332699298858643
 48%|████▊     | 884/1855 [17:44<19:22,  1.20s/it]lead: 3
pred mean: 7.3135223388671875
lead: 1
pred mean: 7.326269626617432
lead: 1
pred mean: 7.336056232452393
lead: 5
pred mean: 7.327451229095459
lead: 2
pred mean: 7.335267543792725
lead: 0
pred mean: 7.318716049194336
lead: 4
lead:pred mean:  47.337364673614502

pred mean: 7.341626167297363
 48%|████▊     | 885/1855 [17:45<19:16,  1.19s/it]                                                  {'loss': 8.7276, 'learning_rate': 0.00012522980554995842, 'epoch': 2.39}
 48%|████▊     | 885/1855 [17:45<19:16,  1.19s/it]lead: 1
pred mean: 7.312835216522217
lead: 1
pred mean: 7.302672386169434
lead: 1
pred mean: 7.3235907554626465
lead: 3
pred mean: 7.309351921081543
lead: 3
pred mean: 7.32474946975708
lead: 3
pred mean: 7.3149847984313965
lead: 5
pred mean: 7.313444137573242
lead: 1
pred mean: 7.29711389541626
 48%|████▊     | 886/1855 [17:46<19:17,  1.19s/it]lead: 4
pred mean: 7.335652828216553
lead: 3
pred mean: 7.341482162475586
lead: 4
lead: 1
pred mean: 7.342742443084717
pred mean: 7.356622695922852
lead: 1
pred mean: 7.3359904289245605
lead: 0
pred mean: 7.350759506225586
lead: 3
pred mean: 7.339148044586182
lead: 2
pred mean: 7.343522548675537
 48%|████▊     | 887/1855 [17:48<19:18,  1.20s/it]lead: 2
pred mean: 7.335124492645264
lead: 3
pred mean: 7.337342739105225
lead: 3
pred mean: 7.326004505157471
lead: 0
pred mean: 7.335002422332764
lead: 2
pred mean: 7.342635154724121
lead: 0
pred mean: 7.3079400062561035
lead: 1
pred mean: 7.3288774490356445
lead: 4
pred mean: 7.3387885093688965
 48%|████▊     | 888/1855 [17:49<19:21,  1.20s/it]lead: 3
lead: 2
pred mean: 7.34507942199707
pred mean: 7.342678546905518
lead: 3
lead:pred mean:  37.345434665679932

pred mean: 7.356814861297607
lead: 2
pred mean: 7.328500747680664
lead: 4
pred mean: 7.338918685913086
lead: 4
pred mean: 7.337270736694336
lead: 0
pred mean: 7.341992378234863
 48%|████▊     | 889/1855 [17:50<19:18,  1.20s/it]lead: 5
pred mean: 7.374182224273682
lead: 1
pred mean: 7.36876106262207
lead: 4
pred mean: 7.3584513664245605
lead: 3
pred mean: 7.383282661437988
lead: 5
lead: 4
pred mean: 7.363555431365967
pred mean: 7.366621971130371
lead: 2
pred mean: 7.366152286529541
lead: 3
pred mean: 7.362585544586182
 48%|████▊     | 890/1855 [17:51<19:32,  1.21s/it]                                                  {'loss': 8.6788, 'learning_rate': 0.00012431798836106965, 'epoch': 2.4}
 48%|████▊     | 890/1855 [17:51<19:32,  1.21s/it]lead: 2
pred mean: 7.3674397468566895
lead: 5
pred mean: 7.3677449226379395
lead: 4
pred mean: 7.358285427093506
lead: 1
pred mean: 7.3592705726623535
lead: 1
pred mean: 7.365603446960449
lead: 0
pred mean: 7.3555827140808105
lead: 5
pred mean: 7.35469388961792
lead: 3
pred mean: 7.366899013519287
 48%|████▊     | 891/1855 [17:53<19:21,  1.20s/it]lead: 5
pred mean: 7.371343612670898
lead: 1
pred mean: 7.370434761047363
lead: 0
pred mean: 7.390695571899414
lead: 5
pred mean: 7.376315593719482
lead: 0
pred mean: 7.359562873840332
lead: 2
pred mean: 7.372410774230957
lead: 1
pred mean: 7.365450382232666
lead: 2
pred mean: 7.358126163482666
 48%|████▊     | 892/1855 [17:54<19:19,  1.20s/it]lead: 2
pred mean: 7.35814905166626
lead: 1
pred mean: 7.362453937530518
lead:lead:  41

pred mean:pred mean:  7.372048854827881
7.354145050048828
lead: 2
pred mean: 7.35167121887207
lead: 2
pred mean: 7.366859436035156
lead: 1
pred mean: 7.374297618865967
lead: 4
pred mean: 7.3652167320251465
 48%|████▊     | 893/1855 [17:55<19:15,  1.20s/it]lead: 2
pred mean: 7.390108585357666
lead: 0
pred mean: 7.38261604309082
lead: 1
lead: 2
pred mean: 7.383362770080566
pred mean: 7.389462947845459
lead: 2
pred mean: 7.388936996459961
lead: 1
pred mean: 7.3836140632629395
lead: 3
pred mean: 7.3795294761657715
lead: 4
pred mean: 7.378382682800293
 48%|████▊     | 894/1855 [17:56<19:14,  1.20s/it]lead: 3
pred mean: 7.389466285705566
lead: 2
pred mean: 7.375702857971191
lead: 5
pred mean: 7.382381439208984
lead: 5
pred mean: 7.40179443359375
lead: 5
pred mean: 7.394320011138916
lead: 5
pred mean: 7.389307498931885
lead: 2
pred mean: 7.392757415771484
lead: 4
pred mean: 7.380265712738037
 48%|████▊     | 895/1855 [17:57<19:12,  1.20s/it]                                                  {'loss': 8.6302, 'learning_rate': 0.00012340401714330368, 'epoch': 2.41}
 48%|████▊     | 895/1855 [17:57<19:12,  1.20s/it]lead: 4
pred mean: 7.3737101554870605
lead: 0
pred mean: 7.366074085235596
lead: 3
pred mean: 7.352449893951416
lead: 4
pred mean: 7.345418453216553
lead: 4
pred mean: 7.369966983795166
lead: 0
lead: 1
pred mean: 7.360792636871338
pred mean: 7.365241527557373
lead: 5
pred mean: 7.3666462898254395
 48%|████▊     | 896/1855 [17:59<19:16,  1.21s/it]lead: 4
pred mean: 7.372331619262695
lead: 0
pred mean: 7.39420747756958
lead: 1
pred mean: 7.360232830047607
lead: 2
pred mean: 7.402072429656982
lead: 2
pred mean: 7.374631881713867
lead: 2
pred mean: 7.371976852416992
lead: 1
pred mean: 7.386488437652588
lead: 3
pred mean: 7.391734600067139
 48%|████▊     | 897/1855 [18:00<19:16,  1.21s/it]lead: 1
pred mean: 7.410473823547363
lead: 0
pred mean: 7.4209699630737305
lead: 1
pred mean: 7.438077926635742
lead: 0
pred mean: 7.415408134460449
lead: 2
pred mean: 7.42039155960083
lead: 3
pred mean: 7.431812286376953
lead: 4
pred mean: 7.432608604431152
lead: 2
pred mean: 7.436554908752441
 48%|████▊     | 898/1855 [18:01<19:06,  1.20s/it]lead: 5
pred mean: 7.42214298248291
lead: 0
pred mean: 7.427178382873535
lead: 5
pred mean: 7.410118579864502
lead: 0
pred mean: 7.43065881729126
lead: 5
pred mean: 7.399228572845459
lead:lead:  12

pred mean: pred mean:7.4096598625183105 
7.410467147827148
lead: 2
pred mean: 7.411157608032227
 48%|████▊     | 899/1855 [18:02<19:05,  1.20s/it]lead: 1
pred mean: 7.382906913757324
lead: 2
pred mean: 7.381692409515381
lead: 5
pred mean: 7.403293132781982
lead: 4
pred mean: 7.3640336990356445
lead: 2
pred mean: 7.375380516052246
lead: 5
pred mean: 7.3806586265563965
lead: 4
pred mean: 7.386363506317139
lead: 3
pred mean: 7.387782096862793
 49%|████▊     | 900/1855 [18:03<19:09,  1.20s/it]                                                  {'loss': 8.5817, 'learning_rate': 0.0001224879728540311, 'epoch': 2.43}
 49%|████▊     | 900/1855 [18:03<19:09,  1.20s/it]lead: 5
pred mean: 7.40216064453125
lead: 3
pred mean: 7.439088344573975
lead: 5
pred mean: 7.407580852508545
lead: 3
pred mean: 7.447889804840088
lead: 4
pred mean: 7.41719388961792
lead: 5
pred mean: 7.424842834472656
lead: 2
pred mean: 7.424960136413574
lead: 5
pred mean: 7.424553871154785
 49%|████▊     | 901/1855 [18:05<19:01,  1.20s/it]lead: 1
pred mean: 7.448287010192871
lead: 3
pred mean: 7.428730010986328
lead: 4
lead: 1
pred mean: 7.42948579788208
pred mean: 7.433099746704102
lead: 5
pred mean: 7.436758041381836
lead: 0
pred mean: 7.4301042556762695
lead: 4
pred mean: 7.439454555511475
lead: 1
pred mean: 7.433784484863281
 49%|████▊     | 902/1855 [18:06<18:56,  1.19s/it]lead: 5
lead: 0
pred mean: 7.427311897277832
pred mean: 7.4169921875
lead: 4
pred mean: 7.417349815368652
lead: 0
pred mean: 7.423594951629639
lead: 5
pred mean: 7.433172702789307
lead: 0
pred mean: 7.4195475578308105
lead: 5
pred mean: 7.424410343170166
lead: 3
pred mean: 7.415653705596924
 49%|████▊     | 903/1855 [18:07<18:48,  1.19s/it]lead: 2
pred mean: 7.395748138427734
lead: 3
pred mean: 7.4168267250061035
lead: 5
pred mean: 7.407186031341553
lead: 3
lead: 3
pred mean: 7.4008941650390625
pred mean: 7.38861083984375
lead: 3
pred mean: 7.38729190826416
lead: 3
pred mean: 7.409245014190674
lead: 4
pred mean: 7.394216060638428
 49%|████▊     | 904/1855 [18:08<18:48,  1.19s/it]lead: 5
pred mean: 7.437341690063477
lead: 0
pred mean: 7.423885822296143
lead: 2
pred mean: 7.427584171295166
lead: 2
pred mean: 7.430424213409424
lead: 1
pred mean: 7.436664581298828
lead: 2
pred mean: 7.435993194580078
lead: 5
pred mean: 7.4346771240234375
lead: 5
pred mean: 7.434834957122803
 49%|████▉     | 905/1855 [18:09<18:50,  1.19s/it]                                                  {'loss': 8.5333, 'learning_rate': 0.00012156993663425021, 'epoch': 2.44}
 49%|████▉     | 905/1855 [18:09<18:50,  1.19s/it]lead: 0
pred mean: 7.51240873336792
lead: 4
pred mean: 7.522786617279053
lead: 3
lead:pred mean:  37.506916046142578

pred mean: 7.5097527503967285
lead: 3
pred mean: 7.488837718963623
lead: 3
pred mean: 7.512366771697998
lead: 3
pred mean: 7.503334045410156
lead: 5
pred mean: 7.511175632476807
 49%|████▉     | 906/1855 [18:10<18:53,  1.19s/it]lead:lead:  45

pred mean:pred mean:  7.4531955718994147.443971157073975

lead: 2
pred mean: 7.490617275238037
lead:lead:  54

pred mean:pred mean:  7.4687433242797857.452988147735596

lead: 5
pred mean: 7.4615888595581055
lead: 4
pred mean: 7.448444366455078
lead: 4
pred mean: 7.461258411407471
 49%|████▉     | 907/1855 [18:12<18:50,  1.19s/it]lead: 4
pred mean: 7.437915325164795
lead: 2
pred mean: 7.420384407043457
lead: 5
lead: 0
pred mean: 7.441225528717041
pred mean: 7.436923503875732
lead: 0
pred mean: 7.411668300628662
lead: 0
pred mean: 7.4419636726379395
lead: 3
pred mean: 7.417943000793457
lead: 4
pred mean: 7.41668176651001
 49%|████▉     | 908/1855 [18:13<18:52,  1.20s/it]lead: 2
pred mean: 7.476630687713623
lead: 1
pred mean: 7.464097499847412
lead: 3
pred mean: 7.436618328094482
lead: 0
pred mean: 7.471340656280518
lead: 4
pred mean: 7.472347259521484
lead: 5
pred mean: 7.475148677825928
lead: 4
pred mean: 7.458614826202393
lead: 4
pred mean: 7.460260391235352
 49%|████▉     | 909/1855 [18:14<18:43,  1.19s/it]lead: 3
pred mean: 7.474490165710449
lead: 5
pred mean: 7.486313343048096
lead: 2
pred mean: 7.490382194519043
lead: 5
pred mean: 7.484329700469971
lead: 1
pred mean: 7.465334892272949
lead: 0
pred mean: 7.480055809020996
lead: 1
pred mean: 7.466367721557617
lead: 1
pred mean: 7.478102207183838
 49%|████▉     | 910/1855 [18:15<18:39,  1.18s/it]                                                  {'loss': 8.4871, 'learning_rate': 0.00012064998980139967, 'epoch': 2.45}
 49%|████▉     | 910/1855 [18:15<18:39,  1.18s/it]lead: 4
pred mean: 7.482823371887207
lead: 1
pred mean: 7.472513198852539
lead: 4
pred mean: 7.467538833618164
lead: 4
pred mean: 7.470742702484131
lead: 1
pred mean: 7.448103904724121
lead: 5
pred mean: 7.468533992767334
lead: 2
pred mean: 7.477405548095703
lead: 5
pred mean: 7.464430332183838
 49%|████▉     | 911/1855 [18:16<18:39,  1.19s/it]lead: 1
pred mean: 7.470057487487793
lead: 1
pred mean: 7.448263168334961
lead: 2
pred mean: 7.4703874588012695
lead: 4
pred mean: 7.470220565795898
lead: 5
pred mean: 7.468815803527832
lead: 2
pred mean: 7.45731782913208
lead: 1
pred mean: 7.467949390411377
lead: 0
pred mean: 7.4592814445495605
 49%|████▉     | 912/1855 [18:18<18:37,  1.19s/it]lead: 0
pred mean: 7.488948822021484
lead: 1
pred mean: 7.483086585998535
lead: 5
pred mean: 7.463808536529541
lead: 2
pred mean: 7.478370666503906
lead: 5
pred mean: 7.471150875091553
lead: 2
pred mean: 7.478636741638184
lead: 3
pred mean: 7.4795145988464355
lead: 0
pred mean: 7.4898881912231445
 49%|████▉     | 913/1855 [18:19<18:41,  1.19s/it]lead: 0
pred mean: 7.493470668792725
lead: 5
pred mean: 7.495887756347656
lead: 3
pred mean: 7.4887919425964355
lead: 5
pred mean: 7.478776454925537
lead: 5
pred mean: 7.481718063354492
lead: 5
pred mean: 7.498581409454346
lead: 0
pred mean: 7.4862470626831055
lead: 2
pred mean: 7.4806952476501465
 49%|████▉     | 914/1855 [18:20<18:46,  1.20s/it]lead: 4
pred mean: 7.506581783294678
lead: 4
pred mean: 7.503812313079834
lead: 0
pred mean: 7.491487979888916
lead: 3
pred mean: 7.499304294586182
lead: 5
pred mean: 7.488255023956299
lead: 0
pred mean: 7.498960018157959
lead: 1
pred mean: 7.5158867835998535
lead: 3
pred mean: 7.492725372314453
 49%|████▉     | 915/1855 [18:21<18:47,  1.20s/it]                                                  {'loss': 8.4387, 'learning_rate': 0.00011972821384215574, 'epoch': 2.47}
 49%|████▉     | 915/1855 [18:21<18:47,  1.20s/it]lead: 4
pred mean: 7.471037864685059
lead: 0
pred mean: 7.482297420501709
lead: 2
lead: 1
pred mean: 7.498179912567139
pred mean: 7.507710933685303
lead: 0
pred mean: 7.49907112121582
lead: 3
pred mean: 7.483946800231934
lead: 4
pred mean: 7.481695175170898
lead: 2
pred mean: 7.503894329071045
 49%|████▉     | 916/1855 [18:22<18:46,  1.20s/it]lead: 2
pred mean: 7.52754545211792
lead: 1
pred mean: 7.560708522796631
lead: 5
pred mean: 7.543803691864014
lead: 3
lead: 3
pred mean: 7.5443010330200195
pred mean: 7.554074764251709
lead: 2
lead: 3
pred mean: 7.534213066101074
pred mean: 7.550014972686768
lead: 2
pred mean: 7.533873558044434
 49%|████▉     | 917/1855 [18:24<18:37,  1.19s/it]lead: 5
pred mean: 7.51488733291626
lead: 0
pred mean: 7.506618976593018
lead: 2
pred mean: 7.515764236450195
lead: 4
pred mean: 7.523980140686035
lead: 0
pred mean: 7.485080242156982
lead: 0
pred mean: 7.510998725891113
lead: 1lead:
 4
pred mean: 7.521722793579102pred mean:
 7.506332874298096
 49%|████▉     | 918/1855 [18:25<18:23,  1.18s/it]lead: 2
pred mean: 7.498176574707031
lead: 1
pred mean: 7.507964611053467
lead: 1
pred mean: 7.492095470428467
lead: 0
pred mean: 7.510858535766602
lead: 0
pred mean: 7.501372814178467
lead: 3
pred mean: 7.503727436065674
lead: 4
pred mean: 7.4876251220703125
lead: 1
pred mean: 7.490263938903809
 50%|████▉     | 919/1855 [18:26<18:20,  1.18s/it]lead: 4
pred mean: 7.538853645324707
lead: 3
pred mean: 7.5279541015625
lead: 5
pred mean: 7.5423197746276855
lead: 3
pred mean: 7.538218975067139
lead: 3
lead: 4
pred mean: 7.537642478942871
pred mean: 7.529137134552002
lead: 0
pred mean: 7.533772945404053
lead: 4
pred mean: 7.531609535217285
 50%|████▉     | 920/1855 [18:27<18:23,  1.18s/it]                                                  {'loss': 8.3936, 'learning_rate': 0.00011880469040521416, 'epoch': 2.48}
 50%|████▉     | 920/1855 [18:27<18:23,  1.18s/it]lead: 0
pred mean: 7.561313152313232
lead: 0
pred mean: 7.5568928718566895
lead: 5
pred mean: 7.547482967376709
lead: 5
pred mean: 7.538281440734863
lead: 2
pred mean: 7.5369439125061035
lead: 5
pred mean: 7.541466236114502
lead: 4
pred mean: 7.541898727416992
lead: 1
pred mean: 7.538596153259277
 50%|████▉     | 921/1855 [18:28<18:26,  1.18s/it]lead: 0
pred mean: 7.539535999298096
lead: 4
pred mean: 7.515081405639648
lead: 3
pred mean: 7.512486457824707
lead: 0
pred mean: 7.547093391418457
lead: 3
pred mean: 7.533690452575684
lead: 0
pred mean: 7.5228705406188965
lead: 1
pred mean: 7.52126407623291
lead: 0
pred mean: 7.548122882843018
 50%|████▉     | 922/1855 [18:29<18:18,  1.18s/it]lead: 2
pred mean: 7.526941299438477
lead: 1
pred mean: 7.5457682609558105
lead: 1
pred mean: lead:7.5454277992248535 
5
pred mean: 7.544932842254639
lead: 0
pred mean: 7.538969993591309
lead: 2
pred mean: 7.543822288513184
lead: 3
pred mean: 7.521076202392578
lead: 0
pred mean: 7.548808574676514
 50%|████▉     | 923/1855 [18:31<18:25,  1.19s/it]lead: 5
pred mean: 7.549751281738281
lead: 2
pred mean: 7.540421009063721
lead: 4
pred mean: 7.532910346984863
lead: 2
pred mean: 7.547391414642334
lead: 0
pred mean: 7.533684730529785
lead: 0
lead: 5
pred mean: 7.557923793792725
pred mean: 7.550948143005371
lead: 1
pred mean: 7.550467491149902
 50%|████▉     | 924/1855 [18:32<18:26,  1.19s/it]lead: 5
pred mean: 7.554167747497559
lead: 1
pred mean: 7.554756164550781
lead: 0
lead: 3
pred mean: 7.5553388595581055
pred mean: 7.560210704803467
lead: 0
pred mean: 7.55477237701416
lead: 3
pred mean: 7.571772575378418
lead: 2
pred mean: 7.548315525054932
lead: 4
pred mean: 7.561766624450684
 50%|████▉     | 925/1855 [18:33<18:24,  1.19s/it]                                                  {'loss': 8.3446, 'learning_rate': 0.0001178795012940582, 'epoch': 2.49}
 50%|████▉     | 925/1855 [18:33<18:24,  1.19s/it]lead: 2
pred mean: 7.550846576690674
lead: 2
pred mean: 7.552095890045166
lead: 3
pred mean: 7.543308734893799
lead: 3
pred mean: 7.550549507141113
lead: 0
pred mean: 7.54661226272583
lead: 5
pred mean: 7.559441089630127
lead: 4
pred mean: 7.543198108673096
lead: 3
pred mean: 7.55051851272583
 50%|████▉     | 926/1855 [18:34<18:27,  1.19s/it]lead: 0
pred mean: 7.584310054779053
lead: 1
pred mean: 7.5742082595825195
lead: 4
pred mean: 7.5625152587890625
lead: 3
pred mean: 7.573935508728027
lead: 4
pred mean: 7.5829620361328125
lead: 5
pred mean: 7.578958034515381
lead: 1
pred mean: 7.576005458831787
lead: 1
pred mean: 7.568934440612793
 50%|████▉     | 927/1855 [18:35<18:26,  1.19s/it]lead: 5
pred mean: 7.576372146606445
lead: 1
pred mean: 7.572914123535156
lead: 2
lead: 0
pred mean: 7.57298469543457
pred mean: 7.579319953918457
lead: 4
pred mean: 7.567061424255371
lead: 5
pred mean: 7.577369213104248
lead: 5
pred mean: 7.571715831756592
lead: 3
pred mean: 7.5789642333984375
 50%|█████     | 928/1855 [18:37<18:26,  1.19s/it]lead: 3
pred mean: 7.557363510131836
lead: 4
pred mean: 7.550976753234863
lead: 4
pred mean: 7.559934616088867
lead: 1
pred mean: 7.564825057983398
lead: 3
pred mean: 7.543900012969971
lead: 5
pred mean: 7.548274993896484
lead: 3
pred mean: 7.549884796142578
lead: 3
pred mean: 7.5509819984436035
 50%|█████     | 929/1855 [18:38<18:32,  1.20s/it]lead: 5
pred mean: 7.578429222106934
lead: 5
pred mean: 7.5733723640441895
lead: 4
pred mean: 7.579675674438477
lead: 4
pred mean: 7.561415672302246
lead: 4
pred mean: 7.571682453155518
lead: 3
pred mean: 7.562891006469727
lead: 1
pred mean: 7.5637640953063965
lead: 5
pred mean: 7.5608015060424805
 50%|█████     | 930/1855 [18:39<18:33,  1.20s/it]                                                  {'loss': 8.2993, 'learning_rate': 0.00011695272845971239, 'epoch': 2.51}
 50%|█████     | 930/1855 [18:39<18:33,  1.20s/it]lead: 2
pred mean: 7.595602989196777
lead: 1
pred mean: 7.604671478271484
lead: 1
lead: 2
pred mean: 7.5923004150390625
pred mean: 7.5946784019470215
lead: 4
pred mean: 7.60009241104126
lead: 2
pred mean: 7.590254306793213
lead: 4
pred mean: 7.607839584350586
lead: 2
pred mean: 7.601939678192139
 50%|█████     | 931/1855 [18:40<18:25,  1.20s/it]lead: 0
pred mean: 7.608242034912109
lead: 1
pred mean: 7.603296279907227
lead: 4
pred mean: 7.62498664855957
lead: 3
pred mean: 7.602292537689209
lead:lead:  33

pred mean:pred mean:  7.6183743476867687.6184492111206055

lead: 0
pred mean: 7.6159820556640625
lead: 3
pred mean: 7.609162330627441
 50%|█████     | 932/1855 [18:41<18:27,  1.20s/it]lead: 1
pred mean: 7.567162036895752
lead: 3
pred mean: 7.587372779846191
lead: 0
pred mean: 7.583850860595703
lead: 3
pred mean: 7.562572002410889
lead: 4
pred mean: 7.566061973571777
lead: 1
pred mean: 7.573253154754639
lead: 0
pred mean: 7.566213607788086
lead: 5
pred mean: 7.584113597869873
 50%|█████     | 933/1855 [18:43<18:21,  1.19s/it]lead: 5
pred mean: 7.614814281463623
lead: 3
pred mean: 7.610722064971924
lead: 4
pred mean: 7.607252597808838
lead: 4
pred mean: 7.612372875213623
lead: 3
pred mean: 7.615485668182373
lead: 5
pred mean: 7.61699914932251
lead: 2
pred mean: 7.598656177520752
lead: 2
pred mean: 7.605715274810791
 50%|█████     | 934/1855 [18:44<18:14,  1.19s/it]lead: 1
pred mean: 7.611668586730957
lead: 5
pred mean: 7.601385593414307
lead: 2
pred mean: 7.630975723266602
lead: 2
pred mean: 7.622438907623291
lead: 1
pred mean: 7.61942720413208
lead: 0
pred mean: 7.607359886169434
lead: 5
lead: 3
pred mean: 7.615987300872803
pred mean: 7.600467205047607
 50%|█████     | 935/1855 [18:45<18:05,  1.18s/it]                                                  {'loss': 8.2534, 'learning_rate': 0.00011602445399348374, 'epoch': 2.52}
 50%|█████     | 935/1855 [18:45<18:05,  1.18s/it]lead: 1
pred mean: 7.605915069580078
lead: 2
pred mean: 7.603125095367432
lead: 5
pred mean: 7.58242130279541
lead: 0
pred mean: 7.609341144561768
lead: 4
pred mean: 7.606476783752441
lead: 4
pred mean: 7.60699462890625
lead: 0
pred mean: 7.5972900390625
lead: 3
pred mean: 7.611510753631592
 50%|█████     | 936/1855 [18:46<18:11,  1.19s/it]lead: 2
pred mean: 7.595121383666992
lead: 4
pred mean: 7.613762855529785
lead: 3
pred mean: 7.612637042999268
lead: 0
pred mean: 7.6024489402771
lead: 3
pred mean: 7.612676620483398
lead: 4
pred mean: 7.6084489822387695
lead: 0
pred mean: 7.6140031814575195
lead: 3
pred mean: 7.607872486114502
 51%|█████     | 937/1855 [18:47<18:12,  1.19s/it]lead: 2
pred mean: 7.6210126876831055
lead: 4
pred mean: 7.633242607116699
lead: 4
pred mean: 7.625025272369385
lead: 3
pred mean: 7.6286396980285645
lead: 0
pred mean: 7.618906021118164
lead: 3
pred mean: 7.600931167602539
lead: 0
pred mean: 7.603706359863281
lead: 4
pred mean: 7.617529392242432
 51%|█████     | 938/1855 [18:49<18:13,  1.19s/it]lead: 0
pred mean: 7.625497817993164
lead: 5
pred mean: 7.6316237449646
lead: 2
pred mean: 7.638902187347412
lead: 4
pred mean: 7.617485523223877
lead: 4
pred mean: 7.61883020401001
lead: 3
pred mean: 7.631136417388916
lead: 5
pred mean: 7.631059646606445
lead: 1
pred mean: 7.6324005126953125
 51%|█████     | 939/1855 [18:50<18:10,  1.19s/it]lead: 0
pred mean: 7.611729621887207
lead: 5
pred mean: 7.635194301605225
lead: 4
pred mean: 7.638307094573975
lead: 3
pred mean: 7.626087188720703
lead: 0
pred mean: 7.618070125579834
lead: 3
pred mean: 7.629016876220703
lead: 2
pred mean: 7.629552841186523
lead: 5
pred mean: 7.637478351593018
 51%|█████     | 940/1855 [18:51<18:12,  1.19s/it]                                                  {'loss': 8.2054, 'learning_rate': 0.00011509476011969018, 'epoch': 2.53}
 51%|█████     | 940/1855 [18:51<18:12,  1.19s/it]lead: 0
pred mean: 7.634586811065674
lead: 1
pred mean: 7.628149509429932
lead: 5
pred mean: 7.6452717781066895
lead: 1
pred mean: 7.6369452476501465
lead: 2
pred mean: 7.620573043823242
lead: 2
pred mean: 7.633467674255371
lead: 2
pred mean: 7.636625289916992
lead: 3
pred mean: 7.634464740753174
 51%|█████     | 941/1855 [18:52<18:12,  1.20s/it]lead: 1
pred mean: 7.627152919769287
lead: 4
pred mean: 7.618936061859131
lead: 0
pred mean: 7.639407157897949
lead: 1
pred mean: 7.6324567794799805
lead: 5
pred mean: 7.637689590454102
lead: 3
pred mean: 7.629359245300293
lead: 1
pred mean: 7.613632678985596
lead: 2
pred mean: 7.616846084594727
 51%|█████     | 942/1855 [18:53<18:09,  1.19s/it]lead: 4
pred mean: 7.6570868492126465
lead: 4
pred mean: 7.6504926681518555
lead: 0
lead: 5
pred mean: 7.651284694671631
pred mean: 7.666454792022705lead:
 1
pred mean: 7.66325569152832
lead: 5
pred mean: 7.673132419586182
lead: 5
pred mean: 7.669747829437256
lead: 2
pred mean: 7.659940719604492
 51%|█████     | 943/1855 [18:55<18:08,  1.19s/it]lead: 2
pred mean: 7.661919116973877
lead: 4
pred mean: 7.653905868530273
lead: 0
pred mean: 7.658642768859863
lead: 5
pred mean: 7.6679511070251465
lead: 3
pred mean: 7.668839931488037
lead: 5
pred mean: 7.661871433258057
lead: 2
pred mean: 7.658986568450928
lead: 1
pred mean: 7.659948825836182
 51%|█████     | 944/1855 [18:56<18:07,  1.19s/it]lead: 5
pred mean: 7.645663261413574
lead: 2
pred mean: 7.626597881317139
lead: 3
pred mean: 7.619248867034912
lead: 2
pred mean: 7.646535873413086
lead: 4
pred mean: 7.616387367248535
lead: 5
pred mean: 7.622690200805664
lead: 2
pred mean: 7.643689155578613
lead: 1
pred mean: 7.63397216796875
 51%|█████     | 945/1855 [18:57<18:07,  1.20s/it]                                                  {'loss': 8.1623, 'learning_rate': 0.00011416372918837732, 'epoch': 2.55}
 51%|█████     | 945/1855 [18:57<18:07,  1.20s/it]lead:lead:  54

lead: 5
pred mean: pred mean: 7.697297096252441
7.689466953277588
pred mean: 7.693105697631836
lead: 5
pred mean: 7.677924633026123
lead: 1
pred mean: 7.675562858581543
lead: 2
pred mean: 7.667790412902832
lead: 1
lead: 0
pred mean: 7.677507400512695
pred mean: 7.682645320892334
 51%|█████     | 946/1855 [18:58<18:08,  1.20s/it]lead: 0
pred mean: 7.664514541625977
lead: 0
pred mean: 7.6644392013549805
lead: 1
pred mean: 7.667863368988037
lead: 3
pred mean: 7.681842803955078
lead: 3
pred mean: 7.668140411376953
lead: 4
pred mean: 7.66648530960083
lead: 5
pred mean: 7.667804718017578
lead: 2
pred mean: 7.676092147827148
 51%|█████     | 947/1855 [18:59<18:10,  1.20s/it]lead: 4
pred mean: 7.686741352081299
lead: 1
pred mean: 7.684444427490234
lead: 0
lead: 1
pred mean: 7.682433128356934
pred mean: 7.679656505584717
lead: 2
pred mean: 7.676328182220459
lead: 3
pred mean: 7.685686111450195
lead: 2
pred mean: 7.667651653289795
lead: 4
pred mean: 7.674867153167725
 51%|█████     | 948/1855 [19:00<17:58,  1.19s/it]lead: 5
pred mean: 7.65767240524292
lead: 5
pred mean: 7.6481523513793945
lead: 0
pred mean: 7.661504745483398
lead: 4
pred mean: 7.684779167175293
lead: 4
pred mean: 7.675891399383545
lead: 5
pred mean: 7.656668663024902
lead: 5
lead: 2
pred mean: 7.6616740226745605
pred mean: 7.633509635925293
 51%|█████     | 949/1855 [19:02<17:57,  1.19s/it]lead: 5
pred mean: 7.740969657897949
lead: 2
pred mean: 7.718963146209717
lead: 2
pred mean: 7.7211432456970215
lead: 0
pred mean: 7.7316060066223145
lead: 0
pred mean: 7.722751617431641
lead: 3
pred mean:lead:  7.7377667427062990

pred mean: 7.7244768142700195
lead: 0
pred mean: 7.7249908447265625
 51%|█████     | 950/1855 [19:03<17:57,  1.19s/it]                                                  {'loss': 8.1167, 'learning_rate': 0.00011323144366802411, 'epoch': 2.56}
 51%|█████     | 950/1855 [19:03<17:57,  1.19s/it]lead: 2
lead: 4
pred mean: 7.713779449462891
pred mean: 7.702406883239746
lead: 5
pred mean: 7.714476585388184
lead: 2
pred mean: 7.700232028961182
lead:lead:  50

pred mean:pred mean:  7.7079238891601567.7273736000061035

lead: 0
pred mean: 7.702832221984863
lead: 1
pred mean: 7.719754695892334
 51%|█████▏    | 951/1855 [19:04<17:47,  1.18s/it]lead: 5
pred mean: 7.665006160736084
lead: 1
pred mean: 7.649296760559082
lead: 3
pred mean: 7.637481212615967
lead: 3
pred mean: 7.643823623657227
lead: 3
pred mean: 7.660399436950684
lead: 0
pred mean: 7.63048791885376
lead: 4
pred mean: 7.62986421585083
lead: 2
pred mean: 7.651155948638916
 51%|█████▏    | 952/1855 [19:05<17:46,  1.18s/it]lead: 3
pred mean: 7.676062107086182
lead: 5
pred mean: 7.671258926391602
lead: 5
lead: 4
lead:pred mean:  1
7.68041467666626
pred mean: 7.690000057220459
pred mean: 7.676126480102539
lead: 4
pred mean: 7.660787582397461
lead: 5
pred mean: 7.686254501342773
lead: 1
pred mean: 7.6620306968688965
 51%|█████▏    | 953/1855 [19:06<17:47,  1.18s/it]lead: 1
pred mean: 7.74083137512207
lead: 1
pred mean: 7.733885765075684
lead: 4
lead: 5
pred mean: 7.7372307777404785
pred mean: 7.745217800140381
lead: 2
pred mean: 7.745739936828613
lead: 3
pred mean: 7.73940372467041
lead: 4
pred mean: 7.731809139251709
lead: 4
pred mean: 7.73668098449707
 51%|█████▏    | 954/1855 [19:08<17:50,  1.19s/it]lead: 4
pred mean: 7.744178295135498
lead: 0
pred mean: 7.746104717254639
lead: 0
pred mean: 7.7471923828125
lead: 4
pred mean: 7.753364086151123
lead: 1
pred mean: 7.744177341461182
lead: 2
pred mean: 7.7430033683776855
lead: 0
pred mean: 7.744680404663086
lead: 3
pred mean: 7.748483180999756
 51%|█████▏    | 955/1855 [19:09<17:51,  1.19s/it]                                                  {'loss': 8.0719, 'learning_rate': 0.00011229798613823803, 'epoch': 2.57}
 51%|█████▏    | 955/1855 [19:09<17:51,  1.19s/it]lead: 5
pred mean: 7.7145209312438965
lead: 0
pred mean: 7.708535671234131
lead: 1
pred mean: 7.696746349334717
lead: 4
pred mean: 7.709489345550537
lead: 0
pred mean: 7.703707218170166
lead: 0
pred mean: 7.714964866638184
lead: 0
pred mean: 7.695655822753906
lead: 5
pred mean: 7.709014415740967
 52%|█████▏    | 956/1855 [19:10<17:44,  1.18s/it]lead: 4
pred mean: 7.6892852783203125
lead: 1
pred mean: 7.710169792175293
lead: 5
pred mean: 7.696619987487793
lead: 3
pred mean: 7.688021183013916
lead: 5
pred mean: 7.690271377563477
lead: 0
pred mean: 7.7042036056518555
lead: 5
pred mean: 7.7084269523620605
lead: 5
pred mean: 7.703588962554932
 52%|█████▏    | 957/1855 [19:11<17:48,  1.19s/it]lead: 4
pred mean: 7.7140655517578125
lead: 5
pred mean: 7.727869510650635
lead: 4
pred mean: 7.727901935577393
lead: 0
pred mean: 7.721742153167725
lead: 0
pred mean: 7.714232444763184
lead: 4
pred mean: 7.709925174713135
lead: 3
pred mean: 7.740184307098389
lead: 3
pred mean: 7.7246503829956055
 52%|█████▏    | 958/1855 [19:12<17:54,  1.20s/it]lead: 5
pred mean: 7.74703311920166
lead: 1
pred mean: 7.752537727355957
lead: 3
lead: 1
pred mean: 7.76108980178833
pred mean: 7.759908676147461
lead: 4
pred mean: 7.740511894226074
lead: 2
pred mean: 7.746611595153809
lead: 3
pred mean: 7.758946418762207
lead: 3
pred mean: 7.748910903930664
 52%|█████▏    | 959/1855 [19:14<17:57,  1.20s/it]lead: 4
pred mean: 7.752385139465332
lead: 5
lead: 2
pred mean: 7.7726569175720215
pred mean: 7.757855415344238
lead: 4
pred mean: 7.750972747802734
lead: 0
pred mean: 7.756040096282959
lead: 3
pred mean: 7.759596347808838
lead: 3
pred mean: 7.773585319519043
lead: 3
pred mean: 7.757262706756592
 52%|█████▏    | 960/1855 [19:15<17:59,  1.21s/it]                                                  {'loss': 8.0278, 'learning_rate': 0.00011136343928244028, 'epoch': 2.59}
 52%|█████▏    | 960/1855 [19:15<17:59,  1.21s/it]lead: 0
pred mean: 7.7164812088012695
lead: 2
pred mean: 7.704202175140381
lead: 1
pred mean: 7.718461513519287
lead: 2
pred mean: 7.726803302764893
lead: 2
pred mean: 7.71238899230957
lead: 2
lead:pred mean:  27.70810079574585

pred mean: 7.700290679931641
lead: 2
pred mean: 7.709232807159424
 52%|█████▏    | 961/1855 [19:16<17:53,  1.20s/it]lead: 0
pred mean: 7.726574897766113
lead: 5
pred mean: 7.739339351654053
lead: 5
pred mean: 7.72240686416626
lead: 0
pred mean: 7.721560001373291
lead: 3
pred mean: 7.731462001800537
lead: 2
pred mean: 7.710411548614502
lead:lead:  53

pred mean: 7.726650714874268
pred mean: 7.722862720489502
 52%|█████▏    | 962/1855 [19:17<17:46,  1.19s/it]lead: 1
pred mean: 7.7403998374938965
lead: 3
pred mean: 7.754119873046875
lead: 5
pred mean: 7.752776145935059
lead: 5
pred mean: 7.756975173950195
lead: 3
pred mean: 7.742346286773682
lead: 1
pred mean: 7.744297504425049
lead: 5
pred mean: 7.742038726806641
lead: 3
pred mean: 7.756199836730957
 52%|█████▏    | 963/1855 [19:18<17:41,  1.19s/it]lead: 0
pred mean: 7.7859063148498535
lead: 1
pred mean: 7.782970905303955
lead: 3
pred mean: 7.786377906799316
lead: 5
pred mean: 7.790295600891113
lead: 2
pred mean: 7.792911529541016
lead: 4
pred mean: 7.793415069580078
lead: 1
pred mean: 7.799500942230225
lead: 2
pred mean: 7.783020973205566
 52%|█████▏    | 964/1855 [19:20<17:38,  1.19s/it]lead: 5
pred mean: 7.756561279296875
lead: 2
pred mean: 7.783853054046631
lead: 4
pred mean: 7.747625827789307
lead: 5
pred mean: 7.76616907119751
lead: 2
pred mean: 7.7643938064575195
lead: 4
pred mean: 7.767614841461182
lead: 1
pred mean: 7.767884731292725
lead: 1
pred mean: 7.758284568786621
 52%|█████▏    | 965/1855 [19:21<17:38,  1.19s/it]                                                  {'loss': 7.9828, 'learning_rate': 0.00011042788588054196, 'epoch': 2.6}
 52%|█████▏    | 965/1855 [19:21<17:38,  1.19s/it]lead: 2
pred mean: 7.744553089141846
lead: 0
pred mean: 7.7257256507873535
lead:lead:  43

pred mean:pred mean:  7.7333211898803717.734133720397949

lead: 2
pred mean: 7.732479572296143
lead: 5
pred mean: 7.734936714172363
lead: 3
pred mean: 7.753488540649414
lead: 3
pred mean: 7.737402439117432
 52%|█████▏    | 966/1855 [19:22<17:43,  1.20s/it]lead: 5
lead: 2
pred mean: 7.760259628295898
pred mean: 7.762425422668457
lead: 3
pred mean: 7.771495342254639
lead: 0
pred mean: 7.760499477386475
lead: 0
lead:pred mean:  47.755954742431641

pred mean: 7.77239990234375
lead: 2
pred mean: 7.760214805603027
lead: 1
pred mean: 7.754533290863037
 52%|█████▏    | 967/1855 [19:23<17:38,  1.19s/it]lead: 1
pred mean: 7.810811519622803
lead: 5
pred mean: 7.81585168838501
lead: 5
pred mean: 7.80712366104126
lead: 1
pred mean: 7.805185317993164
lead: 5
pred mean: 7.802792072296143
lead: 5
lead: 4
pred mean: 7.806950092315674
pred mean: 7.8144707679748535
lead: 0
pred mean: 7.804906845092773
 52%|█████▏    | 968/1855 [19:24<17:40,  1.20s/it]lead: 4
pred mean: 7.8090033531188965
lead: 3
lead: 4
pred mean: 7.80382776260376
pred mean: 7.814540863037109
lead: 1
pred mean: 7.810214996337891
lead: 4
pred mean: 7.8095855712890625
lead: 4
pred mean: 7.809059143066406
lead: 5
pred mean: 7.806894302368164
lead: 4
pred mean: 7.8274335861206055
 52%|█████▏    | 969/1855 [19:26<17:38,  1.19s/it]lead: 1
pred mean: 7.778639793395996
lead: 0
pred mean: 7.789020538330078
lead: 4
lead: 2
pred mean: 7.774922847747803
pred mean: 7.7842607498168945
lead: 1
pred mean: 7.769289970397949
lead: 0
pred mean: 7.784836292266846
lead: 0
pred mean: 7.784437656402588
lead: 1
pred mean: 7.790643692016602
 52%|█████▏    | 970/1855 [19:27<17:34,  1.19s/it]                                                  {'loss': 7.9408, 'learning_rate': 0.0001094914088016116, 'epoch': 2.61}
 52%|█████▏    | 970/1855 [19:27<17:34,  1.19s/it]lead: 1
pred mean: 7.760793685913086
lead: 5
pred mean: 7.749197959899902
lead: 0
pred mean: 7.753539562225342
lead: 3
pred mean: 7.7542643547058105
lead: 3
lead: 2
pred mean: 7.749264240264893
pred mean: 7.768411636352539
lead: 4
pred mean: 7.769508361816406
lead: 4
pred mean: 7.746070861816406
 52%|█████▏    | 971/1855 [19:28<17:33,  1.19s/it]lead: 4
pred mean: 7.788485527038574
lead: 3
pred mean: 7.779512882232666
lead: 2
pred mean: 7.778416156768799
lead: 5
pred mean: 7.790066242218018
lead: 3
pred mean: 7.786055088043213
lead: 3
pred mean: 7.796205043792725
lead: 1
pred mean: 7.787656307220459
lead: 1
pred mean: 7.792250633239746
 52%|█████▏    | 972/1855 [19:29<17:30,  1.19s/it]lead: 1
pred mean: 7.84896183013916
lead: 5
pred mean: 7.845715522766113
lead: 3
pred mean: 7.847470760345459
lead: 4
pred mean: 7.856415748596191
lead: 2
pred mean: 7.8572797775268555
lead: 5
pred mean: 7.8542561531066895
lead: 4
pred mean: 7.8581438064575195
lead: 3
pred mean: 7.848874568939209
 52%|█████▏    | 973/1855 [19:30<17:27,  1.19s/it]lead: 4
pred mean: 7.822573184967041
lead: 0
pred mean: 7.823314189910889
lead: 3
pred mean: 7.833562850952148
lead: 2
pred mean: 7.836566925048828
lead: 0
pred mean: 7.813610553741455
lead: 5
pred mean: 7.834619522094727
lead: 3
pred mean: 7.819414138793945
lead: 3
pred mean: 7.820567607879639
 53%|█████▎    | 974/1855 [19:31<17:29,  1.19s/it]lead: 1
pred mean: 7.752126693725586
lead: 4
pred mean: 7.7764387130737305
lead: 5
pred mean: 7.777895927429199
lead: 4
pred mean: 7.78029727935791
lead: 3
pred mean: 7.782834529876709
lead: 3
pred mean: 7.7831268310546875
lead: 4
pred mean: 7.770014762878418
lead: 0
pred mean: 7.762349605560303
 53%|█████▎    | 975/1855 [19:33<17:31,  1.19s/it]                                                  {'loss': 7.8963, 'learning_rate': 0.00010855409099653477, 'epoch': 2.63}
 53%|█████▎    | 975/1855 [19:33<17:31,  1.19s/it]lead: 1
pred mean: 7.782800674438477
lead: 2
pred mean: 7.815586090087891
lead: 1
pred mean: 7.808252811431885
lead: 0
pred mean: 7.810511112213135
lead: 2
pred mean: 7.816000938415527
lead: 2
pred mean: 7.81547737121582
lead: 0
pred mean: 7.816344261169434
lead: 5
pred mean: 7.813236713409424
 53%|█████▎    | 976/1855 [19:34<17:34,  1.20s/it]lead: 5
pred mean: 7.837034225463867
lead: 5
pred mean: 7.838050365447998
lead: 4
pred mean: 7.813061237335205
lead: 2
pred mean: 7.824529647827148
lead: 1
pred mean: 7.824472427368164
lead: 4
pred mean: 7.847463607788086
lead: 5
pred mean: 7.828574180603027
lead: 0
pred mean: 7.838050365447998
 53%|█████▎    | 977/1855 [19:35<17:28,  1.19s/it]lead: 3
pred mean: 7.848023891448975
lead: 0
pred mean: 7.8712477684021
lead: 1
pred mean: 7.861174583435059
lead: 4
pred mean: 7.8414130210876465
lead: 3
pred mean: 7.849961757659912
lead: 0
pred mean: 7.869328022003174
lead: 0
pred mean: 7.841969966888428
lead: 0
pred mean: 7.8574981689453125
 53%|█████▎    | 978/1855 [19:36<17:26,  1.19s/it]lead: 5
pred mean: 7.849084854125977
lead: 3
pred mean: 7.832190036773682
lead: 4
pred mean: 7.848052501678467
lead: 1
pred mean: 7.849939346313477
lead: 3
pred mean: 7.83342170715332
lead: 5
pred mean: 7.8560686111450195
lead: 2
pred mean: 7.846841335296631
lead: 2
pred mean: 7.842164516448975
 53%|█████▎    | 979/1855 [19:37<17:23,  1.19s/it]lead: 2
pred mean: 7.786983489990234
lead: 4
pred mean: 7.8196892738342285
lead: 5
pred mean: 7.8245038986206055
lead: 3
pred mean: 7.8236775398254395
lead: 3
pred mean: 7.821240425109863
lead: 1
pred mean: 7.821357727050781
lead: 0
pred mean: 7.802646636962891
lead: 4
pred mean: 7.806342601776123
 53%|█████▎    | 980/1855 [19:39<17:21,  1.19s/it]                                                  {'loss': 7.8543, 'learning_rate': 0.0001076160154906666, 'epoch': 2.64}
 53%|█████▎    | 980/1855 [19:39<17:21,  1.19s/it]lead: 3
pred mean: 7.850355625152588
lead: 3
pred mean: 7.853473663330078
lead: 3
lead: 5
pred mean: 7.843176364898682
pred mean: 7.856710433959961
lead: 2
pred mean: 7.860335350036621
lead: 4
pred mean: 7.854708671569824
lead: 0
pred mean: 7.8610053062438965
lead: 3
pred mean: 7.864336013793945
 53%|█████▎    | 981/1855 [19:40<17:21,  1.19s/it]lead: 3
pred mean: 7.835893630981445
lead: 2
pred mean:lead:  07.842983245849609

pred mean: 7.848023891448975
lead: 0
pred mean: 7.847273349761963
lead: 1
pred mean: 7.8417277336120605
lead: 2
pred mean: 7.857615947723389
lead: 2
pred mean: 7.839076042175293
lead: 3
pred mean: 7.857223987579346
 53%|█████▎    | 982/1855 [19:41<17:17,  1.19s/it]lead: 4
pred mean: 7.8564934730529785
lead: 5
pred mean: 7.866997718811035
lead: 0
pred mean: 7.841658115386963
lead: 2
pred mean: 7.857119560241699
lead: 5
pred mean: 7.8631181716918945
lead: 3
pred mean: 7.842252254486084
lead: 1
pred mean: 7.855906963348389
lead: 3
pred mean: 7.848616123199463
 53%|█████▎    | 983/1855 [19:42<17:16,  1.19s/it]lead:lead:  1
4
pred mean: pred mean:7.871878623962402 
7.8533854484558105
lead: 1
pred mean: 7.867560863494873
lead: 0
pred mean: 7.867582321166992
lead: 0
pred mean: 7.862515926361084
lead: 2
pred mean: 7.8577189445495605
lead: 3
pred mean: 7.860668659210205
lead: 0
pred mean: 7.861303806304932
 53%|█████▎    | 984/1855 [19:43<17:19,  1.19s/it]lead: 2
pred mean: 7.870659828186035
lead: 2
lead: 0
pred mean: 7.861222743988037
pred mean: 7.862546443939209
lead: 4
pred mean: 7.849684715270996
lead: 5
pred mean: 7.843409538269043
lead: 0
pred mean: 7.8518195152282715
lead: 0
lead: 1
pred mean: 7.864050388336182
pred mean: 7.8624267578125
 53%|█████▎    | 985/1855 [19:45<17:16,  1.19s/it]                                                  {'loss': 7.8114, 'learning_rate': 0.00010667726537647753, 'epoch': 2.65}
 53%|█████▎    | 985/1855 [19:45<17:16,  1.19s/it]lead: 5
pred mean: 7.867064476013184
lead: 0
pred mean: 7.86059045791626
lead: 4
pred mean: 7.86730432510376
lead: 3
pred mean: 7.890926361083984
lead: 4
pred mean: 7.8648552894592285
lead: 3
pred mean: 7.883266925811768
lead: 2
pred mean: 7.880889415740967
lead: 1
pred mean: 7.855312824249268
 53%|█████▎    | 986/1855 [19:46<17:16,  1.19s/it]lead: 0
pred mean: 7.878370761871338
lead: 4
pred mean: 7.864724636077881
lead: 1
pred mean: 7.864045143127441
lead: 0
lead: 3
lead: 4
pred mean: 7.868032455444336
pred mean: 7.878835678100586
pred mean: 7.8624186515808105
lead: 0
pred mean: 7.858298301696777
lead: 4
pred mean: 7.860874176025391
 53%|█████▎    | 987/1855 [19:47<17:18,  1.20s/it]lead: 1
pred mean: 7.84669828414917
lead: 1
pred mean: 7.8530473709106445
lead:lead:  00

pred mean:pred mean:  7.8398780822753917.841672420501709

lead: 3
pred mean: 7.862746238708496
lead: 1
pred mean: 7.845224380493164
lead: 3
pred mean: 7.848377227783203
lead: 4
pred mean: 7.849090099334717
 53%|█████▎    | 988/1855 [19:48<17:13,  1.19s/it]lead: 3
pred mean: 7.872323989868164
lead: 4
pred mean: 7.888022422790527
lead: 4
pred mean: 7.8853583335876465
lead: 1
pred mean: 7.887280464172363
lead: 5
pred mean: 7.883648872375488
lead: 2
pred mean: 7.887630462646484
lead: 3
pred mean: 7.890432357788086
lead: 2
pred mean: 7.8840508460998535
 53%|█████▎    | 989/1855 [19:49<17:22,  1.20s/it]lead: 4
pred mean: 7.920561790466309
lead: 4
pred mean: 7.918914794921875
lead: 4
pred mean: 7.930557727813721
lead: 2
pred mean: 7.884793758392334
lead: 3
pred mean: 7.908519268035889
lead: 2
pred mean: 7.89601469039917
lead: 5
pred mean: 7.90350341796875
lead: 1
pred mean: 7.909789085388184
 53%|█████▎    | 990/1855 [19:51<17:27,  1.21s/it]                                                  {'loss': 7.7679, 'learning_rate': 0.00010573792380619316, 'epoch': 2.67}
 53%|█████▎    | 990/1855 [19:51<17:27,  1.21s/it]lead: 3
pred mean: 7.885627269744873
lead: 2
pred mean: 7.900976181030273
lead: 3
pred mean: 7.901930809020996
lead: 2
pred mean: 7.897965908050537
lead: 5
pred mean: 7.905139446258545
lead: 3
pred mean: 7.894129753112793
lead: 3
pred mean: 7.900251865386963
lead: 5
pred mean: 7.903252601623535
 53%|█████▎    | 991/1855 [19:52<17:32,  1.22s/it]lead: 5
pred mean: lead:7.8802666664123535 
5
pred mean: 7.881052017211914
lead: 2
pred mean: 7.857572078704834
lead: 3
lead: 0
pred mean: 7.858701229095459
pred mean: 7.860905170440674
lead: 4
pred mean: 7.84758996963501
lead: 0
pred mean: 7.870947360992432
lead: 3
pred mean: 7.8567914962768555
 53%|█████▎    | 992/1855 [19:53<17:18,  1.20s/it]lead: 1
pred mean: 7.909704208374023
lead: 2
pred mean: 7.895788192749023
lead: 4
lead: 5
pred mean: 7.889791011810303
pred mean: 7.875211238861084
lead: 3
lead: 2
pred mean: 7.905148983001709
pred mean: 7.884192943572998
lead: 5
pred mean: 7.885305404663086
lead: 0
pred mean: 7.897985458374023
 54%|█████▎    | 993/1855 [19:54<17:08,  1.19s/it]lead: 5
pred mean: 7.9221014976501465
lead: 3
pred mean: 7.9381103515625
lead: 3
pred mean: 7.917029857635498
lead: 3
pred mean: 7.924711227416992
lead: 3
pred mean: 7.935929775238037
lead: 0
pred mean: 7.929018974304199
lead: 5
pred mean: 7.925058364868164
lead: 1
pred mean: 7.923661708831787
 54%|█████▎    | 994/1855 [19:55<17:11,  1.20s/it]lead: 5
pred mean: 7.943689346313477
lead: 4
pred mean: 7.950169563293457
lead: 1
pred mean: 7.939874649047852
lead: 5
pred mean: 7.933595180511475
lead: 0
pred mean: 7.93021821975708
lead: 1
lead: 3
pred mean: 7.9460554122924805
pred mean: 7.938143253326416
lead: 2
pred mean: 7.931119441986084
 54%|█████▎    | 995/1855 [19:57<17:07,  1.19s/it]                                                  {'loss': 7.7265, 'learning_rate': 0.00010479807398442886, 'epoch': 2.68}
 54%|█████▎    | 995/1855 [19:57<17:07,  1.19s/it]lead: 3
pred mean: 7.898281574249268
lead: 3
lead: 0
pred mean: 7.891427993774414
pred mean: 7.900525093078613
lead: 4
pred mean: 7.897992134094238
lead: 3
pred mean: 7.907900810241699
lead: 2
pred mean: 7.899194717407227
lead: 5
pred mean: 7.8820695877075195
lead: 5
pred mean: 7.8907999992370605
 54%|█████▎    | 996/1855 [19:58<17:01,  1.19s/it]lead: 0
pred mean: 7.9064812660217285
lead: 3
pred mean: 7.904682159423828
lead: 5
pred mean: 7.898519515991211
lead:lead:  55

pred mean:pred mean:  7.8993520736694347.9046549797058105

lead: 5
pred mean: 7.910608291625977
lead: 3
pred mean: 7.8907790184021
lead: 5
pred mean: 7.888638019561768
 54%|█████▎    | 997/1855 [19:59<16:54,  1.18s/it]lead: 5
pred mean: 7.923220157623291
lead: 0
pred mean: 7.93577241897583
lead: 3
pred mean: 7.921717643737793
lead: 3
pred mean: 7.930729866027832
lead: 4
pred mean: 7.942711353302002
lead: 1
pred mean: 7.925008773803711
lead: 4
pred mean: 7.919401168823242
lead: 2
pred mean: 7.92528772354126
 54%|█████▍    | 998/1855 [20:00<16:52,  1.18s/it]lead: 0
pred mean: 7.951653480529785
lead: 0
pred mean: 7.937829971313477
lead: 4
pred mean:lead:  7.9466600418090824

pred mean: 7.9636054039001465
lead: 0
pred mean: 7.958052635192871
lead: 2
pred mean: 7.951185703277588
lead: 2
pred mean: 7.9545674324035645
lead: 5
pred mean: 7.9513654708862305
 54%|█████▍    | 999/1855 [20:01<16:47,  1.18s/it]lead: 1
pred mean: 7.930532455444336
lead: 3
pred mean: 7.932833671569824
lead: 3
pred mean: 7.930265426635742
lead: 0
pred mean: 7.940164089202881
lead: 0
pred mean: 7.9217023849487305
lead: 0
pred mean: 7.938558578491211
lead: 1
pred mean: 7.932078838348389
lead: 5
pred mean: 7.921715259552002
 54%|█████▍    | 1000/1855 [20:03<17:13,  1.21s/it]                                                   {'loss': 7.6855, 'learning_rate': 0.00010385779916081965, 'epoch': 2.7}
 54%|█████▍    | 1000/1855 [20:03<17:13,  1.21s/it]lead: 5
pred mean: 7.920295715332031
lead: 5
pred mean: 7.926878929138184
lead: 4
pred mean: 7.918435573577881
lead: 3
pred mean: 7.934169769287109
lead: 0
pred mean: 7.909241676330566
lead: 1
pred mean: 7.932439804077148
lead: 4
pred mean: 7.925654411315918
lead: 3
pred mean: 7.923821449279785
 54%|█████▍    | 1001/1855 [20:04<17:08,  1.20s/it]lead: 5
pred mean: 7.948692798614502
lead: 2
pred mean: 7.933224201202393
lead: 3
pred mean: 7.952077388763428
lead: 3
pred mean: 7.9434967041015625
lead: 1
pred mean: 7.945927143096924
lead: 4
pred mean: 7.9358673095703125
lead: 5
pred mean: 7.959893226623535
lead: 5
pred mean: 7.962522506713867
 54%|█████▍    | 1002/1855 [20:05<17:03,  1.20s/it]lead: 5
pred mean: 7.957404613494873
lead: 0
pred mean: 7.963432788848877
lead: 5
pred mean: 7.959321022033691
lead:lead:  11

pred mean:pred mean:  7.9638071060180667.962981700897217

lead: 4
pred mean: 7.962345600128174
lead: 2
pred mean: 7.957848072052002
lead: 1
pred mean: 7.959157943725586
 54%|█████▍    | 1003/1855 [20:06<16:58,  1.20s/it]lead: 1
pred mean: 7.956029891967773
lead: 0
pred mean: 7.975617408752441
lead: 5
pred mean: 7.953460216522217
lead: 5
pred mean: 7.942234039306641
lead: 4
pred mean: 7.968408584594727
lead: 0
pred mean: 7.953691005706787
lead: 4
pred mean: 7.9578118324279785
lead: 0
pred mean: 7.94901704788208
 54%|█████▍    | 1004/1855 [20:07<16:58,  1.20s/it]lead: 4
pred mean: 7.941927909851074
lead: 1
pred mean: 7.951521396636963
lead: 3
pred mean: 7.931361198425293
lead: 2
pred mean: 7.93092679977417
lead: 5
pred mean: 7.950076103210449
lead: 3
pred mean: 7.9409332275390625
lead: 3
pred mean: 7.949724197387695
lead: 4
pred mean: 7.948646068572998
 54%|█████▍    | 1005/1855 [20:09<17:21,  1.23s/it]                                                   {'loss': 7.6433, 'learning_rate': 0.00010291718262264628, 'epoch': 2.71}
 54%|█████▍    | 1005/1855 [20:09<17:21,  1.23s/it]lead: 3
lead: 1
pred mean: 7.951638698577881
pred mean: 7.956033229827881
lead: 3
lead: 4
pred mean: 7.94585657119751
pred mean: 7.9578752517700195
lead: 1
pred mean: 7.951969146728516
lead: 1
pred mean: 7.975773811340332
lead: 3
pred mean: 7.96746826171875
lead: 4
pred mean: 7.964239120483398
 54%|█████▍    | 1006/1855 [20:10<17:15,  1.22s/it]lead: 2
pred mean: 7.995786666870117
lead: 4
pred mean: 7.990360260009766
lead: 5
pred mean: 7.970188140869141
lead: 0
pred mean: 7.98577880859375
lead: 1
lead: 2
pred mean: 7.987664222717285
pred mean: 7.975525856018066
lead: 1
pred mean: 7.9951677322387695
lead: 0
pred mean: 7.986155986785889
 54%|█████▍    | 1007/1855 [20:11<16:58,  1.20s/it]lead: 3
pred mean: 7.950954914093018
lead: 4
pred mean: 7.984613418579102
lead: 3
pred mean: lead:7.964070796966553 
0
pred mean: 7.9691572189331055
lead: 2
pred mean: 7.979142665863037
lead: 1
pred mean: 7.991790294647217
lead: 5
pred mean: 7.954839706420898
lead: 4
pred mean: 7.9760026931762695
 54%|█████▍    | 1008/1855 [20:12<16:58,  1.20s/it]lead: 2
pred mean: 7.980443000793457
lead: 0
pred mean: 7.969570636749268
lead: 3
pred mean: 7.972591400146484
lead: 4
pred mean: 7.983034610748291
lead: 3
pred mean: 7.985569953918457
lead: 1
pred mean: 7.953614711761475
lead: 5
pred mean: 7.981886386871338
lead: 4
pred mean: 7.982240200042725
 54%|█████▍    | 1009/1855 [20:13<16:53,  1.20s/it]lead: 3
pred mean: 7.996622085571289
lead: 3
pred mean: 7.983893871307373
lead: 3
pred mean: 7.962218761444092
lead: 0
pred mean: 7.969852924346924
lead: 4
pred mean: 7.974899768829346
lead: 2
pred mean: 7.979221343994141
lead: 2
pred mean: 7.984140396118164
lead: 0
pred mean: 7.965878963470459
 54%|█████▍    | 1010/1855 [20:15<16:51,  1.20s/it]                                                   {'loss': 7.603, 'learning_rate': 0.00010197630768745765, 'epoch': 2.72}
 54%|█████▍    | 1010/1855 [20:15<16:51,  1.20s/it]lead: 4
pred mean: 8.000652313232422
lead: 1
pred mean: 7.984940052032471
lead: 3
lead: 0
lead: 5pred mean:
 8.002159118652344
pred mean: 8.012826919555664
pred mean: 8.003131866455078
lead: 4
pred mean: 8.000227928161621
lead: 4
pred mean: 7.988399982452393
lead: 1
pred mean: 7.998897552490234
 55%|█████▍    | 1011/1855 [20:16<16:49,  1.20s/it]lead: 5
pred mean: 7.9897332191467285
lead: 5
pred mean: 7.973482608795166
lead: 3
pred mean: 7.976317882537842
lead: 1
pred mean: 8.003803253173828
lead: 2
pred mean: 7.985161781311035
lead: 5
pred mean: 7.9921770095825195
lead: 2
pred mean: 7.9883341789245605
lead: 0
pred mean: 7.984510898590088
 55%|█████▍    | 1012/1855 [20:17<16:44,  1.19s/it]lead: 5
pred mean: 7.996370792388916
lead: 2
pred mean: 7.995776653289795
lead: 4
pred mean: 7.9817938804626465
lead: 0
pred mean: 7.9864325523376465
lead: 3
pred mean: 7.985167980194092
lead: 0
pred mean: 7.989293098449707
lead: 4
pred mean: 7.9886980056762695
lead: 4
pred mean: 7.98668909072876
 55%|█████▍    | 1013/1855 [20:18<16:44,  1.19s/it]lead: 2
pred mean: 7.999009609222412
lead: 3
pred mean: 7.968441009521484
lead: 2
pred mean: 7.995468616485596
lead: 2
pred mean: 7.998387336730957
lead: 5
pred mean: 7.985764980316162
lead: 2
pred mean: 7.988283634185791
lead: 5
pred mean: 7.979626178741455
lead: 0
pred mean: 7.965437412261963
 55%|█████▍    | 1014/1855 [20:19<17:02,  1.22s/it]lead: 1
pred mean: 8.02835464477539
lead: 0
pred mean: 8.015159606933594
lead: 3
pred mean: 8.020976066589355
lead: 1
pred mean: 8.01602840423584
lead: 3
pred mean: 8.013437271118164
lead: 0
pred mean: 8.025580406188965
lead: 4
pred mean: 8.03474235534668
lead: 4
pred mean: 8.042226791381836
 55%|█████▍    | 1015/1855 [20:21<16:53,  1.21s/it]                                                   {'loss': 7.5625, 'learning_rate': 0.00010103525769569089, 'epoch': 2.74}
 55%|█████▍    | 1015/1855 [20:21<16:53,  1.21s/it]lead: 2
pred mean: 8.042405128479004
lead: 1
lead: 1
pred mean: 8.044586181640625
pred mean: 8.031246185302734
lead: 1
pred mean: 8.014185905456543
lead: 2
pred mean: 8.031847953796387
lead: 5
pred mean: 8.045114517211914
lead: 4
pred mean: 8.028735160827637
lead: 3
pred mean: 8.033988952636719
 55%|█████▍    | 1016/1855 [20:22<16:50,  1.20s/it]lead: 3
pred mean: 7.998134613037109
lead: 5
pred mean: 8.017927169799805
lead: 0
pred mean: 7.998014450073242
lead: 1
pred mean: 7.977044105529785
lead: 3
pred mean: 7.999429225921631
lead: 0
pred mean: 7.978717803955078
lead: 1
pred mean: 7.98779296875
lead: 1
pred mean: 7.988078594207764
 55%|█████▍    | 1017/1855 [20:23<16:49,  1.20s/it]lead: 1
pred mean: 8.023275375366211
lead: 2
pred mean: 8.007219314575195
lead: 3
pred mean: 8.020474433898926
lead: 5
lead: pred mean:4 
8.02792739868164
pred mean: 8.01714038848877
lead: 5
pred mean: 8.03520393371582
lead: 2
pred mean: 8.037416458129883
lead: 0
pred mean: 8.011078834533691
 55%|█████▍    | 1018/1855 [20:24<16:45,  1.20s/it]lead: 4
pred mean: 8.029810905456543
lead: 1
pred mean: 8.033151626586914
lead: 1
lead:pred mean:  28.019643783569336

pred mean: 8.02658462524414
lead: 2
pred mean: 8.025467872619629
lead: 2
pred mean: 8.024818420410156
lead: 2
pred mean: 8.020247459411621
lead: 1
pred mean: 8.031984329223633
 55%|█████▍    | 1019/1855 [20:25<16:50,  1.21s/it]lead: 1
pred mean: 8.041561126708984
lead: 5
pred mean: 8.039644241333008
lead: 0
pred mean: 8.03831958770752
lead: 5
pred mean: 8.044402122497559
lead: 2
pred mean: 8.040386199951172
lead: 1
pred mean: 8.03680419921875
lead: 0
pred mean: 8.034290313720703
lead: 1
pred mean: 8.036860466003418
 55%|█████▍    | 1020/1855 [20:27<16:51,  1.21s/it]                                                   {'loss': 7.5218, 'learning_rate': 0.00010009411600328926, 'epoch': 2.75}
 55%|█████▍    | 1020/1855 [20:27<16:51,  1.21s/it]lead: 4
pred mean: 7.995609760284424
lead: 0
pred mean: 8.01224422454834
lead: 2
pred mean: 8.014715194702148
lead: 2
pred mean: 8.02488899230957
lead: 1
pred mean: 8.028932571411133
lead: 0
pred mean: 8.023164749145508
lead: 5
pred mean: 8.030415534973145
lead: 1
pred mean: 8.024182319641113
 55%|█████▌    | 1021/1855 [20:28<16:52,  1.21s/it]lead: 1
pred mean: 8.02307415008545
lead: 4
pred mean: 8.009711265563965
lead: 1
pred mean: 8.0368013381958
lead: 4
pred mean: 8.018954277038574
lead: 2
pred mean: 8.03074836730957
lead: 3
pred mean: 8.03072452545166
lead: 4
pred mean: 8.035229682922363
lead: 3
pred mean: 8.027469635009766
 55%|█████▌    | 1022/1855 [20:29<16:50,  1.21s/it]lead: 4
pred mean: 8.062796592712402
lead: 1
pred mean: 8.075571060180664
lead: 0
pred mean: 8.074015617370605
lead: 2
pred mean: 8.086359024047852
lead: 0
pred mean: 8.077306747436523
lead: 5
pred mean: 8.072975158691406
lead: 0
pred mean: 8.073379516601562
lead: 2
pred mean: 8.067749977111816
 55%|█████▌    | 1023/1855 [20:30<16:43,  1.21s/it]lead: 2
pred mean: 8.040860176086426
lead: 0
pred mean: 8.029796600341797
lead: 5
pred mean: 8.049942970275879
lead: 5
pred mean: 8.040444374084473
lead: 2
pred mean: 8.032997131347656
lead: 0
pred mean: 8.038625717163086
lead: 3
pred mean: 8.041287422180176
lead: 2
pred mean: 8.029854774475098
 55%|█████▌    | 1024/1855 [20:31<16:38,  1.20s/it]lead: 0
pred mean: 8.011176109313965
lead: 0
pred mean: 8.035459518432617
lead: 5
pred mean: 8.025458335876465
lead: 0
pred mean: 8.044931411743164
lead: 1
pred mean: 8.018054962158203
lead: 1
pred mean: 8.02258014678955
lead: 5
pred mean: 8.03741455078125
lead: 2
pred mean: 8.025511741638184
 55%|█████▌    | 1025/1855 [20:33<16:37,  1.20s/it]                                                   {'loss': 7.4817, 'learning_rate': 9.915296597431859e-05, 'epoch': 2.76}
 55%|█████▌    | 1025/1855 [20:33<16:37,  1.20s/it]lead: 5
pred mean: 8.075278282165527
lead: 0
pred mean: 8.05906867980957
lead: 2
pred mean: 8.058093070983887
lead: 4
pred mean: 8.062807083129883
lead: 0
pred mean: 8.043142318725586
lead: 1
pred mean: 8.043658256530762
lead: 5
pred mean: 8.055229187011719
lead: 5
pred mean: 8.0485258102417
 55%|█████▌    | 1026/1855 [20:34<16:33,  1.20s/it]lead: 0
pred mean: 8.091899871826172
lead: 3
pred mean: 8.100528717041016
lead: 0
pred mean:lead:  18.095916748046875

pred mean: 8.083049774169922
lead: 4
pred mean: 8.09010124206543
lead: 2
pred mean: 8.09831714630127
lead: 1
pred mean: 8.095181465148926
lead: 1
pred mean: 8.101611137390137
 55%|█████▌    | 1027/1855 [20:35<16:34,  1.20s/it]lead: 0
pred mean: 8.067986488342285
lead: 3
pred mean: 8.077096939086914
lead: 1
pred mean: 8.060149192810059
lead: 1
pred mean: 8.064138412475586
lead: 2
pred mean: 8.054691314697266
lead: 1
pred mean: 8.072891235351562
lead: 3
pred mean: 8.062503814697266
lead: 1
pred mean: 8.066235542297363
 55%|█████▌    | 1028/1855 [20:36<16:30,  1.20s/it]lead: 3
pred mean: 8.049050331115723
lead: 3
pred mean: 8.058509826660156
lead: 5
lead: 3
pred mean: 8.0520601272583
pred mean: 8.035162925720215
lead: 2
pred mean: 8.047161102294922
lead: 2
pred mean: 8.055914878845215
lead: 4
pred mean: 8.052903175354004
lead: 4
pred mean: 8.045127868652344
 55%|█████▌    | 1029/1855 [20:37<16:27,  1.20s/it]lead: 5
pred mean: 8.064217567443848
lead: 0
lead: 0
pred mean: 8.069127082824707
pred mean: 8.071173667907715
lead: 1
pred mean: 8.06924819946289
lead: 3
pred mean: 8.068042755126953
lead: 5
pred mean: 8.061999320983887
lead: 3
pred mean: 8.064164161682129
lead: 0
pred mean: 8.063288688659668
 56%|█████▌    | 1030/1855 [20:39<16:22,  1.19s/it]                                                   {'loss': 7.4419, 'learning_rate': 9.821189097358316e-05, 'epoch': 2.78}
 56%|█████▌    | 1030/1855 [20:39<16:22,  1.19s/it]lead: 3
pred mean: 8.101304054260254
lead: 1
pred mean: 8.10112190246582
lead: 5
pred mean: 8.111315727233887
lead: 4
pred mean: 8.11252212524414
lead: 2
lead: 3
pred mean: 8.111858367919922
pred mean: 8.102082252502441
lead: 1
pred mean: 8.1155366897583
lead: 0
pred mean: 8.099868774414062
 56%|█████▌    | 1031/1855 [20:40<16:25,  1.20s/it]lead: 0
pred mean: 8.115641593933105
lead: 4
pred mean: 8.090874671936035
lead: 1
pred mean: 8.097068786621094
lead: 1
pred mean: 8.099390983581543
lead: 4
pred mean: 8.108220100402832
lead:lead:  20

pred mean:pred mean:  8.1033248901367198.102625846862793

lead: 5
pred mean: 8.10345458984375
 56%|█████▌    | 1032/1855 [20:41<16:23,  1.20s/it]lead: 1
pred mean: 8.05539321899414
lead: 3
pred mean: 8.074703216552734
lead: 4
pred mean: 8.071901321411133
lead: 3
pred mean: 8.060079574584961
lead: 0
pred mean: 8.059962272644043
lead: 4
pred mean: 8.059021949768066
lead: 5
pred mean: 8.04626178741455
lead: 1
pred mean: 8.057536125183105
 56%|█████▌    | 1033/1855 [20:42<16:21,  1.19s/it]lead: 0
pred mean: 8.075800895690918
lead: 5
lead: 4
pred mean: 8.095235824584961
pred mean: 8.089838981628418
lead: 0
pred mean: 8.085015296936035
lead: 5
pred mean: 8.061173439025879
lead: 0
pred mean: 8.078983306884766
lead: 5
pred mean: 8.066923141479492
lead: 1
pred mean: 8.076366424560547
 56%|█████▌    | 1034/1855 [20:43<16:18,  1.19s/it]lead: 1
pred mean: 8.128814697265625
lead: 4
pred mean: 8.132153511047363
lead: 0
pred mean: 8.119407653808594
lead: 4
pred mean: 8.115870475769043
lead: 1
pred mean: 8.127570152282715
lead: 5
pred mean: 8.12216567993164
lead: 5
pred mean: 8.127042770385742
lead: 3
pred mean: 8.132438659667969
 56%|█████▌    | 1035/1855 [20:45<16:16,  1.19s/it]                                                   {'loss': 7.4033, 'learning_rate': 9.727097435924142e-05, 'epoch': 2.79}
 56%|█████▌    | 1035/1855 [20:45<16:16,  1.19s/it]lead: 5
pred mean: 8.102686882019043
lead: 4
pred mean: 8.1026029586792
lead: 1
pred mean: 8.107128143310547
lead: 1
pred mean: 8.096495628356934
lead: 0
pred mean: 8.101694107055664
lead: 1
pred mean: 8.102181434631348
lead: 1
lead:pred mean:  58.099871635437012

pred mean: 8.110032081604004
 56%|█████▌    | 1036/1855 [20:46<16:14,  1.19s/it]lead: 1
pred mean: 8.080349922180176
lead: 5
pred mean: 8.076852798461914
lead: 3
pred mean: 8.068435668945312
lead: 3
pred mean: 8.084051132202148
lead: 5
pred mean: 8.072768211364746
lead: 5
pred mean: 8.088757514953613
lead: 2
pred mean: 8.072943687438965
lead: 0
pred mean: 8.089428901672363
 56%|█████▌    | 1037/1855 [20:47<16:15,  1.19s/it]lead: 4
pred mean: 8.10523796081543
lead: 2
pred mean: 8.11368179321289
lead: 0
pred mean: 8.112070083618164
lead: 5
pred mean: 8.098522186279297
lead: 2
pred mean: 8.115983009338379
lead: 0
pred mean: 8.110960006713867
lead: 0
pred mean: 8.112503051757812
lead: 4
pred mean: 8.10433578491211
 56%|█████▌    | 1038/1855 [20:48<16:17,  1.20s/it]lead: 4
pred mean: 8.138713836669922
lead: 0
pred mean: 8.139673233032227
lead:lead: lead: 1 1
5

pred mean:pred mean:pred mean:   8.140136718758.137003898620605
8.142513275146484

lead: 4
pred mean: 8.14722728729248
lead: 5
pred mean: 8.152443885803223
lead: 2
pred mean: 8.14041805267334
 56%|█████▌    | 1039/1855 [20:49<16:15,  1.19s/it]lead: 1
pred mean: 8.143791198730469
lead: 0
pred mean: 8.140275001525879
lead: 5
pred mean: 8.147899627685547
lead: 2
pred mean: 8.132491111755371
lead: 1
pred mean: 8.143571853637695
lead: 0
pred mean: 8.140582084655762
lead: 2
pred mean: 8.147252082824707
lead: 3
pred mean: 8.14583683013916
 56%|█████▌    | 1040/1855 [20:51<16:14,  1.20s/it]                                                   {'loss': 7.3638, 'learning_rate': 9.633029947542237e-05, 'epoch': 2.8}
 56%|█████▌    | 1040/1855 [20:51<16:14,  1.20s/it]lead: 2
pred mean: 8.099601745605469
lead: 0
pred mean: 8.085803031921387
lead: 3
pred mean: 8.11052131652832
lead: 4
lead:pred mean:  28.098600387573242

pred mean: 8.101163864135742
lead: 1
pred mean: 8.079610824584961
lead: 5
pred mean: 8.078988075256348
lead: 3
pred mean: 8.091954231262207
 56%|█████▌    | 1041/1855 [20:52<16:17,  1.20s/it]lead: 5
pred mean: 8.11594009399414
lead: 3
pred mean: 8.126684188842773
lead: 0
pred mean: 8.122827529907227
lead: 2
pred mean: 8.115893363952637
lead: 2
pred mean:lead:  8.1166257858276371

pred mean: 8.113712310791016
lead: 3
pred mean: 8.107802391052246
lead: 2
pred mean: 8.12183666229248
 56%|█████▌    | 1042/1855 [20:53<16:12,  1.20s/it]lead: 5
pred mean: 8.144289016723633
lead: 5
pred mean: 8.172359466552734
lead: 4
pred mean: 8.152792930603027
lead: 4
pred mean: 8.153745651245117
lead: 1
pred mean: 8.170723915100098
lead: 5
pred mean: 8.16592788696289
lead: 1
pred mean: 8.164839744567871
lead: 1
pred mean: 8.150399208068848
 56%|█████▌    | 1043/1855 [20:54<16:09,  1.19s/it]lead: 3
pred mean: 8.152456283569336
lead: 5
pred mean: 8.139657974243164
lead: 0
pred mean: 8.154542922973633
lead: 1
lead: 3
pred mean: 8.147208213806152
pred mean: 8.147887229919434
lead: 5
pred mean: 8.144233703613281
lead: 5
pred mean: 8.14968490600586
lead: 2
pred mean: 8.160399436950684
 56%|█████▋    | 1044/1855 [20:55<16:10,  1.20s/it]lead: 1
pred mean: 8.139220237731934
lead: 4
pred mean: 8.132922172546387
lead: 5
pred mean: 8.108413696289062
lead: 0
pred mean: 8.118050575256348
lead: 1lead:
 2
pred mean: 8.1381254196167pred mean:
 8.148395538330078
lead: 1
pred mean: 8.12863826751709
lead: 0
pred mean: 8.123558044433594
 56%|█████▋    | 1045/1855 [20:57<16:11,  1.20s/it]                                                   {'loss': 7.3261, 'learning_rate': 9.538994964484303e-05, 'epoch': 2.82}
 56%|█████▋    | 1045/1855 [20:57<16:11,  1.20s/it]lead: 0
pred mean: 8.136126518249512
lead: 5
pred mean: 8.146985054016113
lead:lead:  24

pred mean:pred mean:  8.1259613037109388.143954277038574

lead: 2
pred mean: 8.141348838806152
lead: 0
pred mean: 8.117545127868652
lead: 1
lead: 1
pred mean: 8.125652313232422
pred mean: 8.120306968688965
 56%|█████▋    | 1046/1855 [20:58<16:09,  1.20s/it]lead: 1
lead: 0
pred mean: 8.132880210876465
pred mean: 8.148682594299316
lead: 2
pred mean: 8.149352073669434
lead: 5
pred mean: 8.135990142822266
lead: 1
pred mean: 8.139965057373047
lead: 4
pred mean: 8.138197898864746
lead: 1
pred mean: 8.125725746154785
lead: 5
pred mean: 8.123611450195312
 56%|█████▋    | 1047/1855 [20:59<16:05,  1.20s/it]lead: 0
pred mean: 8.162137031555176
lead: 1
pred mean: 8.155779838562012
lead: 1
pred mean: 8.152634620666504
lead: 1
pred mean: 8.162219047546387
lead: 0
pred mean: 8.165599822998047
lead: 3
pred mean: 8.168905258178711
lead: 3
pred mean: 8.160331726074219
lead: 1
pred mean: 8.161234855651855
 56%|█████▋    | 1048/1855 [21:00<16:00,  1.19s/it]lead: 1
pred mean: 8.168774604797363
lead: 2
pred mean: 8.171862602233887
lead: 4
pred mean: 8.172076225280762
lead: 1
pred mean: 8.171257019042969
lead: 5
pred mean: 8.179713249206543
lead: 0
pred mean: 8.187685012817383
lead: 0
pred mean: 8.182055473327637
lead: 1
pred mean: 8.174093246459961
 57%|█████▋    | 1049/1855 [21:01<16:00,  1.19s/it]lead:lead:  34

pred mean: 8.143895149230957
pred mean: 8.138529777526855
lead: 4
pred mean: 8.1494722366333
lead: 1
pred mean: 8.13884162902832
lead: 1
pred mean: 8.147794723510742
lead: 4
pred mean: 8.153888702392578
lead: 0
pred mean: 8.139159202575684
lead: 4
pred mean: 8.144472122192383
 57%|█████▋    | 1050/1855 [21:03<16:04,  1.20s/it]                                                   {'loss': 7.2875, 'learning_rate': 9.445000816142808e-05, 'epoch': 2.83}
 57%|█████▋    | 1050/1855 [21:03<16:04,  1.20s/it]lead: 3
pred mean: 8.189249992370605
lead: 1
pred mean: 8.155277252197266
lead: 0
pred mean: 8.166869163513184
lead: 3
pred mean: 8.173101425170898
lead: 1
pred mean: 8.172533988952637
lead: 5
pred mean: 8.15589714050293
lead: 3
pred mean: 8.169503211975098
lead: 4
pred mean: 8.163827896118164
 57%|█████▋    | 1051/1855 [21:04<16:14,  1.21s/it]lead: 5
pred mean: 8.174400329589844
lead: 2
pred mean: 8.180608749389648
lead: 5
pred mean: 8.165529251098633
lead: 5
pred mean: 8.196439743041992
lead: 2
pred mean: 8.168633460998535
lead: 1
pred mean: 8.16332721710205
lead: 0
pred mean: 8.180746078491211
lead: 2
pred mean: 8.187836647033691
 57%|█████▋    | 1052/1855 [21:05<16:13,  1.21s/it]lead: 3
pred mean: 8.191912651062012
lead: 1
pred mean: 8.174076080322266
lead: 5
pred mean: 8.16287612915039
lead: 2
pred mean: 8.146355628967285
lead: 3
pred mean: 8.169144630432129
lead: 3
pred mean: 8.168700218200684
lead: 1
pred mean: 8.177072525024414
lead: 0
pred mean: 8.167299270629883
 57%|█████▋    | 1053/1855 [21:06<16:07,  1.21s/it]lead: 5
pred mean: 8.156808853149414
lead: 1
pred mean: 8.170814514160156
lead: 3
pred mean: 8.175610542297363
lead: 2
lead: 4
pred mean: 8.16811752319336
pred mean: 8.158525466918945
lead: 0
pred mean: 8.174023628234863
lead: 0
pred mean: 8.174091339111328
lead: 1
pred mean: 8.166099548339844
 57%|█████▋    | 1054/1855 [21:07<16:04,  1.20s/it]lead: 2
pred mean: 8.189718246459961
lead: 3
pred mean: 8.199893951416016
lead: 3
pred mean: 8.20626449584961
lead: 0
pred mean: 8.194838523864746
lead: 4
pred mean: 8.19423770904541
lead: 3
pred mean: 8.212425231933594
lead: 1
pred mean: 8.20018482208252
lead: 4
pred mean: 8.201897621154785
 57%|█████▋    | 1055/1855 [21:09<16:01,  1.20s/it]                                                   {'loss': 7.2501, 'learning_rate': 9.351055828293172e-05, 'epoch': 2.84}
 57%|█████▋    | 1055/1855 [21:09<16:01,  1.20s/it]lead: 5
pred mean: 8.19858169555664
lead: 4
pred mean: 8.196175575256348
lead: 3
pred mean: 8.195638656616211
lead:lead:  35

pred mean:pred mean:  8.2094774246215828.186970710754395

lead: 2
pred mean: 8.199620246887207
lead: 4
pred mean: 8.202791213989258
lead: 1
pred mean: 8.197755813598633
 57%|█████▋    | 1056/1855 [21:10<15:53,  1.19s/it]lead: 5
pred mean: 8.172846794128418
lead: 1
pred mean: 8.161336898803711
lead: 3
pred mean: 8.153960227966309
lead: 0
pred mean: 8.161392211914062
lead: 3
pred mean: 8.175145149230957
lead: 2
pred mean: 8.1673002243042
lead: 0
pred mean: 8.159786224365234
lead: 2
pred mean: 8.166168212890625
 57%|█████▋    | 1057/1855 [21:11<15:52,  1.19s/it]lead: 3
pred mean: 8.19003963470459
lead: 0
pred mean: 8.199838638305664
lead: 3
pred mean: 8.185196876525879
lead: 4
pred mean: 8.202349662780762
lead: 3
pred mean: 8.209915161132812
lead: 0
pred mean: 8.195960998535156
lead: 0
pred mean: 8.19816780090332
lead: 0
pred mean: 8.206416130065918
 57%|█████▋    | 1058/1855 [21:12<15:52,  1.20s/it]lead: 4
pred mean: 8.236305236816406
lead: 5
pred mean: 8.262103080749512
lead: 2
lead: 4
pred mean: 8.244855880737305
pred mean: 8.239956855773926
lead: 3
pred mean: 8.252130508422852
lead: 3
pred mean: 8.238015174865723
lead: 4
pred mean: 8.232170104980469
lead: 5
pred mean: 8.243675231933594
 57%|█████▋    | 1059/1855 [21:13<15:50,  1.19s/it]lead: 1
pred mean: 8.198058128356934
lead: 4
pred mean: 8.22838020324707
lead: 1
pred mean: 8.208979606628418
lead: 1
pred mean: 8.211637496948242
lead: 5
pred mean: 8.222102165222168
lead: 0
pred mean: 8.198783874511719
lead: 5
pred mean: 8.226180076599121
lead: 2
pred mean: 8.210602760314941
 57%|█████▋    | 1060/1855 [21:15<15:48,  1.19s/it]                                                   {'loss': 7.2124, 'learning_rate': 9.257168322356294e-05, 'epoch': 2.86}
 57%|█████▋    | 1060/1855 [21:15<15:48,  1.19s/it]lead: 5
pred mean: 8.19476318359375
lead: 4
pred mean: 8.16429328918457
lead: 5
pred mean: 8.198023796081543
lead: 3
pred mean: 8.181292533874512
lead: 3
pred mean: 8.178982734680176
lead: 4
pred mean: 8.165182113647461
lead: 4
pred mean: 8.182751655578613
lead: 1
pred mean: 8.175525665283203
 57%|█████▋    | 1061/1855 [21:16<15:51,  1.20s/it]lead: 4
pred mean: 8.223398208618164
lead: 3
pred mean: 8.188809394836426
lead: 4
pred mean: 8.203800201416016
lead: 0
pred mean: 8.181954383850098
lead: 1
pred mean: 8.192476272583008
lead: 1
pred mean: 8.212873458862305
lead: 5
pred mean: 8.199395179748535
lead: 1
pred mean: 8.200102806091309
 57%|█████▋    | 1062/1855 [21:17<15:47,  1.19s/it]lead: 0
pred mean: 8.221759796142578
lead: 3
pred mean: 8.238910675048828
lead: 3
pred mean: 8.244760513305664
lead: 1
pred mean: 8.244219779968262
lead: 3
pred mean: 8.228404998779297
lead: 0
pred mean: 8.262884140014648
lead: 4
pred mean: 8.250864028930664
lead: 1
pred mean: 8.26087760925293
 57%|█████▋    | 1063/1855 [21:18<15:44,  1.19s/it]lead: 4
pred mean: 8.24609375
lead: 5
pred mean: 8.223603248596191
lead: 5
pred mean: 8.21117115020752
lead: 0
pred mean: 8.235804557800293
lead: 5
pred mean: 8.234230041503906
lead: 5
lead: 2
pred mean: 8.222576141357422
pred mean: 8.232213020324707
lead: 1
pred mean: 8.231730461120605
 57%|█████▋    | 1064/1855 [21:19<15:45,  1.20s/it]lead: 4
pred mean: 8.19583511352539
lead: 2
pred mean: 8.192647933959961
lead: 3
pred mean: 8.188883781433105
lead: 2
pred mean: 8.199395179748535
lead: 5
pred mean: 8.20124340057373
lead: 4
pred mean: 8.217784881591797
lead: 2
pred mean: 8.204451560974121
lead: 1
pred mean: 8.21324348449707
 57%|█████▋    | 1065/1855 [21:21<15:48,  1.20s/it]                                                   {'loss': 7.1758, 'learning_rate': 9.163346614661479e-05, 'epoch': 2.87}
 57%|█████▋    | 1065/1855 [21:21<15:48,  1.20s/it]lead: 3
pred mean: 8.23310375213623
lead: 1
pred mean: 8.239362716674805
lead: 3
pred mean: 8.2229585647583
lead: 1
pred mean: 8.22636890411377
lead: 0
pred mean: 8.232871055603027
lead: 4
pred mean: 8.23090934753418
lead: 2
pred mean: 8.22168254852295
lead: 0
pred mean: 8.234771728515625
 57%|█████▋    | 1066/1855 [21:22<15:45,  1.20s/it]lead: 3
pred mean: 8.261937141418457
lead: 1
pred mean: 8.235329627990723
lead: 2
pred mean: 8.26064682006836
lead: 5
pred mean: 8.251564025878906
lead: 0
pred mean: 8.236117362976074
lead: 1
pred mean: 8.248125076293945
lead: 2
pred mean: 8.259249687194824
lead: 4
pred mean: 8.2508544921875
 58%|█████▊    | 1067/1855 [21:23<15:45,  1.20s/it]lead: 2
pred mean: 8.251154899597168
lead: 4lead:
 4
pred mean: pred mean:8.261053085327148 
8.274554252624512
lead: 4
pred mean: 8.273354530334473
lead: 5
pred mean: 8.264731407165527
lead: 2
pred mean: 8.26310920715332
lead: 1
pred mean: 8.263617515563965
lead: 5
pred mean: 8.26707649230957
 58%|█████▊    | 1068/1855 [21:24<15:47,  1.20s/it]lead: 0
pred mean: 8.247096061706543
lead: 0
pred mean:lead:  8.2309865951538094

pred mean: 8.240275382995605
lead: 4
pred mean: 8.22092056274414
lead: 2
pred mean: 8.235917091369629
lead: 3
pred mean: 8.237995147705078
lead: 3
pred mean: 8.242037773132324
lead: 3
pred mean: 8.253029823303223
 58%|█████▊    | 1069/1855 [21:25<15:44,  1.20s/it]lead: 5
pred mean: 8.250930786132812
lead: 0
pred mean: 8.229315757751465
lead: 5
pred mean: 8.238668441772461
lead: 5
pred mean: 8.241765975952148
lead: 3
pred mean: 8.244135856628418
lead: 5
pred mean: 8.257646560668945
lead: 2
pred mean: 8.222716331481934
lead: 1
pred mean: 8.239187240600586
 58%|█████▊    | 1070/1855 [21:27<15:39,  1.20s/it]                                                   {'loss': 7.1396, 'learning_rate': 9.069599015709766e-05, 'epoch': 2.88}
 58%|█████▊    | 1070/1855 [21:27<15:39,  1.20s/it]lead: 1
pred mean: 8.22961139678955
lead: 3
pred mean: 8.21427059173584
lead: 2
pred mean: 8.206686019897461
lead: 2
pred mean: 8.206589698791504
lead: 1
pred mean: 8.226574897766113
lead: 3
pred mean: 8.221551895141602
lead: 2
pred mean: 8.216599464416504
lead: 2
pred mean: 8.236252784729004
 58%|█████▊    | 1071/1855 [21:28<15:32,  1.19s/it]lead: 1
lead:pred mean:  4
8.282657623291016
pred mean: 8.273577690124512
lead: 3
pred mean: 8.285406112670898
lead: 5
pred mean: 8.274136543273926
lead: 5
pred mean: 8.275742530822754
lead: 1
pred mean: 8.271819114685059
lead: 2
pred mean: 8.287652969360352
lead: 1
pred mean: 8.278672218322754
 58%|█████▊    | 1072/1855 [21:29<15:31,  1.19s/it]lead: 3
pred mean: 8.258506774902344
lead: 2
pred mean: 8.269350051879883
lead: 5
pred mean: 8.262373924255371
lead: 4
pred mean: 8.248433113098145
lead: 0
pred mean: 8.253887176513672
lead: 2
pred mean: 8.27408504486084
lead: 0
pred mean: 8.25760269165039
lead: 2
pred mean: 8.265647888183594
 58%|█████▊    | 1073/1855 [21:30<15:34,  1.20s/it]lead: 1
pred mean: 8.263155937194824
lead: 0
pred mean: 8.257925033569336
lead: 3
pred mean: 8.248400688171387
lead: 3
pred mean: 8.241755485534668
lead: 3
pred mean: 8.251310348510742
lead: 2
pred mean: 8.258025169372559
lead: 1
pred mean: 8.272199630737305
lead: 1
pred mean: 8.258560180664062
 58%|█████▊    | 1074/1855 [21:31<15:31,  1.19s/it]lead: 0
pred mean: 8.241247177124023
lead: 5
pred mean: 8.24560832977295
lead: 2
pred mean: 8.26483154296875
lead: 5
pred mean: 8.257789611816406
lead: 5
pred mean: 8.262615203857422
lead: 3
pred mean: 8.25564956665039
lead: 3
pred mean: 8.24853229522705
lead: 2
pred mean: 8.250367164611816
 58%|█████▊    | 1075/1855 [21:32<15:34,  1.20s/it]                                                   {'loss': 7.1024, 'learning_rate': 8.975933829437827e-05, 'epoch': 2.9}
 58%|█████▊    | 1075/1855 [21:32<15:34,  1.20s/it]lead: 3
pred mean: 8.259842872619629
lead: 1
pred mean: 8.26734733581543
lead: 2
lead: 2
pred mean: 8.285232543945312
pred mean: 8.252872467041016
lead: 4
pred mean: 8.273999214172363
lead: 2
lead: 0
pred mean: 8.272549629211426
pred mean: 8.262840270996094
lead: 0
pred mean: 8.263606071472168
 58%|█████▊    | 1076/1855 [21:34<15:30,  1.19s/it]lead: 0
pred mean: 8.300230979919434
lead: 5
pred mean: 8.306029319763184
lead: 2
lead: 5
pred mean: 8.296255111694336
pred mean: 8.305710792541504
lead: 5
pred mean: 8.294909477233887
lead: 3
pred mean: 8.301570892333984
lead: 2
pred mean: 8.288342475891113
lead: 3
pred mean: 8.300006866455078
 58%|█████▊    | 1077/1855 [21:35<15:30,  1.20s/it]lead: 3
pred mean: 8.302582740783691
lead: 1
pred mean: 8.28375244140625
lead: 5
pred mean: 8.26833438873291
lead: 1
pred mean: 8.267924308776855
lead: 3
pred mean: 8.29804801940918
lead: 3
pred mean: 8.29101848602295
lead: 3
pred mean: 8.286874771118164
lead: 4
pred mean: 8.270282745361328
 58%|█████▊    | 1078/1855 [21:36<15:27,  1.19s/it]lead: 4
pred mean: 8.265986442565918
lead: 4
pred mean: 8.2698974609375
lead: 3
pred mean: 8.281404495239258
lead: 3
pred mean: 8.273195266723633
lead: 0
pred mean: 8.265439987182617
lead: 4
pred mean: 8.268105506896973
lead: 0
pred mean: 8.290960311889648
lead: 0
pred mean: 8.26755142211914
 58%|█████▊    | 1079/1855 [21:37<15:26,  1.19s/it]lead: 5
pred mean: 8.269089698791504
lead: 0
pred mean: 8.278061866760254
lead: 4
pred mean: 8.258808135986328
lead: 3
pred mean: 8.26849365234375
lead: 4
pred mean: 8.264632225036621
lead: 1
pred mean: 8.259482383728027
lead: 4
pred mean: 8.26147747039795
lead: 3
pred mean: 8.280207633972168
 58%|█████▊    | 1080/1855 [21:38<15:22,  1.19s/it]                                                   {'loss': 7.067, 'learning_rate': 8.882359352482415e-05, 'epoch': 2.91}
 58%|█████▊    | 1080/1855 [21:38<15:22,  1.19s/it]lead: 5
pred mean: 8.32575798034668
lead: 1
pred mean: 8.293787002563477
lead: 5
pred mean: 8.329363822937012
lead: 2
pred mean: 8.320528030395508
lead: 2
pred mean: 8.323396682739258
lead: 4
pred mean: 8.30998420715332
lead: 0
pred mean: 8.334515571594238
lead: 0
pred mean: 8.34231948852539
 58%|█████▊    | 1081/1855 [21:40<15:23,  1.19s/it]lead: 4
pred mean: 8.312170028686523
lead: 4
pred mean: 8.310757637023926
lead: 4
pred mean: 8.318671226501465
lead: 5
pred mean: 8.306968688964844
lead: 5
pred mean: 8.304680824279785
lead: 1
pred mean: 8.316056251525879
lead: 2
pred mean: 8.298784255981445
lead: 4
pred mean: 8.302777290344238
 58%|█████▊    | 1082/1855 [21:41<15:26,  1.20s/it]lead: 0
pred mean: 8.293658256530762
lead: 1
pred mean: 8.24955940246582
lead: 3
pred mean: 8.288460731506348
lead: 0
pred mean: 8.293651580810547
lead: 3
pred mean: 8.276213645935059
lead: 2
pred mean: 8.279610633850098
lead: 5
pred mean: 8.273587226867676
lead: 3
pred mean: 8.287201881408691
 58%|█████▊    | 1083/1855 [21:42<15:30,  1.21s/it]lead: 3
pred mean: 8.295717239379883
lead: 0
pred mean: 8.291259765625
lead: 3
pred mean: 8.281904220581055
lead: 1
pred mean: 8.271323204040527
lead: 5
pred mean: 8.280935287475586
lead: 2
pred mean: 8.281550407409668
lead: 2
pred mean: 8.28462028503418
lead: 3
pred mean: 8.294851303100586
 58%|█████▊    | 1084/1855 [21:43<15:21,  1.20s/it]lead: 5
pred mean: 8.33780574798584
lead: 5
pred mean: 8.332602500915527
lead: 2
lead: 2
pred mean: 8.340120315551758
pred mean: 8.335700988769531
lead: 5
pred mean: 8.346233367919922
lead: 0
pred mean: 8.334036827087402
lead: 1
pred mean: 8.326740264892578
lead: 4
pred mean: 8.335968017578125
 58%|█████▊    | 1085/1855 [21:44<15:20,  1.20s/it]                                                   {'loss': 7.0312, 'learning_rate': 8.788883873445473e-05, 'epoch': 2.92}
 58%|█████▊    | 1085/1855 [21:44<15:20,  1.20s/it]lead: 3
pred mean: 8.318808555603027
lead: 0
pred mean: 8.319377899169922
lead: 4
pred mean: 8.306626319885254
lead: 2
lead: 1
pred mean: 8.321720123291016
pred mean: 8.317574501037598
lead: 0
pred mean: 8.337179183959961
lead: 2
pred mean: 8.31672477722168
lead: 5
pred mean: 8.311108589172363
 59%|█████▊    | 1086/1855 [21:46<15:20,  1.20s/it]lead: 1
pred mean: 8.32028579711914
lead: 2
pred mean: 8.301012992858887
lead: 0
pred mean: 8.300050735473633
lead: 4
pred mean: 8.304662704467773
lead: 5
pred mean: 8.291380882263184
lead: 3
pred mean: 8.290218353271484
lead: 0
pred mean: 8.301105499267578
lead: 3
pred mean: 8.302395820617676
 59%|█████▊    | 1087/1855 [21:47<15:15,  1.19s/it]lead: 2
pred mean: 8.31420612335205
lead: 5
pred mean: 8.311214447021484
lead: 4
pred mean: 8.30960750579834
lead: 5
pred mean: 8.306144714355469
lead: 2
pred mean: 8.313926696777344
lead: 1
pred mean: 8.311424255371094
lead: 1
pred mean: 8.318099021911621
lead: 0
pred mean: 8.319234848022461
 59%|█████▊    | 1088/1855 [21:48<15:15,  1.19s/it]lead: 0
pred mean: 8.34109115600586
lead: 4
pred mean: 8.330117225646973
lead: 3
pred mean: 8.333291053771973
lead: 0
pred mean: 8.349150657653809
lead: 0
pred mean: 8.351539611816406
lead: 1
pred mean: 8.353588104248047
lead: 2
pred mean: 8.345693588256836
lead: 2
pred mean: 8.335638999938965
 59%|█████▊    | 1089/1855 [21:49<15:16,  1.20s/it]lead: 0
pred mean: 8.348090171813965
lead: 1
pred mean: 8.349312782287598
lead: 3
pred mean: 8.343552589416504
lead: 2
pred mean: 8.329164505004883
lead: 2
pred mean: 8.323690414428711
lead:lead:  44

pred mean:pred mean:  8.3426351547241218.3361177444458

lead: 2
pred mean: 8.342079162597656
 59%|█████▉    | 1090/1855 [21:50<15:14,  1.19s/it]                                                   {'loss': 6.9959, 'learning_rate': 8.695515672159941e-05, 'epoch': 2.94}
 59%|█████▉    | 1090/1855 [21:50<15:14,  1.19s/it]lead: 0
pred mean: 8.322042465209961
lead: 2
pred mean: 8.318583488464355
lead: 4
pred mean: 8.325876235961914
lead: 5
pred mean: 8.326053619384766
lead: 4
pred mean: 8.332459449768066
lead: 2
pred mean: 8.313349723815918
lead: 1
pred mean: 8.326882362365723
lead: 5
pred mean: 8.33227825164795
 59%|█████▉    | 1091/1855 [21:52<15:12,  1.19s/it]lead: 3
pred mean: 8.32197380065918
lead: 4
pred mean: 8.336977005004883
lead: 0
pred mean: 8.304683685302734
lead: 5
pred mean: 8.33287525177002
lead: 5
pred mean: 8.319684028625488
lead: 4
pred mean: 8.323736190795898
lead: 0
pred mean: 8.323615074157715
lead: 0
pred mean: 8.336602210998535
 59%|█████▉    | 1092/1855 [21:53<15:07,  1.19s/it]lead: 1
pred mean: 8.34215259552002
lead: 0
pred mean: 8.34912109375
lead: 5
pred mean: 8.358245849609375
lead: 0
pred mean: 8.361961364746094
lead: 4
pred mean: 8.36113452911377
lead: 3
pred mean: 8.346535682678223
lead: 0
pred mean: 8.347977638244629
lead: 1
pred mean: 8.370770454406738
 59%|█████▉    | 1093/1855 [21:54<15:05,  1.19s/it]lead: 5
pred mean: 8.348898887634277
lead: 4
pred mean: 8.369709014892578
lead: 4
pred mean: 8.365133285522461
lead: 1
pred mean: 8.349038124084473
lead: 4
pred mean: 8.362992286682129
lead: 1
pred mean: 8.347389221191406
lead: 2
pred mean: 8.358407020568848
lead: 1
pred mean: 8.342327117919922
 59%|█████▉    | 1094/1855 [21:55<15:07,  1.19s/it]lead: 4
pred mean: 8.34204387664795
lead: 4
pred mean: 8.32903003692627
lead: 3
pred mean: 8.333266258239746
lead: 4
pred mean: 8.352750778198242
lead: 4
pred mean: 8.344147682189941
lead: 2
pred mean: 8.3403902053833
lead: 2
pred mean: 8.337008476257324
lead: 1
pred mean: 8.344429969787598
 59%|█████▉    | 1095/1855 [21:56<15:07,  1.19s/it]                                                   {'loss': 6.9609, 'learning_rate': 8.602263018956363e-05, 'epoch': 2.95}
 59%|█████▉    | 1095/1855 [21:56<15:07,  1.19s/it]lead: 4
pred mean: 8.31591510772705
lead: 5
lead: 3
pred mean: 8.334482192993164
pred mean: 8.339229583740234
lead: 5
pred mean: 8.336835861206055
lead: 3
pred mean: 8.322110176086426
lead: 4
pred mean: 8.33377742767334
lead: 4
pred mean: 8.31296443939209
lead: 5
pred mean: 8.325679779052734
 59%|█████▉    | 1096/1855 [21:58<15:04,  1.19s/it]lead: 0
pred mean: 8.370100975036621
lead: 5
pred mean: 8.373361587524414
lead: 1
pred mean: 8.363405227661133
lead: 4
pred mean: 8.382882118225098
lead: 5
pred mean: 8.384997367858887
lead: 4
pred mean: 8.367849349975586
lead: 5lead:
 2
pred mean:pred mean:  8.3797683715820318.372957229614258

 59%|█████▉    | 1097/1855 [21:59<14:57,  1.18s/it]lead: 0
pred mean: 8.385345458984375
lead: 2
pred mean: 8.375692367553711
lead: 1
pred mean: 8.379586219787598
lead: 2
pred mean: 8.378744125366211
lead: 2
pred mean: 8.383007049560547
lead: 5
pred mean: 8.364884376525879
lead: 3
pred mean: 8.378375053405762
lead: 3
pred mean: 8.381269454956055
 59%|█████▉    | 1098/1855 [22:00<14:56,  1.18s/it]lead: 5
pred mean: 8.350435256958008
lead: 5
pred mean: 8.351776123046875
lead: 2
lead: 5
pred mean: 8.368367195129395
pred mean: 8.34338092803955
lead: 0
pred mean: 8.337176322937012
lead: 5
pred mean: 8.366293907165527
lead: 2
pred mean: 8.337160110473633
lead: 4
pred mean: 8.333968162536621
 59%|█████▉    | 1099/1855 [22:01<14:56,  1.19s/it]lead: 4
pred mean: 8.336576461791992
lead: 1
pred mean: 8.350728988647461
lead: 5
pred mean: 8.328539848327637
lead: 1
pred mean: 8.320577621459961
lead: 5
pred mean: 8.333673477172852
lead: 4
pred mean: 8.332611083984375
lead: 1
pred mean: 8.338027000427246
lead: 4
pred mean: 8.329866409301758
 59%|█████▉    | 1100/1855 [22:02<14:54,  1.18s/it]                                                   {'loss': 6.9262, 'learning_rate': 8.509134173930302e-05, 'epoch': 2.96}
 59%|█████▉    | 1100/1855 [22:02<14:54,  1.18s/it]lead: 2
pred mean: 8.390913009643555
lead: 5
pred mean: 8.396350860595703
lead: 3
lead:pred mean:  18.402833938598633

pred mean: 8.40289306640625
lead: 5
pred mean: 8.405477523803711
lead: 3
pred mean: 8.397540092468262
lead: 0
pred mean: 8.395946502685547
lead: 4
pred mean: 8.40698528289795
 59%|█████▉    | 1101/1855 [22:03<14:51,  1.18s/it]lead: 1
pred mean: 8.41087532043457
lead: 5
pred mean: 8.418757438659668
lead: 4
pred mean: 8.41305160522461
lead: 2
pred mean: 8.416379928588867
lead: 4
pred mean: 8.403406143188477
lead: 2
pred mean: 8.392638206481934
lead: 4
pred mean: 8.402270317077637
lead: 0
pred mean: 8.427297592163086
 59%|█████▉    | 1102/1855 [22:05<14:51,  1.18s/it]lead: 4
pred mean: 8.365163803100586
lead: 5
pred mean: 8.379942893981934
lead: 0
pred mean: 8.363308906555176
lead: 3
pred mean: 8.35062313079834
lead: 2
pred mean: 8.355429649353027
lead: 4
pred mean: 8.375234603881836
lead: 3
pred mean: 8.373299598693848
lead: 0
pred mean: 8.37000560760498
 59%|█████▉    | 1103/1855 [22:06<14:46,  1.18s/it]lead: 2
pred mean: 8.367053031921387
lead: 5
pred mean: 8.363712310791016
lead: 5
pred mean: 8.370648384094238
lead: 3
pred mean: 8.354841232299805
lead: 3
pred mean: 8.353182792663574
lead: 3
pred mean: 8.362372398376465
lead: 1
pred mean: 8.350994110107422
lead: 0
pred mean: 8.368680953979492
 60%|█████▉    | 1104/1855 [22:07<14:44,  1.18s/it]lead: 4
pred mean: 8.396368980407715
lead: 2
pred mean: 8.400052070617676
lead: 1
pred mean: 8.3956880569458
lead: 4
pred mean: 8.397223472595215lead:
 2
pred mean: 8.393178939819336
lead: 2
pred mean: 8.399413108825684
lead: 1
pred mean: 8.386940002441406
lead: 2
pred mean: 8.389081001281738
 60%|█████▉    | 1105/1855 [22:08<14:43,  1.18s/it]                                                   {'loss': 6.8925, 'learning_rate': 8.416137386210696e-05, 'epoch': 2.98}
 60%|█████▉    | 1105/1855 [22:08<14:43,  1.18s/it]lead: 4
lead: 3
pred mean: 8.41943645477295
pred mean: 8.428815841674805
lead: 0
pred mean: 8.416984558105469
lead: 0
pred mean: 8.432175636291504
lead: 0
pred mean: 8.42965316772461
lead: 0
pred mean: 8.426095962524414
lead: 1
pred mean: 8.411684036254883
lead: 0
pred mean: 8.409720420837402
 60%|█████▉    | 1106/1855 [22:09<14:42,  1.18s/it]lead: 3
pred mean: 8.401825904846191
lead: 0
pred mean: 8.395943641662598
lead: 5
pred mean: 8.38841724395752
lead: 2
pred mean: 8.390567779541016
lead: 4
pred mean: 8.38764762878418
lead: 0
lead: 4
pred mean: 8.396604537963867
pred mean: 8.373347282409668
lead: 5
pred mean: 8.398957252502441
 60%|█████▉    | 1107/1855 [22:11<14:39,  1.18s/it]lead: 0
pred mean: 8.382957458496094
lead: 1
pred mean: 8.388639450073242
lead: 5
pred mean: 8.386903762817383
lead: 2
pred mean: 8.39989948272705
lead: 0
pred mean: 8.385199546813965
lead: 5
pred mean: 8.376028060913086
lead: 1
pred mean: 8.38233757019043
lead: 5
pred mean: 8.381717681884766
 60%|█████▉    | 1108/1855 [22:12<14:40,  1.18s/it]lead: 4
pred mean: 8.398658752441406
lead: 4
pred mean: 8.37766170501709
lead: 5
pred mean: 8.389304161071777
lead: 0
pred mean: 8.387969970703125
lead: 2
pred mean: 8.40408706665039
lead: 5
pred mean: 8.395598411560059
lead: 4
pred mean: 8.398573875427246
lead: 1
pred mean: 8.388568878173828
 60%|█████▉    | 1109/1855 [22:13<14:38,  1.18s/it]lead: 3
pred mean: 8.413396835327148
lead: 3
pred mean: 8.425334930419922
lead: 2
pred mean: 8.416705131530762
lead: 4
pred mean: 8.400907516479492
lead: 0
pred mean: 8.403617858886719
lead: 3
pred mean: 8.420787811279297
lead: 3
pred mean: 8.416803359985352
lead: 4
pred mean: 8.404367446899414
 60%|█████▉    | 1110/1855 [22:14<14:41,  1.18s/it]                                                   {'loss': 6.8577, 'learning_rate': 8.323280893229167e-05, 'epoch': 2.99}
 60%|█████▉    | 1110/1855 [22:14<14:41,  1.18s/it]lead: 5
pred mean: 8.414961814880371
lead: 0
pred mean: 8.41601848602295
lead: 5
pred mean: 8.415038108825684
lead: 0
pred mean: 8.41421890258789
lead: 5
pred mean: 8.420391082763672
lead: 0
pred mean: 8.418508529663086
lead: 0
pred mean: 8.41439151763916
lead: 0
pred mean: 8.414170265197754
 60%|█████▉    | 1111/1855 [22:15<14:40,  1.18s/it]lead: 4
pred mean: 8.448134422302246
lead: 1
pred mean: 8.435073852539062
lead: 1
pred mean: 8.426015853881836
lead: 0
pred mean: 8.439434051513672
lead: 5
pred mean: 8.418603897094727
lead: 2
pred mean: 8.425802230834961
lead: 4
pred mean: 8.416056632995605
lead: 1
pred mean: 8.423224449157715
 60%|█████▉    | 1112/1855 [22:16<14:36,  1.18s/it]lead: 0
pred mean: 8.44393539428711
lead: 1
pred mean: 8.447957992553711
lead: 3
pred mean: 8.402422904968262
lead: 0
pred mean: 8.428193092346191
lead: 0
pred mean: 8.42194652557373
lead: 5
pred mean: 8.40705680847168
lead: 2
pred mean: 8.39226245880127
lead: 4
pred mean: 8.411626815795898
 60%|██████    | 1113/1855 [22:17<14:09,  1.15s/it]/workspace/lutianyou/program/long-ENSO/trainer/utils.py:166: UserWarning: TypedStorage is deprecated. It will be removed in the future and UntypedStorage will be the only storage class. This should only matter to you if you are using storages directly.  To access UntypedStorage directly, use tensor.untyped_storage() instead of tensor.storage()
  storage = elem.storage()._new_shared(numel, device=elem.device)
/workspace/lutianyou/program/long-ENSO/trainer/utils.py:166: UserWarning: TypedStorage is deprecated. It will be removed in the future and UntypedStorage will be the only storage class. This should only matter to you if you are using storages directly.  To access UntypedStorage directly, use tensor.untyped_storage() instead of tensor.storage()
  storage = elem.storage()._new_shared(numel, device=elem.device)
/workspace/lutianyou/program/long-ENSO/trainer/utils.py:166: UserWarning: TypedStorage is deprecated. It will be removed in the future and UntypedStorage will be the only storage class. This should only matter to you if you are using storages directly.  To access UntypedStorage directly, use tensor.untyped_storage() instead of tensor.storage()
  storage = elem.storage()._new_shared(numel, device=elem.device)
/workspace/lutianyou/program/long-ENSO/trainer/utils.py:166: UserWarning: TypedStorage is deprecated. It will be removed in the future and UntypedStorage will be the only storage class. This should only matter to you if you are using storages directly.  To access UntypedStorage directly, use tensor.untyped_storage() instead of tensor.storage()
  storage = elem.storage()._new_shared(numel, device=elem.device)
/workspace/lutianyou/program/long-ENSO/trainer/utils.py:166: UserWarning: TypedStorage is deprecated. It will be removed in the future and UntypedStorage will be the only storage class. This should only matter to you if you are using storages directly.  To access UntypedStorage directly, use tensor.untyped_storage() instead of tensor.storage()
  storage = elem.storage()._new_shared(numel, device=elem.device)
/workspace/lutianyou/program/long-ENSO/trainer/utils.py:166: UserWarning: TypedStorage is deprecated. It will be removed in the future and UntypedStorage will be the only storage class. This should only matter to you if you are using storages directly.  To access UntypedStorage directly, use tensor.untyped_storage() instead of tensor.storage()
  storage = elem.storage()._new_shared(numel, device=elem.device)
/workspace/lutianyou/program/long-ENSO/trainer/utils.py:166: UserWarning: TypedStorage is deprecated. It will be removed in the future and UntypedStorage will be the only storage class. This should only matter to you if you are using storages directly.  To access UntypedStorage directly, use tensor.untyped_storage() instead of tensor.storage()
  storage = elem.storage()._new_shared(numel, device=elem.device)
/workspace/lutianyou/program/long-ENSO/trainer/utils.py:166: UserWarning: TypedStorage is deprecated. It will be removed in the future and UntypedStorage will be the only storage class. This should only matter to you if you are using storages directly.  To access UntypedStorage directly, use tensor.untyped_storage() instead of tensor.storage()
  storage = elem.storage()._new_shared(numel, device=elem.device)
/workspace/lutianyou/program/long-ENSO/trainer/utils.py:166: UserWarning: TypedStorage is deprecated. It will be removed in the future and UntypedStorage will be the only storage class. This should only matter to you if you are using storages directly.  To access UntypedStorage directly, use tensor.untyped_storage() instead of tensor.storage()
  storage = elem.storage()._new_shared(numel, device=elem.device)
/workspace/lutianyou/program/long-ENSO/trainer/utils.py:166: UserWarning: TypedStorage is deprecated. It will be removed in the future and UntypedStorage will be the only storage class. This should only matter to you if you are using storages directly.  To access UntypedStorage directly, use tensor.untyped_storage() instead of tensor.storage()
  storage = elem.storage()._new_shared(numel, device=elem.device)
/workspace/lutianyou/program/long-ENSO/trainer/utils.py:166: UserWarning: TypedStorage is deprecated. It will be removed in the future and UntypedStorage will be the only storage class. This should only matter to you if you are using storages directly.  To access UntypedStorage directly, use tensor.untyped_storage() instead of tensor.storage()
  storage = elem.storage()._new_shared(numel, device=elem.device)
/workspace/lutianyou/program/long-ENSO/trainer/utils.py:166: UserWarning: TypedStorage is deprecated. It will be removed in the future and UntypedStorage will be the only storage class. This should only matter to you if you are using storages directly.  To access UntypedStorage directly, use tensor.untyped_storage() instead of tensor.storage()
  storage = elem.storage()._new_shared(numel, device=elem.device)
/workspace/lutianyou/program/long-ENSO/trainer/utils.py:166: UserWarning: TypedStorage is deprecated. It will be removed in the future and UntypedStorage will be the only storage class. This should only matter to you if you are using storages directly.  To access UntypedStorage directly, use tensor.untyped_storage() instead of tensor.storage()
  storage = elem.storage()._new_shared(numel, device=elem.device)
/workspace/lutianyou/program/long-ENSO/trainer/utils.py:166: UserWarning: TypedStorage is deprecated. It will be removed in the future and UntypedStorage will be the only storage class. This should only matter to you if you are using storages directly.  To access UntypedStorage directly, use tensor.untyped_storage() instead of tensor.storage()
  storage = elem.storage()._new_shared(numel, device=elem.device)
/workspace/lutianyou/program/long-ENSO/trainer/utils.py:166: UserWarning: TypedStorage is deprecated. It will be removed in the future and UntypedStorage will be the only storage class. This should only matter to you if you are using storages directly.  To access UntypedStorage directly, use tensor.untyped_storage() instead of tensor.storage()
  storage = elem.storage()._new_shared(numel, device=elem.device)
/workspace/lutianyou/program/long-ENSO/trainer/utils.py:166: UserWarning: TypedStorage is deprecated. It will be removed in the future and UntypedStorage will be the only storage class. This should only matter to you if you are using storages directly.  To access UntypedStorage directly, use tensor.untyped_storage() instead of tensor.storage()
  storage = elem.storage()._new_shared(numel, device=elem.device)
/workspace/lutianyou/program/long-ENSO/trainer/utils.py:166: UserWarning: TypedStorage is deprecated. It will be removed in the future and UntypedStorage will be the only storage class. This should only matter to you if you are using storages directly.  To access UntypedStorage directly, use tensor.untyped_storage() instead of tensor.storage()
  storage = elem.storage()._new_shared(numel, device=elem.device)
/workspace/lutianyou/program/long-ENSO/trainer/utils.py:166: UserWarning: TypedStorage is deprecated. It will be removed in the future and UntypedStorage will be the only storage class. This should only matter to you if you are using storages directly.  To access UntypedStorage directly, use tensor.untyped_storage() instead of tensor.storage()
  storage = elem.storage()._new_shared(numel, device=elem.device)
/workspace/lutianyou/program/long-ENSO/trainer/utils.py:166: UserWarning: TypedStorage is deprecated. It will be removed in the future and UntypedStorage will be the only storage class. This should only matter to you if you are using storages directly.  To access UntypedStorage directly, use tensor.untyped_storage() instead of tensor.storage()
  storage = elem.storage()._new_shared(numel, device=elem.device)
/workspace/lutianyou/program/long-ENSO/trainer/utils.py:166: UserWarning: TypedStorage is deprecated. It will be removed in the future and UntypedStorage will be the only storage class. This should only matter to you if you are using storages directly.  To access UntypedStorage directly, use tensor.untyped_storage() instead of tensor.storage()
  storage = elem.storage()._new_shared(numel, device=elem.device)
/workspace/lutianyou/program/long-ENSO/trainer/utils.py:166: UserWarning: TypedStorage is deprecated. It will be removed in the future and UntypedStorage will be the only storage class. This should only matter to you if you are using storages directly.  To access UntypedStorage directly, use tensor.untyped_storage() instead of tensor.storage()
  storage = elem.storage()._new_shared(numel, device=elem.device)
/workspace/lutianyou/program/long-ENSO/trainer/utils.py:166: UserWarning: TypedStorage is deprecated. It will be removed in the future and UntypedStorage will be the only storage class. This should only matter to you if you are using storages directly.  To access UntypedStorage directly, use tensor.untyped_storage() instead of tensor.storage()
  storage = elem.storage()._new_shared(numel, device=elem.device)
/workspace/lutianyou/program/long-ENSO/trainer/utils.py:166: UserWarning: TypedStorage is deprecated. It will be removed in the future and UntypedStorage will be the only storage class. This should only matter to you if you are using storages directly.  To access UntypedStorage directly, use tensor.untyped_storage() instead of tensor.storage()
  storage = elem.storage()._new_shared(numel, device=elem.device)
/workspace/lutianyou/program/long-ENSO/trainer/utils.py:166: UserWarning: TypedStorage is deprecated. It will be removed in the future and UntypedStorage will be the only storage class. This should only matter to you if you are using storages directly.  To access UntypedStorage directly, use tensor.untyped_storage() instead of tensor.storage()
  storage = elem.storage()._new_shared(numel, device=elem.device)
/workspace/lutianyou/program/long-ENSO/trainer/utils.py:166: UserWarning: TypedStorage is deprecated. It will be removed in the future and UntypedStorage will be the only storage class. This should only matter to you if you are using storages directly.  To access UntypedStorage directly, use tensor.untyped_storage() instead of tensor.storage()
  storage = elem.storage()._new_shared(numel, device=elem.device)
/workspace/lutianyou/program/long-ENSO/trainer/utils.py:166: UserWarning: TypedStorage is deprecated. It will be removed in the future and UntypedStorage will be the only storage class. This should only matter to you if you are using storages directly.  To access UntypedStorage directly, use tensor.untyped_storage() instead of tensor.storage()
  storage = elem.storage()._new_shared(numel, device=elem.device)
/workspace/lutianyou/program/long-ENSO/trainer/utils.py:166: UserWarning: TypedStorage is deprecated. It will be removed in the future and UntypedStorage will be the only storage class. This should only matter to you if you are using storages directly.  To access UntypedStorage directly, use tensor.untyped_storage() instead of tensor.storage()
  storage = elem.storage()._new_shared(numel, device=elem.device)
/workspace/lutianyou/program/long-ENSO/trainer/utils.py:166: UserWarning: TypedStorage is deprecated. It will be removed in the future and UntypedStorage will be the only storage class. This should only matter to you if you are using storages directly.  To access UntypedStorage directly, use tensor.untyped_storage() instead of tensor.storage()
  storage = elem.storage()._new_shared(numel, device=elem.device)
/workspace/lutianyou/program/long-ENSO/trainer/utils.py:166: UserWarning: TypedStorage is deprecated. It will be removed in the future and UntypedStorage will be the only storage class. This should only matter to you if you are using storages directly.  To access UntypedStorage directly, use tensor.untyped_storage() instead of tensor.storage()
  storage = elem.storage()._new_shared(numel, device=elem.device)
/workspace/lutianyou/program/long-ENSO/trainer/utils.py:166: UserWarning: TypedStorage is deprecated. It will be removed in the future and UntypedStorage will be the only storage class. This should only matter to you if you are using storages directly.  To access UntypedStorage directly, use tensor.untyped_storage() instead of tensor.storage()
  storage = elem.storage()._new_shared(numel, device=elem.device)
/workspace/lutianyou/program/long-ENSO/trainer/utils.py:166: UserWarning: TypedStorage is deprecated. It will be removed in the future and UntypedStorage will be the only storage class. This should only matter to you if you are using storages directly.  To access UntypedStorage directly, use tensor.untyped_storage() instead of tensor.storage()
  storage = elem.storage()._new_shared(numel, device=elem.device)
/workspace/lutianyou/program/long-ENSO/trainer/utils.py:166: UserWarning: TypedStorage is deprecated. It will be removed in the future and UntypedStorage will be the only storage class. This should only matter to you if you are using storages directly.  To access UntypedStorage directly, use tensor.untyped_storage() instead of tensor.storage()
  storage = elem.storage()._new_shared(numel, device=elem.device)
/workspace/lutianyou/program/long-ENSO/trainer/utils.py:166: UserWarning: TypedStorage is deprecated. It will be removed in the future and UntypedStorage will be the only storage class. This should only matter to you if you are using storages directly.  To access UntypedStorage directly, use tensor.untyped_storage() instead of tensor.storage()
  storage = elem.storage()._new_shared(numel, device=elem.device)
/workspace/lutianyou/program/long-ENSO/trainer/utils.py:166: UserWarning: TypedStorage is deprecated. It will be removed in the future and UntypedStorage will be the only storage class. This should only matter to you if you are using storages directly.  To access UntypedStorage directly, use tensor.untyped_storage() instead of tensor.storage()
  storage = elem.storage()._new_shared(numel, device=elem.device)
/workspace/lutianyou/program/long-ENSO/trainer/utils.py:166: UserWarning: TypedStorage is deprecated. It will be removed in the future and UntypedStorage will be the only storage class. This should only matter to you if you are using storages directly.  To access UntypedStorage directly, use tensor.untyped_storage() instead of tensor.storage()
  storage = elem.storage()._new_shared(numel, device=elem.device)
/workspace/lutianyou/program/long-ENSO/trainer/utils.py:166: UserWarning: TypedStorage is deprecated. It will be removed in the future and UntypedStorage will be the only storage class. This should only matter to you if you are using storages directly.  To access UntypedStorage directly, use tensor.untyped_storage() instead of tensor.storage()
  storage = elem.storage()._new_shared(numel, device=elem.device)
/workspace/lutianyou/program/long-ENSO/trainer/utils.py:166: UserWarning: TypedStorage is deprecated. It will be removed in the future and UntypedStorage will be the only storage class. This should only matter to you if you are using storages directly.  To access UntypedStorage directly, use tensor.untyped_storage() instead of tensor.storage()
  storage = elem.storage()._new_shared(numel, device=elem.device)
/workspace/lutianyou/program/long-ENSO/trainer/utils.py:166: UserWarning: TypedStorage is deprecated. It will be removed in the future and UntypedStorage will be the only storage class. This should only matter to you if you are using storages directly.  To access UntypedStorage directly, use tensor.untyped_storage() instead of tensor.storage()
  storage = elem.storage()._new_shared(numel, device=elem.device)
/workspace/lutianyou/program/long-ENSO/trainer/utils.py:166: UserWarning: TypedStorage is deprecated. It will be removed in the future and UntypedStorage will be the only storage class. This should only matter to you if you are using storages directly.  To access UntypedStorage directly, use tensor.untyped_storage() instead of tensor.storage()
  storage = elem.storage()._new_shared(numel, device=elem.device)
/workspace/lutianyou/program/long-ENSO/trainer/utils.py:166: UserWarning: TypedStorage is deprecated. It will be removed in the future and UntypedStorage will be the only storage class. This should only matter to you if you are using storages directly.  To access UntypedStorage directly, use tensor.untyped_storage() instead of tensor.storage()
  storage = elem.storage()._new_shared(numel, device=elem.device)
/workspace/lutianyou/program/long-ENSO/trainer/utils.py:166: UserWarning: TypedStorage is deprecated. It will be removed in the future and UntypedStorage will be the only storage class. This should only matter to you if you are using storages directly.  To access UntypedStorage directly, use tensor.untyped_storage() instead of tensor.storage()
  storage = elem.storage()._new_shared(numel, device=elem.device)
/workspace/lutianyou/program/long-ENSO/trainer/utils.py:166: UserWarning: TypedStorage is deprecated. It will be removed in the future and UntypedStorage will be the only storage class. This should only matter to you if you are using storages directly.  To access UntypedStorage directly, use tensor.untyped_storage() instead of tensor.storage()
  storage = elem.storage()._new_shared(numel, device=elem.device)
/workspace/lutianyou/program/long-ENSO/trainer/utils.py:166: UserWarning: TypedStorage is deprecated. It will be removed in the future and UntypedStorage will be the only storage class. This should only matter to you if you are using storages directly.  To access UntypedStorage directly, use tensor.untyped_storage() instead of tensor.storage()
  storage = elem.storage()._new_shared(numel, device=elem.device)
/workspace/lutianyou/program/long-ENSO/trainer/utils.py:166: UserWarning: TypedStorage is deprecated. It will be removed in the future and UntypedStorage will be the only storage class. This should only matter to you if you are using storages directly.  To access UntypedStorage directly, use tensor.untyped_storage() instead of tensor.storage()
  storage = elem.storage()._new_shared(numel, device=elem.device)
/workspace/lutianyou/program/long-ENSO/trainer/utils.py:166: UserWarning: TypedStorage is deprecated. It will be removed in the future and UntypedStorage will be the only storage class. This should only matter to you if you are using storages directly.  To access UntypedStorage directly, use tensor.untyped_storage() instead of tensor.storage()
  storage = elem.storage()._new_shared(numel, device=elem.device)
/workspace/lutianyou/program/long-ENSO/trainer/utils.py:166: UserWarning: TypedStorage is deprecated. It will be removed in the future and UntypedStorage will be the only storage class. This should only matter to you if you are using storages directly.  To access UntypedStorage directly, use tensor.untyped_storage() instead of tensor.storage()
  storage = elem.storage()._new_shared(numel, device=elem.device)
/workspace/lutianyou/program/long-ENSO/trainer/utils.py:166: UserWarning: TypedStorage is deprecated. It will be removed in the future and UntypedStorage will be the only storage class. This should only matter to you if you are using storages directly.  To access UntypedStorage directly, use tensor.untyped_storage() instead of tensor.storage()
  storage = elem.storage()._new_shared(numel, device=elem.device)
/workspace/lutianyou/program/long-ENSO/trainer/utils.py:166: UserWarning: TypedStorage is deprecated. It will be removed in the future and UntypedStorage will be the only storage class. This should only matter to you if you are using storages directly.  To access UntypedStorage directly, use tensor.untyped_storage() instead of tensor.storage()
  storage = elem.storage()._new_shared(numel, device=elem.device)
/workspace/lutianyou/program/long-ENSO/trainer/utils.py:166: UserWarning: TypedStorage is deprecated. It will be removed in the future and UntypedStorage will be the only storage class. This should only matter to you if you are using storages directly.  To access UntypedStorage directly, use tensor.untyped_storage() instead of tensor.storage()
  storage = elem.storage()._new_shared(numel, device=elem.device)
/workspace/lutianyou/program/long-ENSO/trainer/utils.py:166: UserWarning: TypedStorage is deprecated. It will be removed in the future and UntypedStorage will be the only storage class. This should only matter to you if you are using storages directly.  To access UntypedStorage directly, use tensor.untyped_storage() instead of tensor.storage()
  storage = elem.storage()._new_shared(numel, device=elem.device)
/workspace/lutianyou/program/long-ENSO/trainer/utils.py:166: UserWarning: TypedStorage is deprecated. It will be removed in the future and UntypedStorage will be the only storage class. This should only matter to you if you are using storages directly.  To access UntypedStorage directly, use tensor.untyped_storage() instead of tensor.storage()
  storage = elem.storage()._new_shared(numel, device=elem.device)
/workspace/lutianyou/program/long-ENSO/trainer/utils.py:166: UserWarning: TypedStorage is deprecated. It will be removed in the future and UntypedStorage will be the only storage class. This should only matter to you if you are using storages directly.  To access UntypedStorage directly, use tensor.untyped_storage() instead of tensor.storage()
  storage = elem.storage()._new_shared(numel, device=elem.device)
/workspace/lutianyou/program/long-ENSO/trainer/utils.py:166: UserWarning: TypedStorage is deprecated. It will be removed in the future and UntypedStorage will be the only storage class. This should only matter to you if you are using storages directly.  To access UntypedStorage directly, use tensor.untyped_storage() instead of tensor.storage()
  storage = elem.storage()._new_shared(numel, device=elem.device)
/workspace/lutianyou/program/long-ENSO/trainer/utils.py:166: UserWarning: TypedStorage is deprecated. It will be removed in the future and UntypedStorage will be the only storage class. This should only matter to you if you are using storages directly.  To access UntypedStorage directly, use tensor.untyped_storage() instead of tensor.storage()
  storage = elem.storage()._new_shared(numel, device=elem.device)
/workspace/lutianyou/program/long-ENSO/trainer/utils.py:166: UserWarning: TypedStorage is deprecated. It will be removed in the future and UntypedStorage will be the only storage class. This should only matter to you if you are using storages directly.  To access UntypedStorage directly, use tensor.untyped_storage() instead of tensor.storage()
  storage = elem.storage()._new_shared(numel, device=elem.device)
/workspace/lutianyou/program/long-ENSO/trainer/utils.py:166: UserWarning: TypedStorage is deprecated. It will be removed in the future and UntypedStorage will be the only storage class. This should only matter to you if you are using storages directly.  To access UntypedStorage directly, use tensor.untyped_storage() instead of tensor.storage()
  storage = elem.storage()._new_shared(numel, device=elem.device)
/workspace/lutianyou/program/long-ENSO/trainer/utils.py:166: UserWarning: TypedStorage is deprecated. It will be removed in the future and UntypedStorage will be the only storage class. This should only matter to you if you are using storages directly.  To access UntypedStorage directly, use tensor.untyped_storage() instead of tensor.storage()
  storage = elem.storage()._new_shared(numel, device=elem.device)
/workspace/lutianyou/program/long-ENSO/trainer/utils.py:166: UserWarning: TypedStorage is deprecated. It will be removed in the future and UntypedStorage will be the only storage class. This should only matter to you if you are using storages directly.  To access UntypedStorage directly, use tensor.untyped_storage() instead of tensor.storage()
  storage = elem.storage()._new_shared(numel, device=elem.device)
/workspace/lutianyou/program/long-ENSO/trainer/utils.py:166: UserWarning: TypedStorage is deprecated. It will be removed in the future and UntypedStorage will be the only storage class. This should only matter to you if you are using storages directly.  To access UntypedStorage directly, use tensor.untyped_storage() instead of tensor.storage()
  storage = elem.storage()._new_shared(numel, device=elem.device)
/workspace/lutianyou/program/long-ENSO/trainer/utils.py:166: UserWarning: TypedStorage is deprecated. It will be removed in the future and UntypedStorage will be the only storage class. This should only matter to you if you are using storages directly.  To access UntypedStorage directly, use tensor.untyped_storage() instead of tensor.storage()
  storage = elem.storage()._new_shared(numel, device=elem.device)
/workspace/lutianyou/program/long-ENSO/trainer/utils.py:166: UserWarning: TypedStorage is deprecated. It will be removed in the future and UntypedStorage will be the only storage class. This should only matter to you if you are using storages directly.  To access UntypedStorage directly, use tensor.untyped_storage() instead of tensor.storage()
  storage = elem.storage()._new_shared(numel, device=elem.device)
/workspace/lutianyou/program/long-ENSO/trainer/utils.py:166: UserWarning: TypedStorage is deprecated. It will be removed in the future and UntypedStorage will be the only storage class. This should only matter to you if you are using storages directly.  To access UntypedStorage directly, use tensor.untyped_storage() instead of tensor.storage()
  storage = elem.storage()._new_shared(numel, device=elem.device)
/workspace/lutianyou/program/long-ENSO/trainer/utils.py:166: UserWarning: TypedStorage is deprecated. It will be removed in the future and UntypedStorage will be the only storage class. This should only matter to you if you are using storages directly.  To access UntypedStorage directly, use tensor.untyped_storage() instead of tensor.storage()
  storage = elem.storage()._new_shared(numel, device=elem.device)
/workspace/lutianyou/program/long-ENSO/trainer/utils.py:166: UserWarning: TypedStorage is deprecated. It will be removed in the future and UntypedStorage will be the only storage class. This should only matter to you if you are using storages directly.  To access UntypedStorage directly, use tensor.untyped_storage() instead of tensor.storage()
  storage = elem.storage()._new_shared(numel, device=elem.device)
lead: 2
pred mean: 8.40877914428711
lead: 3
pred mean: 8.395638465881348
lead: 3
pred mean: 8.405009269714355
lead: 3
pred mean: 8.395526885986328
lead: 2
pred mean: 8.378873825073242
lead: 5
pred mean: 8.411633491516113
lead: 4
pred mean: 8.388795852661133
lead: 5
pred mean: 8.410650253295898
 60%|██████    | 1114/1855 [22:20<19:23,  1.57s/it]lead: 0
pred mean: 8.413728713989258
lead: 4
pred mean: 8.429215431213379
lead: 2
pred mean: 8.437612533569336
lead: 3
pred mean: 8.427061080932617
lead: 4
pred mean: 8.430011749267578
lead: 0
pred mean: 8.420902252197266
lead: 1
pred mean: 8.431562423706055
lead: 2
pred mean: 8.430947303771973
 60%|██████    | 1115/1855 [22:21<18:01,  1.46s/it]                                                   {'loss': 6.8249, 'learning_rate': 8.23057291999036e-05, 'epoch': 3.01}
 60%|██████    | 1115/1855 [22:21<18:01,  1.46s/it]lead: 4
pred mean: 8.468559265136719
lead: 5
pred mean: 8.445743560791016
lead: 5
pred mean: 8.46019172668457
lead: 4
pred mean: 8.4627046585083
lead: 5
pred mean: 8.464410781860352
lead: 5
pred mean: 8.447614669799805
lead: 2
pred mean: 8.456342697143555
lead: 5
pred mean: 8.463088989257812
 60%|██████    | 1116/1855 [22:22<17:05,  1.39s/it]lead: 0
pred mean: 8.427779197692871
lead: 3
pred mean: 8.453536987304688
lead: 1
pred mean: 8.461709022521973
lead: 4
pred mean: 8.436440467834473
lead: 1
pred mean: 8.462706565856934
lead: 0
pred mean: 8.437435150146484
lead: 1
pred mean: 8.46774673461914
lead: 5
pred mean: 8.453930854797363
 60%|██████    | 1117/1855 [22:24<16:20,  1.33s/it]lead: 0
pred mean: 8.40109920501709
lead: 1
pred mean: 8.421367645263672
lead: 2
pred mean: 8.436179161071777
lead: 1
pred mean: 8.403142929077148
lead: 3
pred mean: 8.388570785522461
lead: 4
pred mean: 8.400286674499512
lead: 5
pred mean: 8.410798072814941
lead: 2
pred mean: 8.413268089294434
 60%|██████    | 1118/1855 [22:25<15:51,  1.29s/it]lead: 4
pred mean: 8.421881675720215
lead: 2
pred mean: 8.439858436584473
lead: 0
pred mean: 8.430275917053223
lead: 0
pred mean: 8.426260948181152
lead: 5
pred mean: 8.42931079864502
lead: 5
pred mean: 8.433876991271973
lead: 3
pred mean: 8.425924301147461
lead: 5
pred mean: 8.423599243164062
 60%|██████    | 1119/1855 [22:26<15:34,  1.27s/it]lead: 3
pred mean: 8.439144134521484
lead: 3
pred mean: 8.457683563232422
lead: 2
pred mean: 8.44880485534668
lead: 1
pred mean: 8.447044372558594
lead: 3
pred mean: 8.449807167053223
lead: 1
pred mean: 8.437583923339844
lead: 0
pred mean: 8.44860553741455
lead: 3
pred mean: 8.450666427612305
 60%|██████    | 1120/1855 [22:27<15:14,  1.24s/it]                                                   {'loss': 6.7912, 'learning_rate': 8.138021678343406e-05, 'epoch': 3.02}
 60%|██████    | 1120/1855 [22:27<15:14,  1.24s/it]lead: 1
pred mean: 8.461023330688477
lead: 1
pred mean: 8.486388206481934
lead: 5
pred mean:lead:  8.4698019027709962

pred mean: 8.468488693237305
lead: 4
pred mean: 8.458813667297363
lead: 4
pred mean: 8.474925994873047
lead: 4
pred mean: 8.487435340881348
lead: 4
pred mean: 8.495792388916016
 60%|██████    | 1121/1855 [22:28<15:03,  1.23s/it]lead: 2
pred mean: 8.44782829284668
lead: 3
pred mean: 8.43403148651123
lead: 1
pred mean: 8.433938026428223
lead: 3
pred mean: 8.433577537536621
lead: 4
pred mean: 8.44598388671875
lead: 2
pred mean: 8.445344924926758
lead: 1
pred mean: 8.445589065551758
lead: 1
pred mean: 8.451478004455566
 60%|██████    | 1122/1855 [22:30<14:54,  1.22s/it]lead: 5
pred mean: 8.445934295654297
lead: 3
pred mean: 8.43949031829834
lead: 1
pred mean: 8.438454627990723
lead: 2
pred mean: 8.445749282836914
lead: 1
pred mean: 8.433300018310547
lead: 4
pred mean: 8.467476844787598
lead: 2
pred mean: 8.470381736755371
lead: 1
pred mean: 8.455286026000977
 61%|██████    | 1123/1855 [22:31<14:48,  1.21s/it]lead: 0
pred mean: 8.447834014892578
lead: 0
pred mean: 8.480409622192383
lead: 0
pred mean: 8.46702766418457
lead: 2
pred mean: 8.461228370666504
lead: 4
pred mean: 8.46884536743164
lead: 0
pred mean: 8.462756156921387
lead: 0
pred mean: 8.466083526611328
lead: 3
pred mean: 8.466896057128906
 61%|██████    | 1124/1855 [22:32<15:16,  1.25s/it]lead: 5
pred mean: 8.45037841796875
lead: 4
pred mean: 8.460380554199219
lead: 3
pred mean: 8.473471641540527
lead: 5
pred mean: 8.481663703918457
lead: 2
pred mean: 8.465936660766602
lead: 3
pred mean: 8.469587326049805
lead: 2
pred mean: 8.447846412658691
lead: 3
pred mean: 8.457930564880371
 61%|██████    | 1125/1855 [22:33<15:01,  1.24s/it]                                                   {'loss': 6.7591, 'learning_rate': 8.045635366254518e-05, 'epoch': 3.03}
 61%|██████    | 1125/1855 [22:33<15:01,  1.24s/it]lead: 0
pred mean: 8.467362403869629
lead: 1
pred mean: 8.469836235046387
lead: 1
pred mean: 8.481019020080566
lead: 1
pred mean: 8.47207260131836
lead: 0
pred mean: 8.462989807128906
lead: 1
pred mean: 8.477621078491211
lead: 2
pred mean: 8.4750337600708
lead: 2
pred mean: 8.460659980773926
 61%|██████    | 1126/1855 [22:35<14:49,  1.22s/it]lead: 2
pred mean: 8.4607515335083
lead: 2
pred mean: 8.467997550964355
lead: 2
pred mean: 8.484284400939941
lead: 3
pred mean: 8.477551460266113
lead: 0
pred mean: 8.467132568359375
lead: 0
pred mean: 8.456965446472168
lead: 5
pred mean: 8.47612190246582
lead: 5
pred mean: 8.47348690032959
 61%|██████    | 1127/1855 [22:36<14:41,  1.21s/it]lead: 4
pred mean: 8.461919784545898
lead: 4
pred mean: 8.479896545410156
lead: 3
pred mean: 8.467968940734863
lead: 5
pred mean: 8.473732948303223
lead: 3
pred mean: 8.467888832092285
lead: 1
pred mean: 8.465174674987793
lead: 3
pred mean: 8.464712142944336
lead: 3
pred mean: 8.476855278015137
 61%|██████    | 1128/1855 [22:37<14:59,  1.24s/it]lead: 2
pred mean: 8.486082077026367
lead: 5
pred mean: 8.473590850830078
lead: 4
pred mean: 8.472870826721191
lead: 0
pred mean: 8.480096817016602
lead: 2
pred mean: 8.474331855773926
lead: 4
pred mean: 8.46092700958252
lead: 1
pred mean: 8.47838020324707
lead: 3
pred mean: 8.482682228088379
 61%|██████    | 1129/1855 [22:38<14:49,  1.23s/it]lead: 4
pred mean: 8.461112976074219
lead: 4
pred mean: 8.481292724609375
lead: 3
pred mean: 8.483231544494629
lead: 0
pred mean: 8.480220794677734
lead: 1
pred mean: 8.48404598236084
lead: 5
pred mean: 8.463447570800781
lead: 1
pred mean: 8.476325035095215
lead: 5
pred mean: 8.486003875732422
 61%|██████    | 1130/1855 [22:39<14:43,  1.22s/it]                                                   {'loss': 6.726, 'learning_rate': 7.953422167080862e-05, 'epoch': 3.05}
 61%|██████    | 1130/1855 [22:39<14:43,  1.22s/it]lead: 5
pred mean: 8.499743461608887
lead: 1
pred mean: 8.508354187011719
lead: 5
pred mean: 8.501526832580566
lead: 5
pred mean: 8.502370834350586
lead: 2
pred mean: 8.510565757751465
lead: 1
pred mean: 8.508983612060547
lead: 5
pred mean: 8.510899543762207
lead: 3
pred mean: 8.508082389831543
 61%|██████    | 1131/1855 [22:41<14:35,  1.21s/it]lead: 2
pred mean: 8.489184379577637
lead: 1
pred mean: 8.492443084716797
lead: 3
pred mean: 8.4994535446167
lead: 5
pred mean: 8.4829683303833
lead: 2
pred mean: 8.491344451904297
lead: 1
pred mean: 8.50129508972168
lead: 5
pred mean: 8.48300552368164
lead: 2
pred mean: 8.50013256072998
 61%|██████    | 1132/1855 [22:42<14:30,  1.20s/it]lead: 0
pred mean: 8.47435474395752
lead: 2
pred mean: 8.450207710266113
lead: 0
pred mean: 8.474635124206543
lead: 2
pred mean: 8.457930564880371
lead: 4
pred mean: 8.46943473815918
lead: 0
pred mean: 8.455760955810547
lead: 1
pred mean: 8.470745086669922
lead: 4
pred mean: 8.479057312011719
 61%|██████    | 1133/1855 [22:43<14:29,  1.20s/it]lead: 4
pred mean: 8.478165626525879
lead: 3
pred mean: 8.463540077209473
lead: 3
lead: 2
pred mean: 8.472585678100586
pred mean: 8.472052574157715
lead: 4
pred mean: 8.502656936645508
lead: 4
pred mean: 8.477836608886719
lead: 3
pred mean: 8.47898006439209
lead: 4
pred mean: 8.463775634765625
 61%|██████    | 1134/1855 [22:44<14:21,  1.19s/it]lead: 5
pred mean: 8.520916938781738
lead: 2
pred mean: 8.509562492370605
lead: 5
pred mean: 8.529828071594238
lead: 2
pred mean: 8.558303833007812
lead: 0
pred mean: 8.539371490478516
lead: 1
pred mean: 8.522500038146973
lead: 3
pred mean: 8.544193267822266
lead: 4
pred mean: 8.530068397521973
 61%|██████    | 1135/1855 [22:45<14:21,  1.20s/it]                                                   {'loss': 6.6938, 'learning_rate': 7.861390248845666e-05, 'epoch': 3.06}
 61%|██████    | 1135/1855 [22:45<14:21,  1.20s/it]lead: 4
pred mean: 8.53049373626709
lead: 5
pred mean: 8.509791374206543
lead: 4
pred mean: 8.538818359375
lead: 2
pred mean: 8.523236274719238
lead: 4
pred mean: 8.548802375793457
lead: 4
pred mean: 8.526533126831055
lead: 2
pred mean: 8.545166969299316
lead: 3
pred mean: 8.51434326171875
 61%|██████    | 1136/1855 [22:47<14:21,  1.20s/it]lead: 3
pred mean: 8.500739097595215
lead: 2
pred mean: 8.491257667541504
lead: 2
pred mean: 8.511340141296387
lead: 1
pred mean: 8.509651184082031
lead: 4
pred mean: 8.503626823425293
lead: 1
pred mean: 8.503355979919434
lead: 1
pred mean: 8.506765365600586
lead: 3
pred mean: 8.495123863220215
 61%|██████▏   | 1137/1855 [22:48<14:19,  1.20s/it]lead: 5
pred mean: 8.48063850402832
lead: 2
pred mean: 8.47779369354248
lead: 1
pred mean: 8.480567932128906
lead: 2
pred mean: 8.4727783203125
lead: 2
pred mean: 8.478399276733398
lead: 0
pred mean: 8.486283302307129
lead: 4
pred mean: 8.480118751525879
lead: 4
pred mean: 8.478177070617676
 61%|██████▏   | 1138/1855 [22:49<14:19,  1.20s/it]lead: 5
pred mean: 8.516849517822266
lead: 3
pred mean: 8.530686378479004
lead: 2
pred mean: 8.51108455657959
lead: 2
pred mean: 8.517051696777344
lead: 3
pred mean: 8.518781661987305
lead: 5
pred mean: 8.529977798461914
lead: 4
pred mean: 8.5118408203125
lead: 5
pred mean: 8.515681266784668
 61%|██████▏   | 1139/1855 [22:50<14:17,  1.20s/it]lead: 5
pred mean: 8.551902770996094
lead: 1
pred mean: 8.54112434387207
lead: 3
pred mean: 8.541145324707031
lead: 2
pred mean: 8.565804481506348
lead: 0
pred mean: 8.556662559509277
lead: 3
pred mean: 8.544178009033203
lead: 1
pred mean: 8.542280197143555
lead: 0
pred mean: 8.55798053741455
 61%|██████▏   | 1140/1855 [22:51<14:20,  1.20s/it]                                                   {'loss': 6.6634, 'learning_rate': 7.769547763514732e-05, 'epoch': 3.07}
 61%|██████▏   | 1140/1855 [22:51<14:20,  1.20s/it]lead: 5
pred mean: 8.53726863861084
lead: 1
pred mean: 8.53435230255127
lead: 2
pred mean: 8.554706573486328
lead: 0
pred mean: 8.525432586669922
lead: 3
pred mean: 8.52424144744873
lead: 5
pred mean: 8.533707618713379
lead: 3
pred mean: 8.523286819458008
lead: 2
pred mean: 8.527189254760742
 62%|██████▏   | 1141/1855 [22:53<14:14,  1.20s/it]lead: 3
pred mean: 8.487223625183105
lead: 0
pred mean: 8.492006301879883
lead:lead: lead: 1 1
2

pred mean:pred mean: pred mean:8.494327545166016  
8.5101327896118168.468282699584961

lead: 2
pred mean: 8.484012603759766
lead: 4
pred mean: 8.488419532775879
lead: 2
pred mean: 8.487862586975098
 62%|██████▏   | 1142/1855 [22:54<14:14,  1.20s/it]lead: 0
pred mean: 8.477516174316406
lead: 1
pred mean: 8.514260292053223
lead: 1
pred mean: 8.515087127685547
lead: 5
pred mean: 8.52197551727295
lead: 5
pred mean: 8.51016616821289
lead: 5
pred mean: 8.507561683654785
lead: 2
pred mean: 8.505682945251465
lead: 5
pred mean: 8.518917083740234
 62%|██████▏   | 1143/1855 [22:55<14:11,  1.20s/it]lead: 5
pred mean: 8.546867370605469
lead: 3
pred mean: 8.566600799560547
lead: 2
pred mean: 8.569779396057129
lead: 2
pred mean: 8.593849182128906
lead: 1
pred mean: 8.566428184509277
lead: 5
pred mean: 8.571097373962402
lead: 1
lead:pred mean:  08.5693941116333

pred mean: 8.561822891235352
 62%|██████▏   | 1144/1855 [22:56<14:07,  1.19s/it]lead: 5
pred mean: 8.545527458190918
lead: 4
pred mean: 8.557522773742676
lead: 0
pred mean: 8.551844596862793
lead: 1
pred mean: 8.561455726623535
lead: 4
pred mean: 8.554706573486328
lead: 2
pred mean: 8.558537483215332
lead: 4
pred mean: 8.564723014831543
lead: 3
pred mean: 8.549904823303223
 62%|██████▏   | 1145/1855 [22:57<14:11,  1.20s/it]                                                   {'loss': 6.6311, 'learning_rate': 7.677902846274353e-05, 'epoch': 3.09}
 62%|██████▏   | 1145/1855 [22:57<14:11,  1.20s/it]lead: 4
pred mean: 8.531785011291504
lead: 0
pred mean: 8.529681205749512
lead: 5
pred mean: 8.531413078308105
lead: 2
pred mean: 8.526681900024414
lead: 3
pred mean: 8.523113250732422
lead: 2
pred mean: 8.51584529876709
lead: 1
pred mean: 8.52481746673584
lead: 1
pred mean: 8.522104263305664
 62%|██████▏   | 1146/1855 [22:59<14:12,  1.20s/it]lead: 0
pred mean: 8.510205268859863
lead: 2
pred mean: 8.482372283935547
lead: 4
pred mean: 8.510828971862793
lead: 0
pred mean: 8.51661205291748
lead: 2
pred mean: 8.488924026489258
lead: 3
pred mean: 8.492799758911133
lead: 0
pred mean: 8.505436897277832
lead: 3
pred mean: 8.50304889678955
 62%|██████▏   | 1147/1855 [23:00<14:10,  1.20s/it]lead: 0
pred mean: 8.550092697143555
lead: 1
pred mean: 8.535727500915527
lead: 3
pred mean: 8.551040649414062
lead: 4
pred mean: 8.538272857666016
lead: 2
pred mean: 8.537354469299316
lead: 2
pred mean: 8.528416633605957
lead: 2
pred mean: 8.535787582397461
lead: 2
pred mean: 8.557971000671387
 62%|██████▏   | 1148/1855 [23:01<14:09,  1.20s/it]lead: 5
pred mean: 8.594083786010742
lead: 3
pred mean: 8.600836753845215
lead: 3
pred mean: 8.598706245422363
lead: 2
pred mean: 8.59030532836914
lead: 2
pred mean: 8.59083366394043
lead: 0
pred mean: 8.601996421813965
lead: 0
pred mean: 8.588905334472656
lead: 0
pred mean: 8.589509963989258
 62%|██████▏   | 1149/1855 [23:02<14:06,  1.20s/it]lead: 1
pred mean: 8.572688102722168
lead: 1
pred mean: 8.558219909667969
lead: 3
pred mean: 8.575234413146973
lead: 3
pred mean: 8.576072692871094
lead: 1
pred mean: 8.571659088134766
lead: 0
pred mean: 8.5765962600708
lead: 3
pred mean: 8.565030097961426
lead: 1
pred mean: 8.596718788146973
 62%|██████▏   | 1150/1855 [23:03<14:04,  1.20s/it]                                                   {'loss': 6.601, 'learning_rate': 7.586463614810712e-05, 'epoch': 3.1}
 62%|██████▏   | 1150/1855 [23:03<14:04,  1.20s/it]lead: 4
pred mean: 8.523292541503906
lead: 2
pred mean: 8.541111946105957
lead: 0
pred mean: 8.531209945678711
lead: 1
pred mean: 8.538167953491211
lead:lead:  51

pred mean:pred mean:  8.5274963378906258.541865348815918

lead: 1
pred mean: 8.54339599609375
lead: 4
pred mean: 8.526253700256348
 62%|██████▏   | 1151/1855 [23:05<14:03,  1.20s/it]lead: 3
pred mean: 8.539984703063965
lead: 5
pred mean: 8.514780044555664
lead: 1
pred mean: 8.532483100891113
lead: 3
pred mean: 8.510239601135254
lead: 2
pred mean: 8.533602714538574
lead: 1
pred mean: 8.515192985534668
lead: 5
pred mean: 8.530350685119629
lead: 4
pred mean: 8.534517288208008
 62%|██████▏   | 1152/1855 [23:06<14:03,  1.20s/it]lead: 1
pred mean: 8.549983024597168
lead: 0
pred mean: 8.559356689453125
lead: 0
pred mean: 8.56638240814209
lead: 0
pred mean: 8.566309928894043
lead: 0
pred mean: 8.558762550354004
lead: 5
pred mean: 8.574719429016113
lead: 4
pred mean: 8.560295104980469
lead: 5
pred mean: 8.566048622131348
 62%|██████▏   | 1153/1855 [23:07<13:58,  1.19s/it]lead: lead:1 
4
pred mean: pred mean: 8.595869064331055
8.567461967468262
lead: 4
pred mean: 8.56761646270752
lead: 2
pred mean: 8.605772972106934
lead: 0
pred mean: 8.594901084899902
lead: 4
pred mean: 8.584441184997559
lead: 1
pred mean: 8.598697662353516
lead: 3
pred mean: 8.59250259399414
 62%|██████▏   | 1154/1855 [23:08<13:55,  1.19s/it]lead: 0
pred mean: 8.590678215026855
lead: 3
pred mean: 8.604668617248535
lead: 3
pred mean: 8.586408615112305
lead: 4
pred mean: 8.610177040100098
lead: 3
pred mean: 8.600311279296875
lead: 3
pred mean: 8.587078094482422
lead: 2
pred mean: 8.58841323852539
lead: 5
pred mean: 8.593842506408691
 62%|██████▏   | 1155/1855 [23:09<13:54,  1.19s/it]                                                   {'loss': 6.5693, 'learning_rate': 7.495238168590848e-05, 'epoch': 3.11}
 62%|██████▏   | 1155/1855 [23:09<13:54,  1.19s/it]lead: 4
pred mean: 8.554708480834961
lead: 4
pred mean: 8.569084167480469
lead: 1
pred mean: 8.56358528137207
lead: 4
pred mean: 8.565028190612793
lead: 1
pred mean: 8.575801849365234
lead: 3
lead: 4
pred mean: 8.5766019821167
pred mean: 8.573238372802734
lead: 0
pred mean: 8.575675964355469
 62%|██████▏   | 1156/1855 [23:11<13:54,  1.19s/it]lead: 0
pred mean: 8.53905200958252
lead: 3
pred mean: 8.553818702697754
lead: 0
pred mean: 8.535137176513672
lead: 1
pred mean: 8.557123184204102
lead: 0
pred mean: 8.539010047912598
lead: 2
pred mean: 8.547460556030273
lead: 5
pred mean: 8.557670593261719
lead: 2
pred mean: 8.568755149841309
 62%|██████▏   | 1157/1855 [23:12<13:52,  1.19s/it]lead: 4
pred mean: 8.572378158569336
lead: 1
pred mean: 8.578095436096191
lead: 4
pred mean: 8.584612846374512
lead: 4
pred mean: 8.581600189208984
lead: 2
pred mean: 8.57701587677002
lead: 5
pred mean: 8.586644172668457
lead: 1
pred mean: 8.57939338684082
lead: 4
pred mean: 8.573893547058105
 62%|██████▏   | 1158/1855 [23:13<13:51,  1.19s/it]lead: 5
pred mean: 8.602023124694824
lead: 3
pred mean: 8.599071502685547
lead: 0
pred mean: 8.577850341796875
lead: 0
pred mean: 8.60574722290039
lead: 1
pred mean: 8.596506118774414
lead: 4
pred mean: 8.592680931091309
lead: 0
pred mean: 8.587202072143555
lead: 0
pred mean: 8.594680786132812
 62%|██████▏   | 1159/1855 [23:14<13:49,  1.19s/it]lead: 2
pred mean: 8.577332496643066
lead: 1
pred mean: 8.596511840820312
lead: 2
lead: 5
pred mean: 8.58565902709961
pred mean: 8.595026016235352
lead: 2
pred mean: 8.581962585449219
lead: 1
pred mean: 8.601227760314941
lead: 3
pred mean: 8.583096504211426
lead: 4
pred mean: 8.606531143188477
 63%|██████▎   | 1160/1855 [23:15<13:48,  1.19s/it]                                                   {'loss': 6.5386, 'learning_rate': 7.404234588145211e-05, 'epoch': 3.13}
 63%|██████▎   | 1160/1855 [23:15<13:48,  1.19s/it]lead: 1
pred mean: 8.58708381652832
lead: 3
pred mean: 8.604777336120605
lead: 3
pred mean: 8.59402847290039
lead: 4
pred mean: 8.595170021057129
lead: 4
pred mean: 8.594794273376465
lead: 2
pred mean: 8.588833808898926
lead: 1
pred mean: 8.58240032196045
lead: 4
pred mean: 8.592697143554688
 63%|██████▎   | 1161/1855 [23:17<13:48,  1.19s/it]lead: 1
pred mean: 8.548364639282227
lead: 3
pred mean: 8.572708129882812
lead: 0
pred mean: 8.560257911682129
lead: 2
pred mean: 8.574007034301758
lead: 1
lead: 1
pred mean: 8.569051742553711
pred mean: 8.574301719665527
lead: 5
pred mean: 8.560530662536621
lead: 2
pred mean: 8.567671775817871
 63%|██████▎   | 1162/1855 [23:18<13:46,  1.19s/it]lead: 3
lead: 1
pred mean: 8.58478832244873
pred mean: 8.596599578857422
lead: 0
pred mean: 8.5941162109375
lead: 5
pred mean: 8.593901634216309
lead: 4
pred mean: 8.588995933532715
lead: 1
pred mean: 8.586660385131836
lead: 3
pred mean: 8.589913368225098
lead: 0
pred mean: 8.593984603881836
 63%|██████▎   | 1163/1855 [23:19<13:46,  1.19s/it]lead: 2
pred mean: 8.60778522491455
lead: 3
pred mean: 8.61276626586914
lead: 3
pred mean: 8.608315467834473
lead: 3
pred mean: 8.612403869628906
lead: 2
pred mean: 8.604604721069336
lead: 2
pred mean: 8.615667343139648
lead: 5
pred mean: 8.616621017456055
lead: 0
pred mean: 8.605188369750977
 63%|██████▎   | 1164/1855 [23:20<13:44,  1.19s/it]lead: 0
pred mean: 8.630781173706055
lead: 2
pred mean: 8.62287712097168
lead: 4
lead: 4
pred mean: 8.625387191772461
pred mean: 8.607791900634766
lead:lead:  34

pred mean:lead:pred mean:   8.6218032836914060
8.605527877807617

pred mean: 8.61594009399414
lead: 4
pred mean: 8.613996505737305
 63%|██████▎   | 1165/1855 [23:21<13:35,  1.18s/it]                                                   {'loss': 6.5092, 'learning_rate': 7.313460934351916e-05, 'epoch': 3.14}
 63%|██████▎   | 1165/1855 [23:21<13:35,  1.18s/it]lead: 1
pred mean: 8.613279342651367
lead: 5
pred mean: 8.606691360473633
lead: 5
pred mean: 8.60739803314209
lead: 1
pred mean: 8.618534088134766
lead: 3
pred mean: 8.630683898925781
lead: 3
pred mean: 8.61329460144043
lead: 2
pred mean: 8.612630844116211
lead: 4
pred mean: 8.606877326965332
 63%|██████▎   | 1166/1855 [23:22<13:36,  1.19s/it]lead: 2
pred mean: 8.609688758850098
lead: 2
pred mean: 8.599388122558594
lead:lead:  41

lead: 5pred mean:
pred mean:  8.584687232971191
8.607222557067871
pred mean: 8.604545593261719
lead: 3
pred mean: 8.618440628051758
lead: 2
pred mean: 8.59534740447998
lead: 0
pred mean: 8.5949125289917
 63%|██████▎   | 1167/1855 [23:24<13:38,  1.19s/it]lead: 3
pred mean: 8.609687805175781
lead: 4
pred mean: 8.595808029174805
lead: 3
pred mean: 8.617033958435059
lead: 4
pred mean: 8.623482704162598
lead: 3lead:
 0
pred mean: pred mean:8.60580825805664 
8.619937896728516
lead: 2
pred mean: 8.614680290222168
lead: 1
pred mean: 8.6226806640625
 63%|██████▎   | 1168/1855 [23:25<13:38,  1.19s/it]lead: 0
pred mean: 8.615205764770508
lead: 2
pred mean: 8.604687690734863
lead: 2
pred mean: 8.596161842346191
lead: 0
pred mean: 8.593971252441406
lead: 0
pred mean: 8.592259407043457
lead: 3
lead: 3
pred mean: 8.601218223571777
pred mean: 8.602238655090332
lead: 0
pred mean: 8.606522560119629
 63%|██████▎   | 1169/1855 [23:26<13:37,  1.19s/it]lead: 4
pred mean: 8.613064765930176
lead: 4
lead: 2
pred mean: 8.636584281921387
pred mean: 8.623109817504883
lead: 3
pred mean: 8.61832046508789
lead: 4
pred mean: 8.609543800354004
lead: 4
pred mean: 8.62463092803955
lead: 4
pred mean: 8.6195068359375
lead: 0
pred mean: 8.611827850341797
 63%|██████▎   | 1170/1855 [23:27<13:36,  1.19s/it]                                                   {'loss': 6.4796, 'learning_rate': 7.22292524772273e-05, 'epoch': 3.15}
 63%|██████▎   | 1170/1855 [23:27<13:36,  1.19s/it]lead: 3
pred mean: 8.636588096618652
lead: 1
pred mean: 8.614153861999512
lead: 1
pred mean: 8.639941215515137
lead: 3
pred mean: 8.62782096862793
lead: 1
pred mean: 8.643335342407227
lead: 1
pred mean: 8.645279884338379
lead: 2
pred mean: 8.641009330749512
lead: 5
pred mean: 8.633934020996094
 63%|██████▎   | 1171/1855 [23:28<13:37,  1.19s/it]lead: 4
pred mean: 8.63253116607666
lead: 0
pred mean: 8.64169692993164
lead: 4
pred mean: 8.62932014465332
lead: 1
pred mean: 8.611433029174805
lead: 0
pred mean: 8.639572143554688
lead: 2
pred mean: 8.625720977783203
lead: 1
pred mean: 8.627701759338379
lead: 5
pred mean: 8.63217544555664
 63%|██████▎   | 1172/1855 [23:30<13:35,  1.19s/it]lead:lead:  51

pred mean:pred mean:  8.6082944869995128.60153865814209

lead: 2
pred mean: 8.621684074401855
lead: 5
pred mean: 8.606879234313965
lead: 2
pred mean: 8.601035118103027
lead: 4
pred mean: 8.626644134521484
lead: 1
pred mean: 8.614753723144531
lead: 1
pred mean: 8.627201080322266
 63%|██████▎   | 1173/1855 [23:31<13:32,  1.19s/it]lead: 1
pred mean: 8.614871978759766
lead: 1
pred mean: 8.608229637145996
lead: 0
pred mean: 8.618134498596191
lead: 4
pred mean: 8.619211196899414
lead: 0
pred mean: 8.618060111999512
lead: 1
pred mean: 8.606743812561035
lead: 2
pred mean: 8.618217468261719
lead: 4
pred mean: 8.620467185974121
 63%|██████▎   | 1174/1855 [23:32<13:29,  1.19s/it]lead: 4
pred mean: 8.646377563476562
lead: 2
pred mean: 8.629304885864258
lead: 1
pred mean: 8.650652885437012
lead: 2
pred mean: 8.64073371887207
lead:lead:  42

pred mean:pred mean:  8.631530761718758.643359184265137

lead: 2
pred mean: 8.633310317993164
lead: 1
pred mean: 8.638580322265625
 63%|██████▎   | 1175/1855 [23:33<13:29,  1.19s/it]                                                   {'loss': 6.4502, 'learning_rate': 7.132635547690864e-05, 'epoch': 3.17}
 63%|██████▎   | 1175/1855 [23:33<13:29,  1.19s/it]lead: 4
pred mean: 8.657611846923828
lead: 1
pred mean: 8.653548240661621
lead: 2
pred mean: 8.66102409362793
lead: 2
pred mean: 8.648728370666504
lead: 1
pred mean: 8.653249740600586
lead: 0
pred mean: 8.651338577270508
lead: 4
pred mean: 8.638154983520508
lead: 2
pred mean: 8.659811019897461
 63%|██████▎   | 1176/1855 [23:34<13:35,  1.20s/it]lead: 0
pred mean: 8.653244972229004
lead: 2
pred mean: 8.667574882507324
lead: 2
pred mean: 8.659170150756836
lead: 4
pred mean: 8.671395301818848
lead: 5
pred mean: 8.668817520141602
lead: 3
pred mean: 8.655302047729492
lead: 3
pred mean: 8.663454055786133
lead: 4
pred mean: 8.666449546813965
 63%|██████▎   | 1177/1855 [23:36<13:37,  1.21s/it]lead: 2
lead: 3
pred mean: 8.64743423461914
pred mean: 8.639278411865234
lead: 4
pred mean: 8.635028839111328
lead: 2
pred mean: 8.63947582244873
lead: 1
pred mean: 8.65859317779541
lead: 1
pred mean: 8.63049030303955
lead: 4
pred mean: 8.6244478225708
lead: 3
pred mean: 8.647350311279297
 64%|██████▎   | 1178/1855 [23:37<13:32,  1.20s/it]lead: 0
pred mean: 8.62895679473877
lead: 0
pred mean: 8.643705368041992
lead: 3
pred mean: 8.620261192321777
lead: 5
pred mean: 8.641465187072754
lead: 5
pred mean: 8.63532829284668
lead: 5
pred mean: 8.644680976867676
lead: 5
pred mean: 8.647356986999512
lead: 0
pred mean: 8.63737964630127
 64%|██████▎   | 1179/1855 [23:38<13:28,  1.20s/it]lead: 3
lead: 0
pred mean: 8.641284942626953
pred mean: 8.655138969421387
lead: 1
pred mean: 8.647385597229004
lead: 4
pred mean: 8.632894515991211
lead: 5
lead: 5
pred mean: 8.658151626586914
pred mean: 8.631216049194336
lead: 4
pred mean: 8.641242027282715
lead: 2
pred mean: 8.632440567016602
 64%|██████▎   | 1180/1855 [23:39<13:18,  1.18s/it]                                                   {'loss': 6.4205, 'learning_rate': 7.042599831900623e-05, 'epoch': 3.18}
 64%|██████▎   | 1180/1855 [23:39<13:18,  1.18s/it]lead: 4
pred mean: 8.63870906829834
lead: 5
pred mean: 8.660880088806152
lead: 0
pred mean: 8.6528902053833
lead: 5
pred mean: 8.679969787597656
lead: 4
pred mean: 8.65542984008789
lead: 2
pred mean: 8.643791198730469
lead: 0
pred mean: 8.661458969116211
lead: 2
pred mean: 8.65272331237793
 64%|██████▎   | 1181/1855 [23:40<13:18,  1.18s/it]lead: 2
pred mean: 8.677103996276855
lead: 2
pred mean: 8.667930603027344
lead: 1
pred mean: 8.693215370178223
lead: 3
pred mean: 8.65368366241455
lead: 4
lead: 3
pred mean: 8.670388221740723
pred mean: 8.671728134155273
lead: 2
pred mean: 8.654566764831543
lead: 0
pred mean: 8.673419952392578
 64%|██████▎   | 1182/1855 [23:42<13:17,  1.18s/it]lead: 5
pred mean: 8.659401893615723
lead: 1
lead:pred mean:  48.649526596069336

pred mean: 8.666353225708008
lead: 4
pred mean: 8.675386428833008
lead: 3
lead: pred mean:4 
8.671124458312988
pred mean: 8.652742385864258
lead: 0
pred mean: 8.656052589416504
lead: 2
pred mean: 8.656776428222656
 64%|██████▍   | 1183/1855 [23:43<13:15,  1.18s/it]lead: 1
pred mean: 8.663397789001465
lead: 4
pred mean: 8.647599220275879
lead: 1
pred mean: 8.643031120300293
lead: 5
pred mean: 8.642760276794434
lead: 0
pred mean: 8.659502983093262
lead: 4
pred mean: 8.652889251708984
lead: 2
pred mean: 8.652349472045898
lead: 0
pred mean: 8.64047622680664
 64%|██████▍   | 1184/1855 [23:44<13:14,  1.18s/it]lead: 0
pred mean: 8.650859832763672
lead: 2
pred mean: 8.666595458984375
lead: 4
pred mean: 8.684401512145996
lead: 5
pred mean: 8.656075477600098
lead: 3
pred mean: 8.662479400634766
lead: 2
pred mean: 8.65599250793457
lead: 5
pred mean: 8.652030944824219
lead: 0
pred mean: 8.663464546203613
 64%|██████▍   | 1185/1855 [23:45<13:14,  1.19s/it]                                                   {'loss': 6.3923, 'learning_rate': 6.952826075499e-05, 'epoch': 3.19}
 64%|██████▍   | 1185/1855 [23:45<13:14,  1.19s/it]lead: 1
pred mean: 8.675761222839355
lead: 1
pred mean: 8.68077278137207
lead: 5
pred mean: 8.67343521118164
lead: 5
pred mean: 8.685205459594727
lead: 1
pred mean: 8.6785888671875
lead: 1
pred mean: 8.678937911987305
lead: 4
pred mean: 8.688374519348145
lead: 3
pred mean: 8.684135437011719
 64%|██████▍   | 1186/1855 [23:46<13:14,  1.19s/it]lead: 4
pred mean: 8.673843383789062
lead: 4
lead: 0
pred mean: 8.685090065002441
pred mean: 8.66430950164795
lead: 2
lead: 2
pred mean: 8.665956497192383
pred mean: 8.668098449707031
lead: 4
pred mean: 8.68851375579834
lead: 3
pred mean: 8.675463676452637
lead: 4
pred mean: 8.671124458312988
 64%|██████▍   | 1187/1855 [23:48<13:15,  1.19s/it]lead: 4
pred mean: 8.669349670410156
lead: 3
pred mean: 8.692133903503418
lead: 1
pred mean: 8.685172080993652
lead: 1
lead: 1
pred mean: 8.677262306213379
pred mean: 8.672819137573242
lead: 5
pred mean: 8.666220664978027
lead: 2
lead: 1
pred mean: 8.687121391296387
pred mean: 8.676201820373535
 64%|██████▍   | 1188/1855 [23:49<13:05,  1.18s/it]lead: 2
pred mean: 8.687657356262207
lead: 4
pred mean: 8.663888931274414
lead: 1
pred mean: 8.677814483642578
lead: 0
pred mean: 8.670502662658691
lead: 4
pred mean: 8.667895317077637
lead: 4
pred mean: 8.657235145568848
lead: 4
pred mean: 8.67851734161377
lead: 5
pred mean: 8.677480697631836
 64%|██████▍   | 1189/1855 [23:50<13:07,  1.18s/it]lead: 2
pred mean: 8.694494247436523
lead: 5
pred mean: 8.687935829162598
lead: 5
pred mean: 8.692584991455078
lead: 3
lead:pred mean:  08.676850318908691

pred mean: 8.67319393157959
lead: 0
pred mean: 8.67262077331543
lead: 5
pred mean: 8.683284759521484
lead: 5
pred mean: 8.661635398864746
 64%|██████▍   | 1190/1855 [23:51<13:07,  1.18s/it]                                                   {'loss': 6.364, 'learning_rate': 6.863322230429259e-05, 'epoch': 3.21}
 64%|██████▍   | 1190/1855 [23:51<13:07,  1.18s/it]lead: 5
pred mean: 8.693214416503906
lead: 0
pred mean: 8.712244987487793
lead: 3
pred mean: 8.70488452911377
lead: 2
pred mean: 8.697495460510254
lead: 5
pred mean: 8.691246032714844
lead: 3
pred mean: 8.700776100158691
lead: 0
pred mean: 8.711352348327637
lead: 4
pred mean: 8.68328857421875
 64%|██████▍   | 1191/1855 [23:52<13:10,  1.19s/it]lead: 0
pred mean: 8.72059440612793
lead: 2
pred mean: 8.72574234008789
lead: 0
pred mean: 8.72028636932373
lead: 2
pred mean: 8.7216157913208
lead: 2
pred mean: 8.704305648803711
lead: 4
pred mean: 8.715885162353516
lead: 2
lead: 0
pred mean: 8.69857406616211
pred mean: 8.701363563537598
 64%|██████▍   | 1192/1855 [23:53<13:08,  1.19s/it]lead: 2
pred mean: 8.658304214477539
lead: 2
pred mean: 8.66598892211914
lead: 5
pred mean: 8.677593231201172
lead: 2
pred mean: 8.669501304626465
lead: 5
pred mean: 8.678485870361328
lead: 4
pred mean: 8.682661056518555
lead: 3
pred mean: 8.671110153198242
lead: 4
pred mean: 8.679537773132324
 64%|██████▍   | 1193/1855 [23:55<13:06,  1.19s/it]lead: 1
pred mean: 8.658299446105957
lead: 0
pred mean: 8.672736167907715
lead: 4
pred mean: 8.67457389831543
lead: 3
pred mean: 8.658116340637207
lead: 0
pred mean: 8.674567222595215
lead: 4
pred mean: 8.679083824157715
lead: 5
pred mean: 8.672980308532715
lead: 3
pred mean: 8.673977851867676
 64%|██████▍   | 1194/1855 [23:56<13:05,  1.19s/it]lead: 4
pred mean: 8.706525802612305
lead: 5
pred mean: 8.69827651977539
lead: 1
pred mean: 8.710423469543457
lead: 0
pred mean: 8.695568084716797
lead: 2
pred mean: 8.710339546203613
lead: 2
pred mean: 8.723834037780762
lead: 3
pred mean: 8.716049194335938
lead: 5
pred mean: 8.711380004882812
 64%|██████▍   | 1195/1855 [23:57<13:05,  1.19s/it]                                                   {'loss': 6.3364, 'learning_rate': 6.77409622472657e-05, 'epoch': 3.22}
 64%|██████▍   | 1195/1855 [23:57<13:05,  1.19s/it]lead: 0
pred mean: 8.715828895568848
lead: 4
pred mean: 8.734699249267578
lead: 5
pred mean: 8.728196144104004
lead: 4
pred mean: 8.73732852935791
lead: 5
pred mean: 8.736405372619629
lead: 5
pred mean: 8.723906517028809
lead: 1
pred mean: 8.715291023254395
lead: 0
pred mean: 8.722963333129883
 64%|██████▍   | 1196/1855 [23:58<13:05,  1.19s/it]lead: 5
pred mean: 8.698418617248535
lead: 5
pred mean: 8.702396392822266
lead: 3
pred mean: 8.703817367553711
lead: 2
pred mean: 8.703219413757324
lead: 3
pred mean: 8.698784828186035
lead: 2
pred mean: 8.684900283813477
lead: 0
pred mean: 8.692312240600586
lead: 4
pred mean: 8.711054801940918
 65%|██████▍   | 1197/1855 [23:59<13:02,  1.19s/it]lead: 4
pred mean: 8.677273750305176
lead: 5
pred mean: 8.665738105773926
lead: 4
pred mean: 8.668148040771484
lead: 4
pred mean: 8.691940307617188
lead: 4
pred mean: 8.679190635681152
lead: 3
pred mean: 8.67248249053955
lead: 1
pred mean: 8.671590805053711
lead: 0
pred mean: 8.67982006072998
 65%|██████▍   | 1198/1855 [24:01<13:03,  1.19s/it]lead: 5
pred mean: 8.692339897155762
lead: 3
pred mean: 8.701133728027344
lead: 3
pred mean: 8.713321685791016
lead: 2
pred mean: 8.701396942138672
lead: 3
pred mean: 8.707735061645508
lead: 2
pred mean: 8.708829879760742
lead: 2
pred mean: 8.699087142944336
lead: 2
pred mean: 8.709583282470703
 65%|██████▍   | 1199/1855 [24:02<12:59,  1.19s/it]lead: 2
pred mean: 8.732169151306152
lead: lead:1 
2
pred mean:pred mean:  8.7311115264892588.72904109954834

lead: 4
pred mean: 8.731573104858398
lead: 0
pred mean: 8.72726821899414
lead: 5
pred mean: 8.724419593811035
lead: 5
pred mean: 8.72568416595459
lead: 5
pred mean: 8.729524612426758
 65%|██████▍   | 1200/1855 [24:03<13:00,  1.19s/it]                                                   {'loss': 6.3094, 'learning_rate': 6.68515596181575e-05, 'epoch': 3.23}
 65%|██████▍   | 1200/1855 [24:03<13:00,  1.19s/it]lead: 5
lead: 1pred mean:
 8.71564769744873
pred mean: 8.733668327331543
lead: 4
pred mean: 8.711446762084961
lead: 3
pred mean: 8.735343933105469
lead: 2
pred mean: 8.711719512939453
lead: 3
pred mean: 8.727775573730469
lead: 4
pred mean: 8.713284492492676
lead: 4
pred mean: 8.732757568359375
 65%|██████▍   | 1201/1855 [24:04<12:59,  1.19s/it]lead: 4
pred mean: 8.705492973327637
lead: 3
pred mean: 8.699370384216309
lead: 3
pred mean: 8.695863723754883
lead: 2
pred mean: 8.703689575195312
lead: 5
pred mean: 8.696227073669434
lead: 0
pred mean: 8.717488288879395
lead: 5
pred mean: 8.70521354675293
lead: 0
pred mean: 8.714110374450684
 65%|██████▍   | 1202/1855 [24:05<12:57,  1.19s/it]lead: 1
pred mean: 8.728955268859863
lead: 3
pred mean: 8.729110717773438
lead: 3
pred mean: 8.717992782592773
lead: 5
pred mean: 8.709537506103516
lead: 1
pred mean: 8.709138870239258
lead: 0
pred mean: 8.720144271850586
lead: 3
pred mean: 8.730597496032715
lead: 4
pred mean: 8.721115112304688
 65%|██████▍   | 1203/1855 [24:07<12:56,  1.19s/it]lead: 1
pred mean: 8.716347694396973
lead: 3
pred mean: 8.757488250732422
lead: 1
lead: 0
pred mean: 8.741191864013672
pred mean: 8.732670783996582
lead: 0
pred mean: 8.742877006530762
lead: 4
pred mean: 8.733647346496582
lead: 3
pred mean: 8.733633041381836
lead: 2
pred mean: 8.724526405334473
 65%|██████▍   | 1204/1855 [24:08<12:53,  1.19s/it]lead: 2
pred mean: 8.730278968811035
lead: 5
pred mean: 8.725481986999512
lead: 1
pred mean: 8.727805137634277
lead: 1
pred mean: 8.73233699798584
lead: 5
pred mean: 8.739628791809082
lead: 1
pred mean: 8.728970527648926
lead: 4
pred mean: 8.730761528015137
lead: 5
pred mean: 8.7219877243042
 65%|██████▍   | 1205/1855 [24:09<12:56,  1.19s/it]                                                   {'loss': 6.2819, 'learning_rate': 6.596509319811221e-05, 'epoch': 3.25}
 65%|██████▍   | 1205/1855 [24:09<12:56,  1.19s/it]lead: 0
pred mean: 8.741682052612305
lead: 2
pred mean: 8.739933967590332
lead: 3
pred mean: 8.755334854125977
lead: 1
pred mean: 8.732885360717773
lead: 4
pred mean: 8.738797187805176
lead: 3
pred mean: 8.739538192749023
lead: 0
pred mean: 8.735719680786133
lead: 0
pred mean: 8.742903709411621
 65%|██████▌   | 1206/1855 [24:10<13:02,  1.21s/it]lead: 4
pred mean: 8.715001106262207
lead: 4
pred mean: 8.713679313659668
lead: 3
pred mean: 8.729900360107422
lead: 0
pred mean: 8.72111988067627
lead: 3
pred mean: 8.7174654006958
lead: 2
pred mean: 8.722249984741211
lead: 3
pred mean: 8.72583293914795
lead: 3
pred mean: 8.714930534362793
 65%|██████▌   | 1207/1855 [24:11<13:02,  1.21s/it]lead: 2
pred mean: 8.732010841369629
lead: 0
pred mean: 8.72643756866455
lead: 0
pred mean: 8.73581600189209
lead: 4
pred mean: 8.741442680358887
lead: 2
pred mean: 8.752233505249023
lead: 0
pred mean: 8.727211952209473
lead: 2
pred mean: 8.74081802368164
lead: 0
pred mean: 8.73898983001709
 65%|██████▌   | 1208/1855 [24:13<13:04,  1.21s/it]lead: 3
pred mean: 8.758898735046387
lead: 2
pred mean: 8.765589714050293
lead: 4
pred mean: 8.74636173248291
lead: 0
pred mean: 8.755900382995605
lead: 4
pred mean: 8.773977279663086
lead: 2
pred mean: 8.773847579956055
lead: 3
pred mean: 8.755922317504883
lead: 3
pred mean: 8.756319999694824
 65%|██████▌   | 1209/1855 [24:14<13:07,  1.22s/it]lead: 1
pred mean: 8.740131378173828
lead: 5
pred mean: 8.7542085647583
lead: 3
pred mean: 8.74734878540039
lead: 2
pred mean: 8.751762390136719
lead: 2
pred mean: 8.759284973144531
lead: 1
pred mean: 8.750883102416992
lead: 4
pred mean: 8.75601863861084
lead: 3
pred mean: 8.7334566116333
 65%|██████▌   | 1210/1855 [24:15<12:59,  1.21s/it]                                                   {'loss': 6.2553, 'learning_rate': 6.50816415081916e-05, 'epoch': 3.26}
 65%|██████▌   | 1210/1855 [24:15<12:59,  1.21s/it]lead: 5
pred mean: 8.745122909545898
lead: 0
pred mean: 8.733478546142578
lead: 2
pred mean: 8.746574401855469
lead: 4
pred mean: 8.742849349975586
lead: 0
pred mean: 8.73001766204834
lead: 2
pred mean: 8.747130393981934
lead: 3
pred mean: 8.738588333129883
lead: 4
pred mean: 8.719470024108887
 65%|██████▌   | 1211/1855 [24:16<12:56,  1.21s/it]lead: 0
pred mean: 8.756410598754883
lead:lead:  4
2lead:
 0
pred mean: 8.769171714782715
pred mean:pred mean:  8.7491312026977548.754624366760254

lead: 1
pred mean: 8.762929916381836
lead: 4
pred mean: 8.767060279846191
lead: 0
pred mean: 8.759055137634277
lead: 3
pred mean: 8.759942054748535
 65%|██████▌   | 1212/1855 [24:17<12:53,  1.20s/it]lead: 4
pred mean: 8.787201881408691
lead: 5
pred mean: 8.7840576171875
lead: 3
pred mean: 8.776721954345703
lead: 1
pred mean: 8.774272918701172
lead: 1
pred mean: 8.76147747039795
lead: 2
pred mean: 8.781959533691406
lead: 5
pred mean: 8.773442268371582
lead: 2
pred mean: 8.762962341308594
 65%|██████▌   | 1213/1855 [24:19<12:48,  1.20s/it]lead: 5
pred mean: 8.750717163085938
lead: 4
pred mean: 8.765084266662598
lead: 5
pred mean: 8.752960205078125
lead: 0
pred mean: 8.75951099395752
lead: 5
pred mean: 8.757471084594727
lead: 4
pred mean: 8.752110481262207
lead: 5
pred mean: 8.744205474853516
lead: 4
pred mean: 8.752564430236816
 65%|██████▌   | 1214/1855 [24:20<12:44,  1.19s/it]lead: 2
pred mean: 8.742796897888184
lead: 0
pred mean: 8.739498138427734
lead: 4
pred mean: 8.725756645202637
lead: 4
pred mean: 8.737357139587402
lead: 0
pred mean: 8.736024856567383
lead: 1
pred mean: 8.748835563659668
lead: 2
pred mean: 8.742243766784668
lead: 5
pred mean: 8.743289947509766
 65%|██████▌   | 1215/1855 [24:21<12:44,  1.19s/it]                                                   {'loss': 6.229, 'learning_rate': 6.420128280241997e-05, 'epoch': 3.27}
 65%|██████▌   | 1215/1855 [24:21<12:44,  1.19s/it]lead: 0
pred mean: 8.75305461883545
lead: 5
pred mean: 8.752753257751465
lead: 5
pred mean: 8.7378568649292
lead: 5
pred mean: 8.723334312438965
lead: 2
pred mean: 8.728194236755371
lead: 3
pred mean: 8.753031730651855
lead: 4
pred mean: 8.751304626464844
lead: 3
pred mean: 8.754373550415039
 66%|██████▌   | 1216/1855 [24:22<12:39,  1.19s/it]lead: 4
pred mean: 8.776726722717285
lead: 3
pred mean: 8.803949356079102
lead: 0
pred mean: 8.78656005859375
lead: 5
pred mean: 8.797721862792969
lead: 2
pred mean: 8.794907569885254
lead: 2
pred mean: 8.781388282775879
lead: 3
pred mean: 8.7869291305542
lead: 0
pred mean: 8.803335189819336
 66%|██████▌   | 1217/1855 [24:23<12:38,  1.19s/it]lead: 2
pred mean: 8.776857376098633
lead: 2
pred mean: 8.778693199157715
lead: 0
pred mean: 8.780145645141602
lead: 1
pred mean: 8.790017127990723
lead: 5
pred mean: 8.778191566467285
lead: 0
pred mean: 8.792304039001465
lead: 3
pred mean: 8.793819427490234
lead: 1
pred mean: 8.796299934387207
 66%|██████▌   | 1218/1855 [24:25<12:37,  1.19s/it]lead: 3
pred mean: 8.749055862426758
lead: 5
pred mean: 8.744712829589844
lead: 2
pred mean: 8.754243850708008
lead: 5
pred mean: 8.750835418701172
lead: 1
pred mean: 8.75329303741455
lead: 1
pred mean: 8.752532958984375
lead: 0
pred mean: 8.728462219238281
lead: 5
pred mean: 8.748052597045898
 66%|██████▌   | 1219/1855 [24:26<12:36,  1.19s/it]lead: 0
pred mean: 8.748757362365723
lead: 0
lead:pred mean:  2
8.765824317932129
pred mean: 8.748431205749512
lead: 5
pred mean: 8.763998031616211
lead: 1
pred mean: 8.758074760437012
lead: 2
pred mean: 8.754243850708008
lead: 0
pred mean: 8.742109298706055
lead: 4
pred mean: 8.758760452270508
 66%|██████▌   | 1220/1855 [24:27<12:34,  1.19s/it]                                                   {'loss': 6.203, 'learning_rate': 6.332409506085252e-05, 'epoch': 3.29}
 66%|██████▌   | 1220/1855 [24:27<12:34,  1.19s/it]lead: 3
pred mean: 8.806496620178223
lead: 2
lead: 1
pred mean: 8.806483268737793
pred mean: 8.80926513671875
lead: 1
pred mean: 8.807276725769043
lead: 1
pred mean: 8.812394142150879
lead: 0
pred mean: 8.801767349243164
lead: 0
pred mean: 8.80204963684082
lead: 0
pred mean: 8.797240257263184
 66%|██████▌   | 1221/1855 [24:28<12:34,  1.19s/it]lead: 0
pred mean: 8.808219909667969
lead: 3
pred mean: 8.795149803161621
lead: 5
pred mean: 8.787808418273926
lead: 5
pred mean: 8.80190658569336
lead: 1
pred mean: 8.813067436218262
lead: 3
pred mean: 8.80864143371582
lead: 4
pred mean: 8.796745300292969
lead: 5
pred mean: 8.79503059387207
 66%|██████▌   | 1222/1855 [24:29<12:33,  1.19s/it]lead: 0
pred mean: 8.782981872558594
lead: 2
pred mean: 8.754409790039062
lead: 3
pred mean: 8.768733024597168
lead: 5
pred mean: 8.76102352142334
lead: 2
pred mean: 8.7622652053833
lead: 3
pred mean: 8.762740135192871
lead: 4
pred mean: 8.757018089294434
lead: 1
pred mean: 8.760221481323242
 66%|██████▌   | 1223/1855 [24:30<12:34,  1.19s/it]lead: 2
pred mean: 8.760111808776855
lead: 5
pred mean: 8.759246826171875
lead: 1
pred mean: 8.764851570129395
lead: 1
pred mean: 8.758504867553711
lead: 2
pred mean: 8.769730567932129
lead: 4
pred mean: 8.782096862792969
lead: 0
pred mean: 8.76995849609375
lead: 4
pred mean: 8.77418327331543
 66%|██████▌   | 1224/1855 [24:32<12:30,  1.19s/it]lead: 1
pred mean: 8.783973693847656
lead: 1
pred mean: 8.800189018249512
lead: 3
pred mean: 8.797393798828125
lead: 3
pred mean: 8.768331527709961
lead: 5
pred mean: 8.777256965637207
lead: 2
lead:pred mean:  4
8.790841102600098
lead: 5
pred mean: 8.779184341430664
pred mean: 8.7991943359375
 66%|██████▌   | 1225/1855 [24:33<12:29,  1.19s/it]                                                   {'loss': 6.1773, 'learning_rate': 6.245015598266805e-05, 'epoch': 3.3}
 66%|██████▌   | 1225/1855 [24:33<12:29,  1.19s/it]lead: 5
pred mean: 8.812968254089355
lead: 3
pred mean: 8.827902793884277
lead:lead:  50

pred mean:pred mean:  8.8319578170776378.818142890930176

lead: 2
pred mean: 8.809574127197266
lead: 1
pred mean: 8.805346488952637
lead: 4
pred mean: 8.82636547088623
lead: 1
pred mean: 8.805108070373535
 66%|██████▌   | 1226/1855 [24:34<12:26,  1.19s/it]lead: 0
pred mean: 8.802145004272461
lead: 5
pred mean: 8.814061164855957
lead: 4
pred mean: 8.802496910095215
lead: 1
pred mean: 8.794986724853516
lead: 0
pred mean: 8.804948806762695
lead: 4
pred mean: 8.821210861206055
lead: 0
pred mean: 8.800477981567383
lead: 1
pred mean: 8.811450004577637
 66%|██████▌   | 1227/1855 [24:35<12:23,  1.18s/it]lead: 4
pred mean: 8.7701416015625
lead: 5
pred mean: 8.781786918640137
lead: 3
pred mean: 8.78018856048584
lead: 1
pred mean: 8.7777099609375
lead: 1
pred mean: 8.77305793762207
lead: 3
pred mean: 8.78065013885498
lead: 5
pred mean: 8.773138046264648
lead: 2
pred mean: 8.784255981445312
 66%|██████▌   | 1228/1855 [24:36<12:22,  1.18s/it]lead: 2
pred mean: 8.790275573730469
lead: 4
pred mean: 8.769737243652344
lead: 1
pred mean: 8.774396896362305
lead: 4
pred mean: 8.758810043334961
lead: 2
pred mean: 8.778526306152344
lead: 0
pred mean: 8.77183723449707
lead: 1
pred mean: 8.784114837646484
lead: 3
pred mean: 8.778278350830078
 66%|██████▋   | 1229/1855 [24:38<12:20,  1.18s/it]lead: 0
pred mean: 8.812435150146484
lead: 2
pred mean: 8.809908866882324
lead: 1
pred mean: 8.809659957885742
lead: 2
pred mean: 8.812898635864258
lead: 5
pred mean: 8.8246488571167
lead: 2
lead: 2
pred mean: 8.801989555358887
pred mean: 8.79373550415039
lead: 0
pred mean: 8.800227165222168
 66%|██████▋   | 1230/1855 [24:39<12:15,  1.18s/it]                                                   {'loss': 6.1514, 'learning_rate': 6.15795429792866e-05, 'epoch': 3.32}
 66%|██████▋   | 1230/1855 [24:39<12:15,  1.18s/it]lead: 4
pred mean: 8.825922966003418
lead: 1
pred mean: 8.832789421081543
lead: 5
pred mean: 8.816774368286133
lead: 5
pred mean: 8.820014953613281
lead: 3
pred mean: 8.83556079864502
lead: 0
pred mean: 8.819328308105469
lead: 2
pred mean: 8.812479019165039
lead: 1
pred mean: 8.836443901062012
 66%|██████▋   | 1231/1855 [24:40<12:20,  1.19s/it]lead: 4
pred mean: 8.806869506835938
lead: 2
pred mean: 8.813231468200684
lead: 4
pred mean: 8.814993858337402
lead: 2
pred mean: 8.797447204589844
lead: 0
pred mean: 8.812005996704102
lead: 0
pred mean: 8.79603385925293
lead: 4
pred mean: 8.820769309997559
lead: 5
pred mean: 8.816032409667969
 66%|██████▋   | 1232/1855 [24:41<12:20,  1.19s/it]lead: 4
pred mean: 8.818329811096191
lead: 2
pred mean: 8.818486213684082
lead: 4
pred mean: 8.809730529785156
lead: 4
pred mean: 8.81593132019043
lead: 3
pred mean: 8.805432319641113
lead: 1
pred mean: 8.795412063598633
lead: 0
pred mean: 8.808156967163086
lead: 4
pred mean: 8.805285453796387
 66%|██████▋   | 1233/1855 [24:42<12:18,  1.19s/it]lead: 5
pred mean: 8.792516708374023
lead: 4
pred mean: 8.802083969116211
lead: 3
pred mean: 8.800047874450684
lead: 5
pred mean: 8.792938232421875
lead: 2
pred mean: 8.791451454162598
lead: 3
pred mean: 8.787847518920898
lead: 0
pred mean: 8.799810409545898
lead: 1
pred mean: 8.798002243041992
 67%|██████▋   | 1234/1855 [24:44<12:18,  1.19s/it]lead: 2
pred mean: 8.821950912475586
lead: 1
pred mean: 8.81360149383545
lead: 5
pred mean: 8.81467342376709
lead: 5
pred mean: 8.798870086669922
lead:lead:  41

pred mean:pred mean:  8.81427288055428.819610595703125

lead: 0
pred mean: 8.811283111572266
lead: 0
pred mean: 8.813365936279297
 67%|██████▋   | 1235/1855 [24:45<12:19,  1.19s/it]                                                   {'loss': 6.1267, 'learning_rate': 6.071233316751252e-05, 'epoch': 3.33}
 67%|██████▋   | 1235/1855 [24:45<12:19,  1.19s/it]lead: 4
pred mean: 8.828722953796387
lead: 2
pred mean: 8.82989501953125
lead: 5
pred mean: 8.825922966003418
lead: 0
pred mean: 8.831334114074707
lead: 2
pred mean: 8.834247589111328
lead: 0
pred mean: 8.8345947265625
lead: 4
pred mean: 8.821305274963379
lead: 2
pred mean: 8.825663566589355
 67%|██████▋   | 1236/1855 [24:46<12:18,  1.19s/it]lead: 4
pred mean: 8.83270263671875
lead: 1
pred mean: 8.827190399169922
lead: 3
pred mean: 8.834369659423828
lead: 4
pred mean: 8.829358100891113
lead: 5
pred mean: 8.833120346069336
lead: 3
pred mean: 8.847694396972656
lead: 1
pred mean: 8.844921112060547
lead: 1
pred mean: 8.839845657348633
 67%|██████▋   | 1237/1855 [24:47<12:16,  1.19s/it]lead: 2
pred mean: 8.822711944580078
lead: 2
pred mean: 8.833822250366211
lead: 5
pred mean: 8.814967155456543
lead: 5
pred mean: 8.813907623291016
lead: 3
pred mean: 8.808036804199219
lead: 1
lead: 1
pred mean: 8.809547424316406
pred mean: 8.8086576461792
lead: 2
pred mean: 8.820396423339844
 67%|██████▋   | 1238/1855 [24:48<12:21,  1.20s/it]lead: 5
pred mean: 8.792878150939941
lead: 5
pred mean: 8.803196907043457
lead: 3
pred mean: 8.80185604095459
lead: 0
pred mean: 8.79971694946289
lead: 5
pred mean: 8.80688762664795
lead: 5
pred mean: 8.806733131408691
lead: 4
pred mean: 8.793672561645508
lead: 3
pred mean: 8.80720329284668
 67%|██████▋   | 1239/1855 [24:50<12:24,  1.21s/it]lead: 0
pred mean: 8.822669982910156
lead: 5
pred mean: 8.8377103805542
lead: 1
pred mean: 8.833169937133789
lead: 1
pred mean: 8.833887100219727
lead: 3
pred mean: 8.834510803222656
lead:lead:  3
0
pred mean: pred mean:8.823395729064941 
8.842638969421387
lead: 3
pred mean: 8.848834991455078
 67%|██████▋   | 1240/1855 [24:51<12:25,  1.21s/it]                                                   {'loss': 6.1013, 'learning_rate': 5.984860336270357e-05, 'epoch': 3.34}
 67%|██████▋   | 1240/1855 [24:51<12:25,  1.21s/it]lead: 0
pred mean: 8.851475715637207
lead: 0
pred mean: 8.855676651000977
lead: 5
lead: 1
pred mean: 8.8639554977417
pred mean: 8.85046100616455
lead: 2
pred mean: 8.853515625
lead: 2
pred mean: 8.868952751159668
lead: 4
pred mean: 8.858013153076172
lead: 3
pred mean: 8.854656219482422
 67%|██████▋   | 1241/1855 [24:52<12:22,  1.21s/it]lead: 5
pred mean: 8.849416732788086
lead: 3
pred mean: 8.836953163146973
lead: 4
pred mean: 8.831668853759766
lead: 4
pred mean: 8.849932670593262
lead: 5
pred mean: 8.83851432800293
lead: 1
lead: pred mean:1 
8.850419044494629
pred mean: 8.83753776550293
lead: 1
pred mean: 8.833908081054688
 67%|██████▋   | 1242/1855 [24:53<12:16,  1.20s/it]lead: 5
pred mean: 8.817095756530762
lead: 5
pred mean: 8.818302154541016
lead: 0
pred mean: 8.816255569458008
lead: 1
pred mean: 8.814475059509277
lead: 0
pred mean: 8.828230857849121
lead: 4
pred mean: 8.820096015930176
lead: 4
pred mean: 8.805397033691406
lead: 2
pred mean: 8.821032524108887
 67%|██████▋   | 1243/1855 [24:54<12:13,  1.20s/it]lead: 5
pred mean: 8.837416648864746
lead: 1
pred mean: 8.827227592468262
lead: 1
pred mean: 8.820857048034668
lead: 3
pred mean: 8.822946548461914
lead: 5
pred mean: 8.82701587677002
lead: 1
pred mean: 8.820002555847168
lead: 4
pred mean: 8.820268630981445
lead: 4
pred mean: 8.822465896606445
 67%|██████▋   | 1244/1855 [24:56<12:13,  1.20s/it]lead: 1
pred mean: 8.845812797546387
lead: 1
pred mean: 8.855966567993164
lead: 0
pred mean: 8.826144218444824
lead: 1
pred mean: 8.836770057678223
lead: 4
pred mean: 8.838800430297852
lead: 0
pred mean: 8.847925186157227
lead: 1
pred mean: 8.854334831237793
lead: 3
pred mean: 8.851222038269043
 67%|██████▋   | 1245/1855 [24:57<12:29,  1.23s/it]                                                   {'loss': 6.077, 'learning_rate': 5.898843007196696e-05, 'epoch': 3.36}
 67%|██████▋   | 1245/1855 [24:57<12:29,  1.23s/it]lead: 0
pred mean: 8.855777740478516
lead: 4
pred mean: 8.865715980529785
lead: 2
pred mean: 8.864354133605957
lead: 5
lead: 0
pred mean: 8.8497314453125
pred mean: 8.873083114624023
lead: 5
pred mean: 8.861111640930176
lead: 0
pred mean: 8.875646591186523
lead: 0
pred mean: 8.85684585571289
 67%|██████▋   | 1246/1855 [24:58<12:22,  1.22s/it]lead: 1
pred mean: 8.852360725402832
lead: 0
pred mean: 8.848217010498047
lead: 3
pred mean: 8.854144096374512
lead: 2
pred mean: 8.851616859436035
lead: 2
pred mean: 8.849772453308105
lead: 3
lead: 3
pred mean: 8.859055519104004
pred mean: 8.857542991638184
lead: 3
pred mean: 8.861175537109375
 67%|██████▋   | 1247/1855 [24:59<12:16,  1.21s/it]lead: 5
pred mean: 8.845353126525879
lead: 3
pred mean: 8.865761756896973
lead: 4
pred mean: 8.87371826171875
lead: 5
pred mean: 8.851322174072266
lead: 1
pred mean: 8.849102020263672
lead: 2
pred mean: 8.84105110168457
lead: 3
pred mean: 8.864837646484375
lead: 1
pred mean: 8.8414888381958
 67%|██████▋   | 1248/1855 [25:00<12:11,  1.20s/it]lead: 5
pred mean: 8.83407974243164
lead: 0
pred mean: 8.854880332946777
lead: 5
pred mean: 8.83994197845459
lead: 5
pred mean: 8.845398902893066
lead: 5
pred mean: 8.847332000732422
lead: 5
pred mean: 8.858538627624512
lead: 4
pred mean: 8.841513633728027
lead: 2
pred mean: 8.855626106262207
 67%|██████▋   | 1249/1855 [25:02<12:26,  1.23s/it]lead: 3
pred mean: 8.861205101013184
lead: 1
pred mean: 8.844749450683594
lead: 2
pred mean: 8.858282089233398
lead: 1
pred mean: 8.868638038635254
lead: 5
pred mean: 8.842982292175293
lead: 1
pred mean: 8.864886283874512
lead: 3
pred mean: 8.852334022521973
lead: 4
pred mean: 8.8544282913208
 67%|██████▋   | 1250/1855 [25:03<12:19,  1.22s/it]                                                   {'loss': 6.053, 'learning_rate': 5.813188948738234e-05, 'epoch': 3.37}
 67%|██████▋   | 1250/1855 [25:03<12:19,  1.22s/it]lead: 5
pred mean: 8.846898078918457
lead: 2
pred mean: 8.834793090820312
lead: 0
pred mean: 8.848005294799805
lead: 5
pred mean: 8.857921600341797
lead: 0
lead: 5
pred mean: 8.84809398651123
pred mean: 8.855744361877441
lead: 5
pred mean: 8.846705436706543
lead: 4
pred mean: 8.854331970214844
 67%|██████▋   | 1251/1855 [25:04<12:12,  1.21s/it]lead: 2
pred mean: 8.880682945251465
lead: 3
pred mean: 8.861169815063477
lead: 0
pred mean: 8.861473083496094
lead: 1
pred mean: 8.87183952331543
lead: 0
pred mean: 8.872241020202637
lead: 1
pred mean: 8.860128402709961
lead: 5
pred mean: 8.858689308166504
lead: 0
pred mean: 8.855525016784668
 67%|██████▋   | 1252/1855 [25:05<12:04,  1.20s/it]lead: 0
pred mean: 8.875628471374512
lead: 2
pred mean: 8.898642539978027
lead: 3
pred mean: 8.89011001586914
lead: 5
pred mean: 8.88760757446289
lead: 1
pred mean: 8.86568546295166
lead: 0
pred mean: 8.85805606842041
lead: 2
pred mean: 8.883143424987793
lead: 2
pred mean: 8.879182815551758
 68%|██████▊   | 1253/1855 [25:07<12:07,  1.21s/it]lead: 5
pred mean: 8.868412971496582
lead: 0
pred mean: 8.853325843811035
lead: 0
pred mean: 8.859087944030762
lead: 1
pred mean: 8.872748374938965
lead: 5
pred mean: 8.87629508972168
lead: 2
pred mean: 8.847086906433105
lead: 2
pred mean: 8.854482650756836
lead: 1
pred mean: 8.861473083496094
 68%|██████▊   | 1254/1855 [25:08<12:02,  1.20s/it]lead: 4
pred mean: 8.876626968383789
lead: 0
pred mean: 8.87126350402832
lead: 4
lead: 3
pred mean:lead:  18.875121116638184

pred mean: 8.883724212646484
pred mean: 8.864497184753418
lead: 2
pred mean: 8.866923332214355
lead: 1
pred mean: 8.868182182312012
lead: 0
pred mean: 8.878527641296387
 68%|██████▊   | 1255/1855 [25:09<12:00,  1.20s/it]                                                   {'loss': 6.0293, 'learning_rate': 5.727905747925315e-05, 'epoch': 3.38}
 68%|██████▊   | 1255/1855 [25:09<12:00,  1.20s/it]lead: 0
pred mean: 8.882274627685547
lead: 4
pred mean: 8.85275650024414
lead: 5
pred mean: 8.850569725036621
lead: 3
pred mean: 8.860421180725098
lead: 4
pred mean: 8.86046028137207
lead: 1
pred mean: 8.864290237426758
lead: 1
pred mean: 8.85594367980957
lead: 1
pred mean: 8.855643272399902
 68%|██████▊   | 1256/1855 [25:10<11:57,  1.20s/it]lead: 5
pred mean: 8.884690284729004
lead: 3
pred mean: 8.876352310180664
lead: 5
pred mean: 8.872403144836426
lead: 0
pred mean: 8.871949195861816
lead: 0
pred mean: 8.876687049865723
lead: 0
pred mean: 8.881003379821777
lead: 3
pred mean: 8.865560531616211
lead: 1
pred mean: 8.871661186218262
 68%|██████▊   | 1257/1855 [25:11<11:54,  1.20s/it]lead: 4
pred mean: 8.893342018127441
lead: 1
pred mean: 8.878072738647461
lead: 5
pred mean: 8.881863594055176
lead: 3
pred mean: 8.88270378112793
lead: 2
pred mean: 8.888381958007812
lead: 2
pred mean: 8.875654220581055
lead: 1
pred mean: 8.895856857299805
lead: 1
pred mean: 8.865920066833496
 68%|██████▊   | 1258/1855 [25:12<11:51,  1.19s/it]lead: 3
pred mean: 8.885419845581055
lead: 5
pred mean: 8.894378662109375
lead: 3
pred mean: 8.876111030578613
lead: 2
pred mean: 8.882221221923828
lead: 2
pred mean: 8.876423835754395
lead: 3
pred mean: 8.882351875305176
lead: 3
pred mean: 8.874717712402344
lead: 5
pred mean: 8.882411003112793
 68%|██████▊   | 1259/1855 [25:14<11:49,  1.19s/it]lead: 5
pred mean: 8.883553504943848
lead: 1
pred mean: 8.866482734680176
lead: 1
lead: 1
pred mean: 8.88357162475586
pred mean: 8.874637603759766
lead:lead:  0
0
pred mean: 8.881357192993164
pred mean: 8.877039909362793
lead: 4
pred mean: 8.867864608764648
lead: 4
pred mean: 8.85454273223877
 68%|██████▊   | 1260/1855 [25:15<11:48,  1.19s/it]                                                   {'loss': 6.0065, 'learning_rate': 5.64300095893859e-05, 'epoch': 3.4}
 68%|██████▊   | 1260/1855 [25:15<11:48,  1.19s/it]lead: 0
pred mean: 8.885102272033691
lead: 3
pred mean: 8.886197090148926
lead: 1
lead:pred mean:  1
8.887199401855469
pred mean: 8.89085578918457
lead: 3
pred mean: 8.902992248535156
lead: 1
pred mean: 8.890618324279785
lead: 2
pred mean: 8.89239501953125
lead: 4
pred mean: 8.891301155090332
 68%|██████▊   | 1261/1855 [25:16<11:49,  1.19s/it]lead: 0
pred mean: 8.874862670898438
lead: 1
pred mean: 8.883047103881836
lead: 4
pred mean: 8.887040138244629
lead: 3
pred mean: 8.883068084716797
lead: 2
pred mean: 8.877023696899414
lead: 1
pred mean: 8.886950492858887
lead: 0
pred mean: 8.877172470092773
lead: 2
pred mean: 8.88839054107666
 68%|██████▊   | 1262/1855 [25:17<11:48,  1.20s/it]lead: 0
pred mean: 8.885114669799805
lead: 5
pred mean: 8.872661590576172
lead: 0
pred mean: 8.864471435546875
lead: 3
pred mean: 8.889644622802734
lead: 5
pred mean: 8.884915351867676
lead: 4
pred mean: 8.8905668258667
lead: 4
pred mean: 8.865279197692871
lead: 5
pred mean: 8.892544746398926
 68%|██████▊   | 1263/1855 [25:18<11:45,  1.19s/it]lead: 1
pred mean: 8.919705390930176
lead: 4
pred mean: 8.886155128479004
lead: 5
lead: 3
pred mean: 8.90617561340332
pred mean: 8.903833389282227
lead: 4
pred mean: 8.904263496398926
lead: 4
pred mean: 8.904751777648926
lead: 3
pred mean: 8.905627250671387
lead: 0
pred mean: 8.89897346496582
 68%|██████▊   | 1264/1855 [25:20<11:42,  1.19s/it]lead: 4
pred mean: 8.923243522644043
lead: 4
lead: 0
pred mean: 8.924103736877441
pred mean: 8.902702331542969
lead: 3
pred mean: 8.923895835876465
lead: 4
pred mean: 8.895831108093262
lead: 2
pred mean: 8.902995109558105
lead: 2
pred mean: 8.909153938293457
lead: 2
pred mean: 8.917335510253906
 68%|██████▊   | 1265/1855 [25:21<11:43,  1.19s/it]                                                   {'loss': 5.9835, 'learning_rate': 5.558482102439908e-05, 'epoch': 3.41}
 68%|██████▊   | 1265/1855 [25:21<11:43,  1.19s/it]lead: 1
pred mean: 8.898616790771484
lead: 5
pred mean: 8.902276039123535
lead: 0
pred mean: 8.910435676574707
lead: 0
pred mean: 8.895742416381836
lead: 0
pred mean: 8.908459663391113
lead: 3
pred mean: 8.900161743164062
lead: 5
pred mean: 8.897472381591797
lead: 3
pred mean: 8.899763107299805
 68%|██████▊   | 1266/1855 [25:22<11:42,  1.19s/it]lead: 4
pred mean: 8.871588706970215
lead: 2
pred mean: 8.880899429321289
lead: 1
pred mean: 8.882281303405762
lead: 1
pred mean: 8.885967254638672
lead: 3
pred mean: 8.88982105255127
lead: 4
pred mean: 8.883113861083984
lead: 1
pred mean: 8.876445770263672
lead: 0
pred mean: 8.880617141723633
 68%|██████▊   | 1267/1855 [25:23<11:42,  1.20s/it]lead: 4
pred mean: 8.884068489074707
lead: 5
pred mean: 8.889262199401855
lead: 0
pred mean: 8.895519256591797
lead: 0
pred mean: 8.903482437133789
lead: 4
pred mean: 8.88572883605957
lead: 5
pred mean: 8.877833366394043
lead: 2
pred mean: 8.882922172546387
lead: 3
pred mean: 8.89147663116455
 68%|██████▊   | 1268/1855 [25:24<11:40,  1.19s/it]lead: 2
pred mean: 8.920064926147461
lead: 5
pred mean: 8.927059173583984
lead: 1
pred mean: 8.92538833618164
lead: 4
pred mean: 8.917655944824219
lead: 0
pred mean: 8.93009090423584
lead: 3
pred mean: 8.929237365722656
lead: 5
pred mean: 8.9210786819458
lead: 2
pred mean: 8.928126335144043
 68%|██████▊   | 1269/1855 [25:26<11:42,  1.20s/it]lead: 2
pred mean: 8.937463760375977
lead: 3
pred mean: 8.938065528869629
lead: 1
pred mean: 8.937312126159668
lead: 5
pred mean: 8.939823150634766
lead: 5
pred mean: 8.938547134399414
lead: 5
pred mean: 8.947464942932129
lead: 0
pred mean: 8.943330764770508
lead: 5
pred mean: 8.925930976867676
 68%|██████▊   | 1270/1855 [25:27<11:42,  1.20s/it]                                                   {'loss': 5.9611, 'learning_rate': 5.474356664906148e-05, 'epoch': 3.42}
 68%|██████▊   | 1270/1855 [25:27<11:42,  1.20s/it]lead: 0
lead: 5
pred mean: 8.910758018493652
pred mean: 8.92447280883789
lead: 5
lead: 0
pred mean: 8.925366401672363
pred mean: 8.9154691696167
lead: 3
pred mean: 8.922211647033691
lead: 5
pred mean: 8.91429328918457
lead: 5
pred mean: 8.918743133544922
lead: 5
pred mean: 8.922094345092773
 69%|██████▊   | 1271/1855 [25:28<11:42,  1.20s/it]lead: 2
pred mean: 8.895432472229004
lead: 0
pred mean: 8.89220142364502
lead: 0
pred mean: 8.89257526397705
lead: 2
pred mean: 8.891448974609375
lead: 5
pred mean: 8.898408889770508
lead: 5
pred mean: 8.900174140930176
lead: 5
pred mean: 8.90782642364502
lead: 0
pred mean: 8.89365291595459
 69%|██████▊   | 1272/1855 [25:29<11:36,  1.19s/it]lead: 2
pred mean: 8.918333053588867
lead: 5
pred mean: 8.893794059753418
lead: 1
lead: 2
pred mean: 8.89605712890625
pred mean: 8.90750789642334
lead: 5
pred mean: 8.901891708374023
lead: 5
pred mean: 8.884211540222168
lead: 1
pred mean: 8.9016752243042
lead: 3
pred mean: 8.894186019897461
 69%|██████▊   | 1273/1855 [25:30<11:35,  1.19s/it]lead: 0
pred mean: 8.945181846618652
lead: 3
pred mean: 8.92895221710205
lead:lead:  53

pred mean:pred mean:  8.9307184219360358.928102493286133

lead: 0
pred mean: 8.913317680358887
lead: 4
pred mean: 8.925658226013184
lead: 2
pred mean: 8.939099311828613
lead: 3
pred mean: 8.93581771850586
 69%|██████▊   | 1274/1855 [25:32<11:30,  1.19s/it]lead: 2
lead:pred mean:  1
8.934508323669434
pred mean: 8.938725471496582
lead: 0
pred mean: 8.931206703186035
lead: 3
pred mean: 8.930248260498047
lead: 0
pred mean: 8.932302474975586
lead: 5
pred mean: 8.923198699951172
lead: 2
pred mean: 8.933417320251465
lead: 3
pred mean: 8.925929069519043
 69%|██████▊   | 1275/1855 [25:33<11:29,  1.19s/it]                                                   {'loss': 5.9389, 'learning_rate': 5.3906320979660794e-05, 'epoch': 3.44}
 69%|██████▊   | 1275/1855 [25:33<11:29,  1.19s/it]lead: 2
pred mean: 8.910637855529785
lead: 2
pred mean: 8.911667823791504
lead: 1
pred mean: 8.909246444702148
lead: 0
pred mean: 8.911077499389648
lead: 1
pred mean: 8.924739837646484lead:
 0
pred mean: 8.9266357421875
lead: 3
pred mean: 8.912904739379883
lead: 4
pred mean: 8.924742698669434
 69%|██████▉   | 1276/1855 [25:34<11:28,  1.19s/it]lead: 4
pred mean: 8.91679573059082
lead: 0
pred mean: 8.925898551940918
lead: 1
pred mean: 8.919538497924805
lead: 1
pred mean: 8.911391258239746
lead: 2
pred mean: 8.916701316833496
lead: 0
pred mean: 8.918868064880371
lead: 5
pred mean: 8.931258201599121
lead: 3
pred mean: 8.919347763061523
 69%|██████▉   | 1277/1855 [25:35<11:29,  1.19s/it]lead: 5
pred mean: 8.931529998779297
lead: 3
pred mean: 8.932134628295898
lead: 4
pred mean: 8.917801856994629
lead: 3
pred mean: 8.947566986083984
lead: 4
pred mean: 8.929664611816406
lead: 5
pred mean: 8.93009090423584
lead: 4
pred mean: 8.925409317016602
lead: 3
pred mean: 8.94146728515625
 69%|██████▉   | 1278/1855 [25:36<11:30,  1.20s/it]lead: 4
pred mean: 8.920125007629395
lead: 4
pred mean: 8.928287506103516
lead: 4
pred mean: 8.941128730773926
lead: 2
pred mean: 8.913350105285645
lead: 4
pred mean: 8.924613952636719
lead: 2
pred mean: 8.923914909362793
lead: 3
pred mean: 8.942577362060547
lead: 3
pred mean: 8.933429718017578
 69%|██████▉   | 1279/1855 [25:38<11:29,  1.20s/it]lead: 5
pred mean: 8.946480751037598
lead: 2
pred mean: 8.939202308654785
lead: 0
pred mean: 8.951570510864258
lead: 5
pred mean: 8.95681381225586
lead: 1
pred mean: 8.95205020904541
lead: 2
pred mean: 8.95116138458252
lead: 0
pred mean: 8.955036163330078
lead: 1
pred mean: 8.954573631286621
 69%|██████▉   | 1280/1855 [25:39<11:27,  1.20s/it]                                                   {'loss': 5.9159, 'learning_rate': 5.307315817740325e-05, 'epoch': 3.45}
 69%|██████▉   | 1280/1855 [25:39<11:27,  1.20s/it]lead: 2
pred mean: 8.941033363342285
lead: 4
pred mean: 8.936345100402832
lead: 5
pred mean: 8.940570831298828
lead: 3
pred mean: 8.9462251663208
lead: 2
pred mean: 8.936285018920898
lead: 1
pred mean: 8.952568054199219
lead: 4
pred mean: 8.925867080688477
lead: 1
pred mean: 8.939923286437988
 69%|██████▉   | 1281/1855 [25:40<11:27,  1.20s/it]lead: 1
pred mean: 8.917351722717285
lead: 2
pred mean: 8.921249389648438
lead: 0
pred mean: 8.906791687011719
lead: 3
pred mean: 8.911200523376465
lead: 2
pred mean: 8.914863586425781
lead: 5
pred mean: 8.912162780761719
lead: 2
pred mean: 8.915555953979492
lead: 3
pred mean: 8.916899681091309
 69%|██████▉   | 1282/1855 [25:41<11:25,  1.20s/it]lead: 3
pred mean: 8.929368019104004
lead: 4
pred mean: 8.927840232849121
lead: 3
pred mean: 8.917553901672363
lead: 0
pred mean: 8.90766716003418
lead: 4
pred mean: 8.931679725646973
lead: 4
pred mean: 8.92827320098877
lead: 0
pred mean: 8.924400329589844
lead: 1
pred mean: 8.927579879760742
 69%|██████▉   | 1283/1855 [25:42<11:20,  1.19s/it]lead: 2
pred mean: 8.956587791442871
lead: 0
lead: 0
pred mean: 8.951598167419434
pred mean: 8.971935272216797
lead: 4
pred mean: 8.962126731872559
lead: 3
lead:pred mean:  18.955984115600586

pred mean: 8.955183029174805
lead: 1
pred mean: 8.964864730834961
lead: 5
pred mean: 8.96607780456543
 69%|██████▉   | 1284/1855 [25:43<11:19,  1.19s/it]lead: 3
pred mean: 8.965787887573242
lead: 5
pred mean: 8.954789161682129
lead: 5
pred mean: 8.9610013961792
lead: 2
lead:pred mean:  18.94390869140625

pred mean: 8.955714225769043
lead: 2
pred mean: 8.954394340515137
lead: 0
pred mean: 8.958352088928223
lead: 2
pred mean: 8.957155227661133
 69%|██████▉   | 1285/1855 [25:45<11:18,  1.19s/it]                                                   {'loss': 5.8948, 'learning_rate': 5.224415204184448e-05, 'epoch': 3.46}
 69%|██████▉   | 1285/1855 [25:45<11:18,  1.19s/it]lead: 5
pred mean: 8.940333366394043
lead: 4
pred mean: 8.962865829467773
lead: 0
pred mean: 8.956626892089844
lead: 5
pred mean: 8.950743675231934
lead: 5
pred mean: 8.956825256347656
lead: 3
pred mean: 8.945635795593262
lead: 4
pred mean: 8.946551322937012
lead: 4
pred mean: 8.92753791809082
 69%|██████▉   | 1286/1855 [25:46<11:18,  1.19s/it]lead: 1
pred mean: 8.951972007751465
lead: 1
pred mean: 8.932994842529297
lead: 4
pred mean: 8.943734169006348
lead: 1
pred mean: 8.927635192871094
lead: 1
pred mean: 8.938995361328125
lead: 0
pred mean: 8.941149711608887
lead: 2
pred mean: 8.940296173095703
lead: 3
pred mean: 8.947927474975586
 69%|██████▉   | 1287/1855 [25:47<11:18,  1.20s/it]lead: 1
pred mean: 8.952292442321777
lead: 2
pred mean: 8.960474967956543
lead: 1
pred mean: 8.946120262145996
lead: 0
pred mean: 8.980979919433594
lead: 2
pred mean: 8.955810546875
lead: 3
pred mean: 8.962516784667969
lead: 5
pred mean: 8.96910285949707
lead: 4
pred mean: 8.96097183227539
 69%|██████▉   | 1288/1855 [25:48<11:18,  1.20s/it]lead: 4
pred mean: 8.969778060913086
lead: 5
lead: 0
pred mean: 8.959345817565918
pred mean: 8.954546928405762
lead: 3
pred mean: 8.96937370300293
lead: 2
pred mean: 8.9693603515625
lead: 5
pred mean: 8.956737518310547
lead: 0
pred mean: 8.976998329162598
lead: 4
pred mean: 8.964458465576172
 69%|██████▉   | 1289/1855 [25:49<11:17,  1.20s/it]lead: 3
pred mean: 8.964027404785156
lead: 3
lead: 2
pred mean: 8.961045265197754
pred mean: 8.964357376098633
lead: 5
pred mean: 8.956437110900879
lead: 0
pred mean: 8.944364547729492
lead: 3
pred mean: 8.949095726013184
lead: 1
pred mean: 8.962117195129395
lead: 0
pred mean: 8.955300331115723
 70%|██████▉   | 1290/1855 [25:51<11:16,  1.20s/it]                                                   {'loss': 5.8732, 'learning_rate': 5.14193760043526e-05, 'epoch': 3.48}
 70%|██████▉   | 1290/1855 [25:51<11:16,  1.20s/it]lead: 5
pred mean: 8.946008682250977
lead: 3
pred mean: 8.951826095581055
lead: 0
pred mean: 8.945577621459961
lead: 0
pred mean: 8.942061424255371
lead: 3
pred mean: 8.947259902954102
lead: 2
pred mean: 8.940946578979492
lead: 5
pred mean: 8.942042350769043
lead: 3
pred mean: 8.957406044006348
 70%|██████▉   | 1291/1855 [25:52<11:11,  1.19s/it]lead: 2
pred mean: 8.953539848327637
lead: 0lead:
 0
pred mean: pred mean:8.962531089782715 
8.945011138916016
lead: 1
pred mean: 8.962251663208008
lead: 5
pred mean: 8.952910423278809
lead: 4
pred mean: 8.947365760803223
lead: 0
pred mean: 8.95658016204834
lead: 3
pred mean: 8.944623947143555
 70%|██████▉   | 1292/1855 [25:53<11:10,  1.19s/it]lead: 1
pred mean: 8.999131202697754
lead: 1
pred mean: 8.99042797088623
lead: 5
pred mean: 8.973650932312012
lead: 1
pred mean: 8.96838092803955
lead: 1
pred mean: 8.977810859680176
lead: 0
pred mean: 8.980765342712402
lead: 0
pred mean: 8.977883338928223
lead: 4
pred mean: 8.967634201049805
 70%|██████▉   | 1293/1855 [25:54<11:09,  1.19s/it]lead: 3
pred mean: 8.987634658813477
lead: 3
pred mean: 8.984829902648926
lead: 5
pred mean: 8.980374336242676
lead: 1
pred mean: 8.991942405700684
lead: 2
pred mean: 8.99586296081543
lead: 0
pred mean: 8.97496509552002
lead: 1
pred mean: 8.96274471282959
lead: 2
pred mean: 8.983780860900879
 70%|██████▉   | 1294/1855 [25:55<11:10,  1.20s/it]lead: 1
pred mean: 8.96942138671875
lead: 2
pred mean: 8.982583045959473
lead: 4
pred mean: 8.975872039794922
lead: 4
pred mean: 8.973740577697754
lead: 5
pred mean: 8.982993125915527
lead: 0
pred mean: 8.972407341003418
lead: 2
pred mean: 8.973289489746094
lead: 2
pred mean: 8.971035957336426
 70%|██████▉   | 1295/1855 [25:57<11:08,  1.19s/it]                                                   {'loss': 5.8525, 'learning_rate': 5.059890312160387e-05, 'epoch': 3.49}
 70%|██████▉   | 1295/1855 [25:57<11:08,  1.19s/it]lead: 1
pred mean: 8.936189651489258
lead: 4
pred mean: 8.953904151916504
lead: 2
pred mean: 8.957911491394043
lead: 4
lead: 5
pred mean: 8.945893287658691
pred mean: 8.949349403381348
lead: 2
pred mean: 8.949893951416016
lead: 5
lead:pred mean:  48.929914474487305

pred mean: 8.950579643249512
 70%|██████▉   | 1296/1855 [25:58<11:06,  1.19s/it]lead: 2
pred mean: 8.961315155029297
lead: 5
pred mean: 8.95551586151123
lead: 3
pred mean: 8.963687896728516
lead: 2
pred mean: 8.957535743713379
lead: 3
pred mean: 8.968049049377441
lead: 5
pred mean: 8.960500717163086
lead: 5
pred mean: 8.946621894836426
lead: 0
pred mean: 8.956075668334961
 70%|██████▉   | 1297/1855 [25:59<11:08,  1.20s/it]lead: 5
pred mean: 8.970165252685547
lead: 0
pred mean: 8.993315696716309
lead: 0
pred mean: 8.979365348815918
lead: 3
pred mean: 8.97407341003418
lead: 0
pred mean: 8.98221206665039
lead: 2
pred mean: 8.971100807189941
lead: 5
pred mean: 8.968695640563965
lead: 1
pred mean: 8.985615730285645
 70%|██████▉   | 1298/1855 [26:00<11:08,  1.20s/it]lead: 3
pred mean: 9.011849403381348
lead: 4
pred mean: 9.007078170776367
lead: 4
pred mean: 9.012080192565918
lead: 4
pred mean: 9.009997367858887
lead: 2
pred mean: 8.991355895996094
lead: 5
pred mean: 8.985408782958984
lead: 1
pred mean: 8.981091499328613
lead: 0
pred mean: 8.994614601135254
 70%|███████   | 1299/1855 [26:01<11:11,  1.21s/it]lead: 0
pred mean: 8.990215301513672
lead: 2
pred mean: 8.987483024597168
lead: 5
pred mean: 8.999088287353516
lead: 1
pred mean: 8.989714622497559
lead: 3
pred mean: 8.987298965454102
lead: 1
pred mean: 8.977076530456543
lead: 5
pred mean: 9.010293006896973
lead: 2
pred mean: 8.996691703796387
 70%|███████   | 1300/1855 [26:03<11:05,  1.20s/it]                                                   {'loss': 5.8319, 'learning_rate': 4.978280606911139e-05, 'epoch': 3.5}
 70%|███████   | 1300/1855 [26:03<11:05,  1.20s/it]lead: 4
pred mean: 8.94682788848877
lead: 1
pred mean: 8.948205947875977
lead: 3
pred mean: 8.943364143371582
lead: 5
pred mean: 8.962394714355469
lead: 4
lead: 5
pred mean: 8.950323104858398
pred mean: 8.953962326049805
lead: 3
pred mean: 8.956623077392578
lead: 0
pred mean: 8.93593978881836
 70%|███████   | 1301/1855 [26:04<11:03,  1.20s/it]lead: 0
pred mean: 8.962605476379395
lead: 1
pred mean: 8.96233081817627
lead: 0
pred mean: 8.992027282714844
lead: 3
pred mean: 8.986846923828125
lead: 0
pred mean: 8.990379333496094
lead: 5
pred mean: 8.972935676574707
lead: 4
pred mean: 8.974039077758789
lead: 0
pred mean: 8.97789192199707
 70%|███████   | 1302/1855 [26:05<11:03,  1.20s/it]lead: 1
lead: 0
pred mean: 8.999051094055176
pred mean: 9.016485214233398
lead: 0
pred mean: 9.00382137298584
lead: 2
pred mean: 8.98767375946045
lead: 5
pred mean: 9.010951042175293
lead: 4
lead: 3
pred mean: 9.001072883605957
pred mean: 9.008285522460938
lead: 3
pred mean: 9.007329940795898
 70%|███████   | 1303/1855 [26:06<11:03,  1.20s/it]lead: 3
pred mean: 8.994916915893555
lead: 0
pred mean: 9.003934860229492
lead: 4
pred mean: 9.016674041748047
lead: 4
pred mean: 8.99815559387207
lead: 2
pred mean: 8.999926567077637
lead: 3
lead: 0
pred mean: 9.0045166015625
pred mean: 8.989313125610352
lead: 4
pred mean: 8.999500274658203
 70%|███████   | 1304/1855 [26:07<11:00,  1.20s/it]lead: 4
pred mean: 9.009988784790039
lead: 0
pred mean: 8.97480583190918
lead: 0
pred mean: 8.999859809875488
lead: 1
pred mean: 9.002999305725098
lead: 3
pred mean: 8.993440628051758
lead: 2
pred mean: 8.979957580566406
lead: 1
pred mean: 8.976064682006836
lead: 4
pred mean: 9.004226684570312
 70%|███████   | 1305/1855 [26:09<10:59,  1.20s/it]                                                   {'loss': 5.8115, 'learning_rate': 4.897115713478777e-05, 'epoch': 3.52}
 70%|███████   | 1305/1855 [26:09<10:59,  1.20s/it]lead: 2
pred mean: 8.968911170959473
lead: 5
pred mean: 8.99304485321045
lead: 5
pred mean: 8.971209526062012
lead: 4
pred mean: 8.99881362915039
lead: 3
pred mean: 8.99418830871582
lead: 5
pred mean: 8.976109504699707
lead: 2
pred mean: 8.979190826416016
lead: 2
pred mean: 8.983838081359863
 70%|███████   | 1306/1855 [26:10<10:56,  1.20s/it]lead: 3
pred mean: 8.97854995727539
lead: 0
pred mean: 8.974235534667969
lead: 3
pred mean: 8.965728759765625
lead: 0
pred mean: 8.96346378326416
lead: 2
pred mean: 8.98360538482666
lead: 3
pred mean: 8.969216346740723
lead: 4
pred mean: 8.97997760772705
lead: 4
pred mean: 8.98611831665039
 70%|███████   | 1307/1855 [26:11<10:53,  1.19s/it]lead: 4
pred mean: 9.00545597076416
lead: 2
pred mean: 9.004911422729492
lead: 4
pred mean: 9.0094633102417
lead: 2
pred mean: 9.014053344726562
lead: 3
pred mean: 9.01976203918457
lead: 3
pred mean: 9.00671672821045
lead: 1
pred mean: 9.023716926574707
lead: 1
pred mean: 9.003119468688965
 71%|███████   | 1308/1855 [26:12<10:53,  1.19s/it]lead: 5
pred mean: 8.99362850189209
lead: 4
pred mean: 9.012771606445312
lead: 1
pred mean: 9.00920295715332
lead:lead:  05

pred mean:pred mean:  9.0105075836181648.993617057800293

lead: 3
pred mean: 9.012517929077148
lead: 4
pred mean: 9.015363693237305
lead: 2
pred mean: 9.021221160888672
 71%|███████   | 1309/1855 [26:13<10:51,  1.19s/it]lead: 5
pred mean: 9.007790565490723
lead: 5
pred mean: 8.999813079833984
lead: 3
pred mean: 8.994765281677246
lead: 2
pred mean: 9.010175704956055
lead: 1
pred mean: 9.006424903869629
lead: 2
pred mean: 9.008091926574707
lead: 1
pred mean: 9.007494926452637
lead: 2
pred mean: 8.99371337890625
 71%|███████   | 1310/1855 [26:15<10:47,  1.19s/it]                                                   {'loss': 5.7907, 'learning_rate': 4.816402821254203e-05, 'epoch': 3.53}
 71%|███████   | 1310/1855 [26:15<10:47,  1.19s/it]lead: 5
pred mean: 8.984745979309082
lead: 5
pred mean: 8.983951568603516
lead: 4
pred mean: 8.985978126525879
lead: 3
pred mean: 8.987380027770996
lead: 5
pred mean: 8.99833869934082
lead: 5
pred mean: 8.98676872253418
lead: 0
pred mean: 8.98712158203125
lead: 1
pred mean: 8.985819816589355
 71%|███████   | 1311/1855 [26:16<10:46,  1.19s/it]lead: 1
pred mean: 8.982693672180176
lead: 5
pred mean: 8.988714218139648
lead: 5
pred mean: 8.990700721740723
lead: 3
pred mean: 8.981388092041016
lead: 2
pred mean: 8.985953330993652
lead: 4
pred mean: 8.992182731628418
lead: 3
pred mean: 8.978893280029297
lead: 5
pred mean: 8.9826021194458
 71%|███████   | 1312/1855 [26:17<10:45,  1.19s/it]lead: 3
pred mean: 9.018875122070312
lead: 0
pred mean: 9.015304565429688
lead: 2
pred mean: 9.012458801269531
lead: 0
lead:lead:  43

pred mean: 9.022727966308594
pred mean: pred mean: 9.001693725585938
8.999436378479004
lead: 1
pred mean: 9.006068229675293
lead: 3
pred mean: 9.016947746276855
 71%|███████   | 1313/1855 [26:18<10:46,  1.19s/it]lead: 3
pred mean: 9.029561996459961
lead: 1
lead: 5
pred mean: 9.021265983581543
pred mean: 9.054424285888672
lead: 4
pred mean: 9.02030086517334
lead: 0
pred mean: 9.0349702835083
lead: 1
pred mean: 9.028596878051758
lead: 1
pred mean: 9.03318977355957
lead: 0
pred mean: 9.036327362060547
 71%|███████   | 1314/1855 [26:19<10:44,  1.19s/it]lead: 2
pred mean: 9.017870903015137
lead: 0
pred mean: 9.030377388000488
lead: 3
pred mean: 9.015426635742188
lead: 4
pred mean: 9.020960807800293
lead: 4
lead: 3
pred mean: 9.014510154724121
pred mean: 9.032646179199219
lead: 2
pred mean: 9.03348159790039
lead: 3
pred mean: 9.026991844177246
 71%|███████   | 1315/1855 [26:21<10:43,  1.19s/it]                                                   {'loss': 5.7716, 'learning_rate': 4.736149079591138e-05, 'epoch': 3.54}
 71%|███████   | 1315/1855 [26:21<10:43,  1.19s/it]lead: 0
pred mean: 9.007011413574219
lead: 3
pred mean: 9.018136024475098
lead: 4
pred mean: 9.0110502243042
lead: 4
pred mean: 9.006868362426758
lead: 5
pred mean: 9.013972282409668
lead: 4
pred mean: 9.014345169067383
lead: 5
pred mean: 9.009859085083008
lead: 0
pred mean: 9.020977020263672
 71%|███████   | 1316/1855 [26:22<10:41,  1.19s/it]lead: 5
pred mean: 9.00571060180664
lead: 4
pred mean: 8.987264633178711
lead: 3
pred mean: 8.990236282348633
lead: 5
pred mean: 8.977757453918457
lead: 5
pred mean: 9.002925872802734
lead: 2
lead: 1
pred mean: 8.987076759338379
pred mean: 8.998823165893555
lead: 4
pred mean: 8.988555908203125
 71%|███████   | 1317/1855 [26:23<10:40,  1.19s/it]lead: 1
pred mean: 9.016521453857422
lead: 3
pred mean: lead:8.99320125579834 
3
pred mean: 8.998245239257812
lead: 2
lead: 2
pred mean: 9.002457618713379
pred mean: 9.010683059692383
lead: 1
pred mean: 8.997365951538086
lead: 0
pred mean: 8.998626708984375
lead: 1
pred mean: 9.009504318237305
 71%|███████   | 1318/1855 [26:24<10:34,  1.18s/it]lead: 2
pred mean: 9.048431396484375
lead: 5
pred mean: 9.036495208740234
lead: 4
pred mean: 9.0392484664917
lead: 5
pred mean: 9.049798965454102
lead: 4
pred mean: 9.039353370666504
lead: 1
pred mean: 9.050609588623047
lead: 2
pred mean: 9.028103828430176
lead: 4
pred mean: 9.033982276916504
 71%|███████   | 1319/1855 [26:25<10:35,  1.18s/it]lead: 0
pred mean: 9.052694320678711
lead: 2
pred mean: 9.034099578857422
lead: 1
pred mean: 9.047927856445312
lead: 4
pred mean: 9.071233749389648
lead: 3
pred mean: 9.05041217803955
lead: 2
pred mean: 9.055598258972168
lead: 4
pred mean: 9.06450080871582
lead: 1
pred mean: 9.050324440002441
 71%|███████   | 1320/1855 [26:26<10:34,  1.19s/it]                                                   {'loss': 5.7527, 'learning_rate': 4.6563615971728594e-05, 'epoch': 3.56}
 71%|███████   | 1320/1855 [26:26<10:34,  1.19s/it]lead: 5
pred mean: 9.012314796447754
lead: 0
pred mean: 9.022462844848633
lead: 3
lead: 0
pred mean: 9.03568172454834
pred mean: 8.997978210449219
lead: 3
pred mean: 9.02839469909668
lead: 2
pred mean: 9.020597457885742
lead: 1
pred mean: 9.00054931640625
lead: 4
pred mean: 9.028318405151367
 71%|███████   | 1321/1855 [26:28<10:35,  1.19s/it]lead: 2
pred mean: 9.014838218688965
lead: 2
pred mean: 9.003535270690918
lead: 4
pred mean: 9.0045747756958
lead: 4
pred mean: 8.993613243103027
lead: 3
pred mean: 9.024778366088867
lead: 4
pred mean: 9.010117530822754
lead: 1
pred mean: 9.010130882263184
lead: 4
pred mean: 8.993565559387207
 71%|███████▏  | 1322/1855 [26:29<10:35,  1.19s/it]lead: 3
pred mean: 9.020057678222656
lead: 5
pred mean: 9.009634017944336
lead: 0
pred mean: 9.015392303466797
lead: 3
pred mean: 9.025664329528809
lead: 1
pred mean: 9.008352279663086
lead: 0
pred mean: 9.034249305725098
lead: 2
pred mean: 9.021422386169434
lead: 3
pred mean: 9.010749816894531
 71%|███████▏  | 1323/1855 [26:30<10:35,  1.19s/it]lead: 5
pred mean: 9.038708686828613
lead: 3
pred mean: 9.038078308105469
lead: 4
pred mean: 9.035243034362793
lead: 3
pred mean: 9.031423568725586
lead: 2
pred mean: 9.044398307800293
lead: 0
pred mean: 9.028620719909668
lead: 0
pred mean: 9.037632942199707
lead: 2
pred mean: 9.036913871765137
 71%|███████▏  | 1324/1855 [26:31<10:27,  1.18s/it]lead: 3
pred mean: 9.029170036315918
lead: 5
pred mean: 9.049118041992188
lead: 0
pred mean: 9.051745414733887
lead: 5
pred mean: 9.049003601074219
lead: 0
pred mean: 9.048913955688477
lead: 1
pred mean: 9.049736022949219
lead: 0
pred mean: 9.030702590942383
lead: 4
pred mean: 9.04132080078125
 71%|███████▏  | 1325/1855 [26:32<10:27,  1.18s/it]                                                   {'loss': 5.732, 'learning_rate': 4.57704744138251e-05, 'epoch': 3.57}
 71%|███████▏  | 1325/1855 [26:32<10:27,  1.18s/it]lead: 5
pred mean: 9.041940689086914
lead: 3
pred mean: 9.039660453796387
lead: 5
pred mean: 9.056306838989258
lead: 4
lead: 5
pred mean: 9.03399658203125
pred mean: 9.03099536895752
lead: 0
pred mean: 9.030750274658203
lead: 0
pred mean: 9.031658172607422
lead: 2
pred mean: 9.029211044311523
 71%|███████▏  | 1326/1855 [26:34<10:29,  1.19s/it]lead: 5
pred mean: 9.033988952636719
lead: 3
pred mean: 9.029277801513672
lead: 5
pred mean: 9.0167236328125
lead: 4
pred mean: 9.023543357849121
lead: 4
pred mean: 9.030252456665039
lead: 5
pred mean: 9.022981643676758
lead: 1
pred mean: 9.011005401611328
lead: 3
pred mean: 9.005699157714844
 72%|███████▏  | 1327/1855 [26:35<10:29,  1.19s/it]lead: 1
pred mean: 9.033415794372559
lead: 2
pred mean: 9.033854484558105
lead: 2
pred mean: 9.029507637023926
lead: 4
pred mean: 9.014310836791992
lead: 0
pred mean: 9.032164573669434
lead: 1
pred mean: 9.033365249633789
lead: 5
pred mean: 9.030928611755371
lead: 0
pred mean: 9.02724552154541
 72%|███████▏  | 1328/1855 [26:36<10:33,  1.20s/it]lead: 2
pred mean: 9.068248748779297
lead: 2
pred mean: 9.047022819519043
lead: 3
pred mean: 9.042848587036133
lead: 0
pred mean: 9.04943561553955
lead: 0
pred mean: 9.038021087646484
lead:lead:  55

pred mean: 9.046736717224121pred mean:
 9.059488296508789
lead: 1
pred mean: 9.061513900756836
 72%|███████▏  | 1329/1855 [26:37<10:31,  1.20s/it]lead: 3
pred mean: 9.045210838317871
lead: 3
pred mean: 9.055852890014648
lead: 2
pred mean: 9.058876991271973
lead: 1
pred mean: 9.063088417053223
lead: 3
pred mean: 9.067134857177734
lead: 3
pred mean: 9.062496185302734
lead: 1
pred mean: 9.061203002929688
lead: 3
pred mean: 9.041433334350586
 72%|███████▏  | 1330/1855 [26:38<10:33,  1.21s/it]                                                   {'loss': 5.7145, 'learning_rate': 4.49821363767711e-05, 'epoch': 3.58}
 72%|███████▏  | 1330/1855 [26:38<10:33,  1.21s/it]lead: 2
pred mean: 9.041648864746094
lead: 0
pred mean: 9.037260055541992
lead: 2
pred mean: 9.04272174835205
lead: 5
pred mean: 9.034031867980957
lead: 4
pred mean: 9.041912078857422
lead: 5
pred mean: 9.037872314453125
lead: 3
lead: 3
pred mean: 9.048457145690918
pred mean: 9.026947021484375
 72%|███████▏  | 1331/1855 [26:40<10:33,  1.21s/it]lead: 1
pred mean: 9.032768249511719
lead: 4
pred mean: 9.053915023803711
lead: 4
pred mean: 9.055696487426758
lead: 4
pred mean: 9.040946960449219
lead: 3
pred mean: 9.045769691467285
lead: 2
pred mean: 9.047811508178711
lead: 2
pred mean: 9.054365158081055
lead: 3
pred mean: 9.05077075958252
 72%|███████▏  | 1332/1855 [26:41<10:31,  1.21s/it]lead: 3
pred mean: 9.044205665588379
lead: 2
pred mean: 9.043173789978027
lead: 4
pred mean: 9.0519380569458
lead: 5
pred mean: 9.042818069458008
lead: 1
lead: 2
pred mean: 9.045209884643555
pred mean: 9.055865287780762
lead: 0
pred mean: 9.054109573364258
lead: 3
pred mean: 9.047950744628906
 72%|███████▏  | 1333/1855 [26:42<10:28,  1.20s/it]lead: 0
pred mean: 9.050724029541016
lead: 3
pred mean: 9.046582221984863
lead: 0
pred mean: 9.036614418029785
lead: 1
pred mean: 9.046544075012207
lead: 2
pred mean: 9.05126667022705
lead: 1
pred mean: 9.029939651489258
lead: 1
pred mean: 9.056084632873535
lead: 3
pred mean: 9.053291320800781
 72%|███████▏  | 1334/1855 [26:43<10:26,  1.20s/it]lead: 3
pred mean: 9.04612922668457
lead: 5
pred mean: 9.050301551818848
lead: 3
lead: 4
pred mean: 9.038874626159668
pred mean: 9.039655685424805
lead: 2
pred mean: 9.042659759521484
lead: 3
pred mean: 9.030940055847168
lead: 4
pred mean: 9.03387451171875
lead: 3
pred mean: 9.040514945983887
 72%|███████▏  | 1335/1855 [26:44<10:22,  1.20s/it]                                                   {'loss': 5.6955, 'learning_rate': 4.419867168965242e-05, 'epoch': 3.6}
 72%|███████▏  | 1335/1855 [26:44<10:22,  1.20s/it]lead: 2
pred mean: 9.066727638244629
lead: 4
pred mean: 9.066162109375
lead: 1
lead: 4
pred mean: 9.065889358520508
pred mean: 9.062891960144043
lead: 3
pred mean: 9.050579071044922
lead: 5
pred mean: 9.061829566955566
lead: 5
pred mean: 9.06380558013916
lead: 1
pred mean: 9.06157112121582
 72%|███████▏  | 1336/1855 [26:46<10:21,  1.20s/it]lead: 2
pred mean:lead:  9.0758123397827150

pred mean: 9.048371315002441
lead: 2
pred mean: 9.061309814453125
lead: 0
pred mean: 9.056740760803223
lead: 1
pred mean: 9.052987098693848
lead: 4
pred mean: 9.06169319152832
lead: 4
pred mean: 9.055046081542969
lead: 1
pred mean: 9.053975105285645
 72%|███████▏  | 1337/1855 [26:47<10:15,  1.19s/it]lead: 0
lead: 0
pred mean: 9.077535629272461
pred mean: 9.053061485290527
lead: 5
pred mean: 9.062039375305176
lead: 1
pred mean: 9.06729793548584
lead: 3
pred mean: 9.06818962097168
lead: 4
pred mean: 9.077802658081055
lead: 0
pred mean: 9.07020378112793
lead: 2
pred mean: 9.064024925231934
 72%|███████▏  | 1338/1855 [26:48<10:15,  1.19s/it]lead: 3
pred mean: 9.0662841796875
lead: 4
pred mean: 9.060523986816406
lead: 4
pred mean: 9.06737995147705
lead: 0
lead: 3
pred mean: 9.035091400146484
pred mean: 9.05954360961914
lead: 5
pred mean: 9.053083419799805
lead: 2
pred mean: 9.068476676940918
lead: 3
pred mean: 9.057674407958984
 72%|███████▏  | 1339/1855 [26:49<10:13,  1.19s/it]lead: 4
pred mean: 9.059144973754883
lead: 4
pred mean: 9.05990982055664
lead: 4
pred mean: 9.063907623291016
lead: 2
pred mean: 9.050009727478027
lead: 5
pred mean: 9.063971519470215
lead: 4
pred mean: 9.063308715820312
lead: 2
pred mean: 9.066025733947754
lead: 4
pred mean: 9.068562507629395
 72%|███████▏  | 1340/1855 [26:50<10:13,  1.19s/it]                                                   {'loss': 5.6775, 'learning_rate': 4.342014974988528e-05, 'epoch': 3.61}
 72%|███████▏  | 1340/1855 [26:50<10:13,  1.19s/it]lead: 2
pred mean: 9.074970245361328
lead: 1
pred mean: 9.063368797302246
lead: 5
pred mean: 9.053653717041016
lead: 4
pred mean: 9.047479629516602
lead: 2
pred mean: 9.060468673706055
lead: 3
pred mean: 9.047557830810547
lead: 1
pred mean: 9.06353759765625
lead: 2
pred mean: 9.058614730834961
 72%|███████▏  | 1341/1855 [26:52<10:13,  1.19s/it]lead: 2
pred mean: 9.055724143981934
lead: 0
pred mean: 9.066264152526855
lead: 4
pred mean: 9.067124366760254
lead: 4
pred mean: 9.057777404785156
lead: 0
lead: 5
pred mean: 9.067523956298828
pred mean: 9.060096740722656
lead: 5
pred mean: 9.060699462890625
lead: 5
pred mean: 9.058895111083984
 72%|███████▏  | 1342/1855 [26:53<10:11,  1.19s/it]lead: 5
pred mean: 9.059046745300293
lead: 4
pred mean: 9.077507019042969
lead: 4
pred mean: 9.082164764404297
lead: 0
pred mean: 9.074835777282715
lead: 4
pred mean: 9.072892189025879
lead: 0
pred mean: 9.07214641571045
lead: 5
pred mean: 9.092883110046387
lead: 1
pred mean: 9.072542190551758
 72%|███████▏  | 1343/1855 [26:54<10:09,  1.19s/it]lead: 2
pred mean:lead:  9.0575656890869141

pred mean: 9.048890113830566
lead: 5
pred mean: 9.043660163879395
lead: 3
pred mean: 9.057610511779785
lead: 2
pred mean: 9.083901405334473
lead: 1
pred mean: 9.057990074157715
lead: 1
pred mean: 9.066628456115723
lead: 2
pred mean: 9.08401107788086
 72%|███████▏  | 1344/1855 [26:55<10:09,  1.19s/it]lead: 5
pred mean: 9.049910545349121
lead: 4
pred mean: 9.067530632019043
lead: 3
pred mean: 9.066666603088379
lead: 2
pred mean: 9.0643310546875
lead: 2
pred mean: 9.078788757324219
lead: 3
pred mean: 9.060912132263184
lead: 5
pred mean: 9.055744171142578
lead: 3
pred mean: 9.073542594909668
 73%|███████▎  | 1345/1855 [26:56<10:08,  1.19s/it]                                                   {'loss': 5.66, 'learning_rate': 4.2646639517069276e-05, 'epoch': 3.63}
 73%|███████▎  | 1345/1855 [26:56<10:08,  1.19s/it]lead:lead:  01

pred mean: pred mean:9.072105407714844 
9.056534767150879
lead: 3
pred mean: 9.074859619140625
lead: 3
pred mean: 9.075007438659668
lead: 4
pred mean: 9.060004234313965
lead: 0
pred mean: 9.068672180175781
lead: 1
pred mean: 9.058353424072266
lead: 2
pred mean: 9.076803207397461
 73%|███████▎  | 1346/1855 [26:58<10:08,  1.20s/it]lead: 1
pred mean: 9.083868980407715
lead: 5
pred mean: 9.089604377746582
lead: 2
pred mean: 9.087028503417969
lead: 2
pred mean: 9.074151039123535
lead: 4
pred mean: 9.085665702819824
lead: 3
pred mean: 9.091740608215332
lead: 2
pred mean: 9.07860279083252
lead: 3
pred mean: 9.078303337097168
 73%|███████▎  | 1347/1855 [26:59<10:03,  1.19s/it]lead: 5
pred mean: 9.094183921813965
lead: 5
pred mean: 9.092069625854492
lead: 0
pred mean: 9.076746940612793
lead: 4
pred mean: 9.080741882324219
lead: 1
pred mean: 9.096824645996094
lead: 5
pred mean: 9.074298858642578
lead: 1
pred mean: 9.076632499694824
lead: 0
pred mean: 9.072427749633789
 73%|███████▎  | 1348/1855 [27:00<10:03,  1.19s/it]lead: 4
pred mean: 9.079975128173828
lead: 0
pred mean: 9.08322811126709
lead: 2
pred mean: 9.086233139038086
lead: 3
pred mean: 9.078959465026855
lead: 4
pred mean: 9.090058326721191
lead: 3
pred mean: 9.086716651916504
lead: 0
pred mean: 9.083099365234375
lead: 1
pred mean: 9.093788146972656
 73%|███████▎  | 1349/1855 [27:01<10:04,  1.19s/it]lead: 1
pred mean: 9.077165603637695
lead: 4
pred mean: 9.07431697845459
lead: 1
pred mean: 9.06056022644043
lead: 0
pred mean: 9.069416999816895
lead: 3
pred mean: 9.066180229187012
lead: 4
pred mean: 9.086162567138672
lead: 4
pred mean: 9.058187484741211
lead: 5
pred mean: 9.073315620422363
 73%|███████▎  | 1350/1855 [27:02<10:14,  1.22s/it]                                                   {'loss': 5.6423, 'learning_rate': 4.1878209506879016e-05, 'epoch': 3.64}
 73%|███████▎  | 1350/1855 [27:02<10:14,  1.22s/it]lead: 2
pred mean: 9.095125198364258
lead: 4
pred mean: 9.099010467529297
lead: 0
pred mean: 9.074577331542969
lead: 3
pred mean: 9.088824272155762
lead: 3
pred mean: 9.077411651611328
lead: 5
pred mean: 9.08495807647705
lead: 3
pred mean: 9.09742546081543
lead: 2
pred mean: 9.098371505737305
 73%|███████▎  | 1351/1855 [27:04<10:11,  1.21s/it]lead: 4
pred mean: 9.103716850280762
lead: 4
pred mean: 9.094735145568848
lead: 5
pred mean: 9.098357200622559
lead: 2
pred mean: 9.105308532714844
lead: 0
pred mean: 9.089381217956543
lead: 1
pred mean: 9.083768844604492
lead: 5
pred mean: 9.089759826660156
lead: 3
pred mean: 9.096923828125
 73%|███████▎  | 1352/1855 [27:05<10:06,  1.21s/it]lead: 5
pred mean: 9.093867301940918
lead: 0
pred mean: 9.105207443237305
lead: 5
pred mean: 9.090533256530762
lead: 2
pred mean: 9.090767860412598
lead: 1
pred mean: 9.079206466674805
lead: 1
pred mean: 9.101839065551758
lead: 1
pred mean: 9.073912620544434
lead: 5
pred mean: 9.092545509338379
 73%|███████▎  | 1353/1855 [27:06<10:02,  1.20s/it]lead: 0
pred mean: 9.086878776550293
lead: 1
pred mean: 9.073938369750977
lead: 4
lead: 1
pred mean: 9.088353157043457
pred mean: 9.089564323425293
lead: 2
pred mean: 9.075355529785156
lead: 4
pred mean: 9.077829360961914
lead: 5
pred mean: 9.083866119384766
lead: 3
pred mean: 9.06843376159668
 73%|███████▎  | 1354/1855 [27:07<09:58,  1.20s/it]lead: 0
pred mean: 9.080804824829102
lead: 2
pred mean: 9.081830978393555
lead: 0
pred mean: 9.091398239135742
lead: 1
pred mean: 9.09173583984375
lead: 3
pred mean: 9.099921226501465
lead: 1
pred mean: 9.100075721740723
lead: 4
pred mean: 9.086804389953613
lead: 0
pred mean: 9.097878456115723
 73%|███████▎  | 1355/1855 [27:08<09:56,  1.19s/it]                                                   {'loss': 5.6253, 'learning_rate': 4.111492778499528e-05, 'epoch': 3.65}
 73%|███████▎  | 1355/1855 [27:08<09:56,  1.19s/it]lead: 1
pred mean: 9.102355003356934
lead: 2
pred mean: 9.120462417602539
lead: 0
pred mean: 9.100944519042969
lead: 0
pred mean: 9.114020347595215
lead: 0
pred mean: 9.107276916503906
lead: lead:1 
2
pred mean:pred mean:  9.0983829498291029.107298851013184lead:
 
1
pred mean: 9.111233711242676
 73%|███████▎  | 1356/1855 [27:10<09:55,  1.19s/it]lead: 0
pred mean: 9.097373008728027
lead: 4
pred mean: 9.09706974029541
lead: 2
pred mean: 9.08513355255127
lead: 1
pred mean: 9.08636474609375
lead: 2
pred mean: 9.096919059753418
lead: 5
pred mean: 9.09211540222168
lead: 4
pred mean: 9.102334022521973
lead: 2
pred mean: 9.107132911682129
 73%|███████▎  | 1357/1855 [27:11<09:55,  1.20s/it]lead: 4
pred mean: 9.099470138549805
lead: 5
pred mean: 9.07787799835205
lead: 4
pred mean: 9.081717491149902
lead: 0
pred mean: 9.093689918518066
lead: 2
pred mean: 9.104418754577637
lead: 5
pred mean: 9.091715812683105
lead: 2
pred mean: 9.092568397521973
lead: 4
pred mean: 9.094950675964355
 73%|███████▎  | 1358/1855 [27:12<09:54,  1.20s/it]lead: 5
pred mean: 9.092933654785156
lead: 0
pred mean: 9.09118366241455
lead: 4
pred mean: 9.10951042175293
lead: 4
pred mean: 9.10339069366455
lead: 5
pred mean: 9.089038848876953
lead: 4
pred mean: 9.10685920715332
lead: 2
pred mean: 9.100341796875
lead: 5
pred mean: 9.096585273742676
 73%|███████▎  | 1359/1855 [27:13<09:56,  1.20s/it]lead: 0
pred mean: 9.111189842224121
lead: 4
pred mean: 9.120570182800293
lead: 2
pred mean: 9.120147705078125
lead: 0
pred mean: 9.090913772583008
lead: 4
pred mean: 9.10202693939209
lead: 1
pred mean: 9.091856002807617
lead: 3
pred mean: 9.11294937133789
lead: 1
pred mean: 9.092906951904297
 73%|███████▎  | 1360/1855 [27:14<09:58,  1.21s/it]                                                   {'loss': 5.6084, 'learning_rate': 4.035686196107579e-05, 'epoch': 3.67}
 73%|███████▎  | 1360/1855 [27:14<09:58,  1.21s/it]lead: 0
pred mean: 9.11528491973877
lead: 3
lead: 5
pred mean: 9.106795310974121
pred mean: 9.108841896057129
lead: 0
pred mean: 9.099316596984863
lead: 3
pred mean: 9.100774765014648
lead: 4
pred mean: 9.121175765991211
lead: 4
pred mean: 9.114238739013672
lead: 2
pred mean: 9.113210678100586
 73%|███████▎  | 1361/1855 [27:16<10:00,  1.22s/it]lead: 3
pred mean: 9.108330726623535
lead: 2
pred mean: 9.109482765197754
lead: 4
lead: 0
pred mean: 9.099685668945312
pred mean: 9.109426498413086
lead: 4
pred mean: 9.104281425476074
lead: 3
pred mean: 9.107705116271973
lead: 0
pred mean: 9.10035514831543
lead: 2
pred mean: 9.11197566986084
 73%|███████▎  | 1362/1855 [27:17<09:56,  1.21s/it]lead: 4
pred mean: 9.109750747680664
lead: 4
pred mean: 9.091890335083008
lead: 0
pred mean: 9.12092399597168
lead: 5
lead: 3
pred mean: 9.107011795043945
pred mean: 9.102301597595215
lead: 0
pred mean: 9.107743263244629
lead: 4
pred mean: 9.112610816955566
lead: 4
pred mean: 9.115141868591309
 73%|███████▎  | 1363/1855 [27:18<09:50,  1.20s/it]lead: 2
pred mean: 9.0985746383667
lead: 5
pred mean: 9.100772857666016
lead: 3
lead: 1
pred mean: 9.098122596740723
pred mean: 9.099508285522461
lead: 3
pred mean: 9.11679744720459
lead: 5
pred mean: 9.10511589050293
lead: 5
pred mean: 9.098090171813965
lead: 4
pred mean: 9.101866722106934
 74%|███████▎  | 1364/1855 [27:19<09:47,  1.20s/it]lead: 1
pred mean: 9.116851806640625
lead: 4
pred mean: 9.101400375366211
lead:lead:  44

pred mean:pred mean:  9.1048374176025399.097254753112793

lead: 4
pred mean: 9.116823196411133
lead: 5
pred mean: 9.100945472717285
lead: 0
pred mean: 9.089010238647461
lead: 5
pred mean: 9.102630615234375
 74%|███████▎  | 1365/1855 [27:20<09:44,  1.19s/it]                                                   {'loss': 5.5921, 'learning_rate': 3.960407918276663e-05, 'epoch': 3.68}
 74%|███████▎  | 1365/1855 [27:20<09:44,  1.19s/it]lead: 1
pred mean: 9.112663269042969
lead: 5
pred mean: 9.11103630065918
lead: 5
pred mean: 9.13371753692627
lead: 0
pred mean: 9.126725196838379
lead: 0
lead: 4
pred mean: 9.109098434448242
pred mean: 9.102147102355957
lead: 1
pred mean: 9.099726676940918
lead: 0
pred mean: 9.109770774841309
 74%|███████▎  | 1366/1855 [27:22<09:44,  1.20s/it]lead: 4
pred mean: 9.12790298461914
lead: 5
pred mean: 9.125382423400879
lead: 2
pred mean: 9.122345924377441
lead: 1
pred mean: 9.12415885925293
lead: 1
pred mean: 9.119696617126465
lead:lead:  43

pred mean:pred mean:  9.1261034011840829.111661911010742

lead: 3
pred mean: 9.108726501464844
 74%|███████▎  | 1367/1855 [27:23<09:42,  1.19s/it]lead: 0
pred mean: 9.119921684265137
lead: 4
pred mean: 9.11800479888916
lead: 4
lead: 5
pred mean: 9.117130279541016
pred mean: 9.107290267944336
lead: 5
pred mean: 9.120718002319336
lead: 3
pred mean: 9.12216567993164
lead: 1
pred mean: 9.123673439025879
lead: 1
pred mean: 9.129961013793945
 74%|███████▎  | 1368/1855 [27:24<09:41,  1.19s/it]lead: 5
pred mean: 9.110814094543457
lead: 5
pred mean: 9.101766586303711
lead: 1
pred mean: 9.111214637756348
lead: 3
pred mean: 9.121847152709961
lead: 4
pred mean: 9.117729187011719
lead: 2
pred mean: 9.118637084960938
lead: 5
pred mean: 9.11205768585205
lead: 0
pred mean: 9.104297637939453
 74%|███████▍  | 1369/1855 [27:25<09:41,  1.20s/it]lead: 5
pred mean: 9.118053436279297
lead: 2
pred mean: 9.116714477539062
lead: 1
pred mean: 9.115689277648926
lead: 3
pred mean: 9.11217212677002
lead: 0
pred mean: 9.116673469543457
lead: 5
pred mean: 9.110076904296875
lead: 0
pred mean: 9.11208438873291
lead: 5
pred mean: 9.10678482055664
 74%|███████▍  | 1370/1855 [27:26<09:37,  1.19s/it]                                                   {'loss': 5.5762, 'learning_rate': 3.885664612975439e-05, 'epoch': 3.69}
 74%|███████▍  | 1370/1855 [27:26<09:37,  1.19s/it]lead: 2
pred mean:lead:  09.120200157165527

pred mean: 9.125934600830078
lead: 4
pred mean: 9.122757911682129
lead: 0
pred mean: 9.126749992370605
lead: 3
pred mean: 9.120868682861328
lead: 0
pred mean: 9.097058296203613
lead: 3
pred mean: 9.115055084228516
lead: 0
pred mean: 9.100043296813965
 74%|███████▍  | 1371/1855 [27:28<09:52,  1.22s/it]lead: 2
pred mean: 9.115238189697266
lead: 2
pred mean: 9.128689765930176
lead: 0
pred mean: 9.127132415771484
lead: 0
lead: 2
pred mean: 9.139764785766602
pred mean: 9.131362915039062
lead: 0
pred mean: 9.128838539123535
lead: 4
pred mean: 9.128662109375
lead: 3
pred mean: 9.13644027709961
 74%|███████▍  | 1372/1855 [27:29<09:46,  1.22s/it]lead: 4
pred mean: 9.123922348022461
lead: 1
pred mean: 9.110198974609375
lead: 4
lead: 2
pred mean: 9.123994827270508
pred mean: 9.102118492126465
lead: 4
pred mean: 9.124784469604492
lead: 4
pred mean: 9.119140625
lead: 1
pred mean: 9.111747741699219
lead: 0
pred mean: 9.11694622039795
 74%|███████▍  | 1373/1855 [27:30<09:42,  1.21s/it]lead: 0
pred mean: 9.127164840698242
lead: 2
pred mean: 9.129721641540527
lead: 4
pred mean: 9.12768840789795
lead: 5
pred mean: 9.126922607421875
lead: 5
pred mean: 9.124201774597168
lead: 2
pred mean: 9.122367858886719
lead: 2
pred mean: 9.126529693603516
lead: 0
pred mean: 9.126485824584961
 74%|███████▍  | 1374/1855 [27:31<09:38,  1.20s/it]lead: 1
pred mean: 9.121908187866211
lead: 4
lead: 4
pred mean: 9.122459411621094
pred mean: 9.130520820617676
lead: 5
pred mean: 9.130514144897461
lead: 5
pred mean: 9.146322250366211
lead: 5
pred mean: 9.130133628845215
lead: 4
pred mean: 9.129325866699219
lead: 0
pred mean: 9.120347023010254
 74%|███████▍  | 1375/1855 [27:32<09:37,  1.20s/it]                                                   {'loss': 5.5593, 'learning_rate': 3.811462900785989e-05, 'epoch': 3.71}
 74%|███████▍  | 1375/1855 [27:32<09:37,  1.20s/it]lead: 4
pred mean: 9.139598846435547
lead: 0
pred mean: 9.121845245361328
lead: 1
pred mean: 9.148269653320312
lead: 3
pred mean: 9.134711265563965
lead: 3
lead:pred mean:  29.137619972229004

pred mean: 9.135366439819336
lead: 3
pred mean: 9.128301620483398
lead: 4
pred mean: 9.128992080688477
 74%|███████▍  | 1376/1855 [27:34<09:34,  1.20s/it]lead: 1
pred mean: 9.134669303894043
lead: 0
pred mean: 9.122159957885742
lead: 4
pred mean: 9.117579460144043
lead: 1
pred mean: 9.118366241455078
lead: 0
pred mean: 9.119524955749512
lead: 0
pred mean: 9.116680145263672
lead: 2
pred mean: 9.104177474975586
lead: 4
pred mean: 9.132237434387207
 74%|███████▍  | 1377/1855 [27:35<09:31,  1.20s/it]lead: 2
pred mean: 9.13890552520752
lead: 2
pred mean: 9.143997192382812
lead: 0
pred mean: 9.132652282714844
lead: 4
pred mean: 9.140499114990234
lead: 5
pred mean: 9.133631706237793
lead: 3
pred mean: 9.136631965637207
lead: 0
pred mean: 9.142951011657715
lead: 4
pred mean: 9.146685600280762
 74%|███████▍  | 1378/1855 [27:36<09:31,  1.20s/it]lead: 1
pred mean: 9.153339385986328
lead: 2
pred mean: 9.162294387817383
lead: 1
pred mean: 9.158355712890625
lead: 2
pred mean: 9.164045333862305
lead: 3
pred mean: 9.159409523010254
lead: 2
lead: 1
pred mean: 9.157758712768555
pred mean: 9.151805877685547
lead: 2
pred mean: 9.156021118164062
 74%|███████▍  | 1379/1855 [27:37<09:30,  1.20s/it]lead: 5
pred mean: 9.134363174438477
lead: 2
pred mean: 9.127764701843262
lead: 2lead:
 3
pred mean:pred mean:  9.1288404464721689.115653991699219

lead: 4
pred mean: 9.121456146240234
lead: 5
pred mean: 9.13492488861084
lead: 4
pred mean: 9.125038146972656
lead: 4
pred mean: 9.118446350097656
 74%|███████▍  | 1380/1855 [27:38<09:27,  1.19s/it]                                                   {'loss': 5.544, 'learning_rate': 3.737809354317381e-05, 'epoch': 3.72}
 74%|███████▍  | 1380/1855 [27:38<09:27,  1.19s/it]lead: 1
pred mean: 9.114227294921875
lead: 3
pred mean: 9.120060920715332
lead: 0
lead: 5
pred mean: 9.112698554992676
pred mean: 9.128799438476562
lead: 2
pred mean: 9.118048667907715
lead: 3
pred mean: 9.114363670349121
lead: 5
pred mean: 9.108455657958984
lead: 3
pred mean: 9.128506660461426
 74%|███████▍  | 1381/1855 [27:40<09:25,  1.19s/it]lead: 5
pred mean: 9.144669532775879
lead: 5
pred mean: 9.139063835144043
lead: 5
pred mean: 9.147619247436523
lead: 5
pred mean: 9.15914535522461
lead: 2
pred mean: 9.158238410949707
lead:lead:  51

pred mean:pred mean:  9.1398496627807629.160099029541016

lead: 0
pred mean: 9.161233901977539
 75%|███████▍  | 1382/1855 [27:41<09:24,  1.19s/it]lead: 5
pred mean: 9.152045249938965
lead:lead:  53

pred mean:pred mean:  9.1667032241821299.145628929138184

lead: 1
pred mean: 9.148430824279785
lead: 3
pred mean: 9.166218757629395
lead: 3
pred mean: 9.16398811340332
lead: 3
pred mean: 9.161043167114258
lead: 2
pred mean: 9.177392959594727
 75%|███████▍  | 1383/1855 [27:42<09:25,  1.20s/it]lead: 4
pred mean: 9.136792182922363
lead: 0
pred mean: 9.13456916809082
lead: 3
pred mean: 9.1432466506958
lead: 3
pred mean: 9.137758255004883
lead: 1
pred mean: 9.131487846374512
lead: 4
pred mean: 9.129084587097168
lead: 2
pred mean: 9.138275146484375
lead: 3
pred mean: 9.133710861206055
 75%|███████▍  | 1384/1855 [27:43<09:23,  1.20s/it]lead: 5
pred mean: 9.122886657714844
lead: 1
pred mean: 9.13459300994873
lead: 2
pred mean: 9.128190040588379
lead: 3
pred mean: 9.149703025817871
lead: 4
pred mean: 9.111543655395508
lead: 1
pred mean: 9.10621452331543
lead: 2
pred mean: 9.144562721252441
lead: 3
pred mean: 9.123623847961426
 75%|███████▍  | 1385/1855 [27:44<09:20,  1.19s/it]                                                   {'loss': 5.5285, 'learning_rate': 3.66471049762348e-05, 'epoch': 3.73}
 75%|███████▍  | 1385/1855 [27:44<09:20,  1.19s/it]lead: 2
pred mean: 9.135760307312012
lead: 4
pred mean: 9.135887145996094
lead: 3
pred mean: 9.13746452331543
lead: 5
pred mean: 9.140993118286133
lead: 5
pred mean: 9.152047157287598
lead: 0
pred mean: 9.135879516601562
lead: 0
pred mean: 9.122076988220215
lead: 5
pred mean: 9.133291244506836
 75%|███████▍  | 1386/1855 [27:46<09:17,  1.19s/it]lead: 0
pred mean: 9.143746376037598
lead: 4
pred mean: 9.16291618347168
lead: 3
pred mean: 9.148582458496094
lead: 0
pred mean: 9.146836280822754
lead: 2lead:
 0
pred mean: 9.149024963378906
pred mean: 9.135124206542969
lead: 4
pred mean: 9.1585693359375
lead: 4
pred mean: 9.14758014678955
 75%|███████▍  | 1387/1855 [27:47<09:15,  1.19s/it]lead: 4
pred mean: 9.170681953430176
lead: 0
pred mean: 9.148115158081055
lead: 1
pred mean: 9.166772842407227
lead: 2
pred mean: 9.14210319519043
lead: 5
pred mean: 9.165918350219727
lead: 3
pred mean: 9.16148853302002
lead: 0
pred mean: 9.162487030029297
lead: 0
pred mean: 9.166547775268555
 75%|███████▍  | 1388/1855 [27:48<09:15,  1.19s/it]lead: 5
pred mean: 9.17208480834961
lead: 2
pred mean: 9.152390480041504
lead: 4
pred mean: 9.16307544708252
lead: 5
pred mean: 9.152512550354004
lead: 3
pred mean: 9.15221118927002
lead: 2
pred mean: 9.163036346435547
lead: 3
pred mean: 9.158330917358398
lead: 0
pred mean: 9.165800094604492
 75%|███████▍  | 1389/1855 [27:49<09:20,  1.20s/it]lead: 2
pred mean: 9.13880729675293
lead: 4
pred mean: 9.129693031311035
lead: 1
pred mean: 9.148146629333496
lead: 1
pred mean: 9.13882827758789
lead: 2
pred mean: 9.140429496765137
lead: 5
pred mean: 9.150867462158203
lead: 5
pred mean: 9.15069580078125
lead: 2
pred mean: 9.154778480529785
 75%|███████▍  | 1390/1855 [27:50<09:18,  1.20s/it]                                                   {'loss': 5.514, 'learning_rate': 3.59217280562507e-05, 'epoch': 3.75}
 75%|███████▍  | 1390/1855 [27:50<09:18,  1.20s/it]lead: 5
pred mean: 9.146987915039062
lead: 0
pred mean: 9.14025592803955
lead: 0
pred mean: 9.148882865905762
lead: 1
pred mean: 9.12692928314209
lead: 5
pred mean: 9.145136833190918
lead: 2
pred mean: 9.140968322753906
lead: 4
pred mean: 9.151308059692383
lead: 4
pred mean: 9.133382797241211
 75%|███████▍  | 1391/1855 [27:52<09:20,  1.21s/it]lead: 1
pred mean: 9.155592918395996
lead: 1
pred mean: 9.1597900390625
lead: 0
pred mean: 9.163593292236328
lead: 2
pred mean: 9.138537406921387
lead: 4
pred mean: 9.152939796447754
lead: 5
pred mean: 9.145341873168945
lead: 4
pred mean: 9.150781631469727
lead: 1
pred mean: 9.149796485900879
 75%|███████▌  | 1392/1855 [27:53<09:16,  1.20s/it]lead:lead:  11

pred mean:pred mean:  9.173645019531259.173996925354004

lead: 1
pred mean: 9.175780296325684
lead: 5
pred mean: 9.186196327209473
lead: 0
pred mean: 9.181132316589355
lead: 5
pred mean: 9.177806854248047
lead: 0
pred mean: 9.171494483947754
lead: 4
pred mean: 9.172735214233398
 75%|███████▌  | 1393/1855 [27:54<09:14,  1.20s/it]lead: 2
pred mean: 9.19376277923584
lead: 3
pred mean: 9.173187255859375
lead: 3
pred mean: 9.184999465942383
lead: 5
pred mean: 9.1843900680542
lead: 5
pred mean: 9.17784595489502
lead: 4
pred mean: 9.182503700256348
lead: 2
pred mean: 9.172879219055176
lead: 3
pred mean: 9.17636775970459
 75%|███████▌  | 1394/1855 [27:55<09:12,  1.20s/it]lead: 1
pred mean: 9.13175106048584
lead: 5
pred mean: 9.145633697509766
lead: 4
pred mean: 9.14684772491455
lead: 2
pred mean: 9.149871826171875
lead: 0
pred mean: 9.15619945526123
lead: 4
pred mean: 9.151248931884766
lead: 3
pred mean: 9.15608024597168
lead: 5
pred mean: 9.146906852722168
 75%|███████▌  | 1395/1855 [27:56<09:12,  1.20s/it]                                                   {'loss': 5.4989, 'learning_rate': 3.52020270353631e-05, 'epoch': 3.76}
 75%|███████▌  | 1395/1855 [27:56<09:12,  1.20s/it]lead: 5
pred mean: 9.135335922241211
lead: 4
pred mean: 9.133210182189941
lead: 3
pred mean: 9.140636444091797
lead: 1
pred mean: 9.120037078857422
lead: 2
pred mean: 9.156803131103516
lead: 2
pred mean: 9.131040573120117
lead: 0
pred mean: 9.135089874267578
lead: 1
pred mean: 9.133052825927734
 75%|███████▌  | 1396/1855 [27:58<09:10,  1.20s/it]lead: 3
pred mean: 9.177424430847168
lead: 3
pred mean: 9.164112091064453
lead: 0
pred mean: 9.157878875732422
lead: 3
lead: 4
pred mean: 9.161341667175293
pred mean: 9.166154861450195
lead: 2
pred mean: 9.176695823669434
lead: 0
pred mean: 9.159125328063965
lead: 1
pred mean: 9.1730375289917
 75%|███████▌  | 1397/1855 [27:59<09:09,  1.20s/it]lead: 0
pred mean: 9.184372901916504
lead: 4
pred mean: 9.179542541503906
lead: 1
lead: 4
pred mean: 9.192906379699707
pred mean: 9.179976463317871
lead: 5
pred mean: 9.174238204956055
lead: 1
pred mean: 9.192837715148926
lead: 1
pred mean: 9.194708824157715
lead: 0
pred mean: 9.195384979248047
 75%|███████▌  | 1398/1855 [28:00<09:06,  1.20s/it]lead: 3
pred mean: 9.179757118225098
lead: 5
pred mean: 9.167491912841797
lead: 5
pred mean: 9.177127838134766
lead: 4
pred mean: 9.178645133972168
lead: 0
pred mean: 9.172905921936035
lead: 1
pred mean: 9.165270805358887
lead: 0
pred mean: 9.16448974609375
lead: 2
pred mean: 9.175392150878906
 75%|███████▌  | 1399/1855 [28:01<09:04,  1.19s/it]lead: 5
pred mean: 9.170148849487305
lead: 0
pred mean: 9.14751148223877
lead: 5
pred mean: 9.16438102722168
lead: 2
pred mean: 9.165217399597168
lead: 3
pred mean: 9.147727012634277
lead: 3
pred mean: 9.166330337524414
lead: 3
pred mean: 9.170680046081543
lead: 3
pred mean: 9.175922393798828
 75%|███████▌  | 1400/1855 [28:02<09:02,  1.19s/it]                                                   {'loss': 5.4849, 'learning_rate': 3.448806566295621e-05, 'epoch': 3.77}
 75%|███████▌  | 1400/1855 [28:02<09:02,  1.19s/it]lead: 5
pred mean: 9.159590721130371
lead: 1
pred mean: 9.146445274353027
lead: 5
pred mean: 9.139303207397461
lead: 3
pred mean: 9.152353286743164
lead: 1
lead: 2
pred mean: 9.147406578063965
pred mean: 9.149589538574219
lead: 0
pred mean: 9.146204948425293
lead: 4
pred mean: 9.152101516723633
 76%|███████▌  | 1401/1855 [28:03<09:03,  1.20s/it]lead: 2
pred mean: 9.164312362670898
lead: 1
pred mean: 9.171520233154297
lead: 5
pred mean: 9.17086410522461
lead: 2
pred mean: 9.16157341003418
lead: 0
pred mean: 9.164765357971191
lead: 5
pred mean: 9.159303665161133
lead: 1
pred mean: 9.168747901916504
lead: 4
pred mean: 9.179581642150879
 76%|███████▌  | 1402/1855 [28:05<08:55,  1.18s/it]lead: 4
pred mean: 9.168856620788574
lead: 4
pred mean: 9.164632797241211
lead: 0
pred mean: 9.189227104187012
lead: 2
pred mean: 9.172142028808594
lead: 1
pred mean: 9.198945045471191
lead: 4
pred mean: 9.186427116394043
lead: 1
pred mean: 9.181384086608887
lead: 2
pred mean: 9.186237335205078
 76%|███████▌  | 1403/1855 [28:06<08:56,  1.19s/it]lead: 2
pred mean: 9.171074867248535
lead: 5
pred mean: 9.182579040527344
lead: 1
pred mean: 9.16934585571289
lead: 4
pred mean: 9.192065238952637
lead: 2
pred mean: 9.180368423461914
lead: 5
pred mean: 9.184239387512207
lead: 3
pred mean: 9.177013397216797
lead: 3
pred mean: 9.191287994384766
 76%|███████▌  | 1404/1855 [28:07<08:53,  1.18s/it]lead: 3
pred mean: 9.190075874328613
lead: 3
pred mean: 9.18619441986084
lead: lead:5 
0
pred mean: pred mean:9.18708610534668 
9.187935829162598
lead: 0
pred mean: 9.184454917907715
lead: 1
pred mean: 9.182602882385254
lead: 1
pred mean: 9.18868350982666
lead: 5
pred mean: 9.181755065917969
 76%|███████▌  | 1405/1855 [28:08<08:54,  1.19s/it]                                                   {'loss': 5.4699, 'learning_rate': 3.377990718000993e-05, 'epoch': 3.79}
 76%|███████▌  | 1405/1855 [28:08<08:54,  1.19s/it]lead: 2
lead: 1
pred mean: 9.17125415802002
pred mean: 9.17093276977539
lead: 0
pred mean: 9.160123825073242
lead: 1
pred mean: 9.176718711853027
lead: 3
pred mean: 9.176570892333984
lead: 0
pred mean: 9.177684783935547
lead: 3
pred mean: 9.171144485473633
lead: 1
pred mean: 9.168427467346191
 76%|███████▌  | 1406/1855 [28:09<08:51,  1.18s/it]lead: 0
pred mean: 9.169278144836426
lead:lead:  11

pred mean:pred mean:  9.1709394454956059.166424751281738

lead: 2
lead: 1
pred mean: 9.158815383911133
pred mean: 9.178690910339355
lead: 3
pred mean: 9.168405532836914
lead: 4
pred mean: 9.161473274230957
lead: 0
pred mean: 9.169416427612305
 76%|███████▌  | 1407/1855 [28:11<08:51,  1.19s/it]lead: 2
pred mean: 9.172893524169922
lead: 4
pred mean: 9.169462203979492
lead: 0
pred mean: 9.176207542419434
lead: 2
pred mean: 9.168304443359375
lead: 1
pred mean: 9.17236614227295
lead: 0
pred mean: 9.17779541015625
lead: 5
pred mean: 9.1762056350708
lead: 0
pred mean: 9.184992790222168
 76%|███████▌  | 1408/1855 [28:12<08:52,  1.19s/it]lead: 3
pred mean: 9.188254356384277
lead: 2
pred mean: 9.171860694885254
lead: 2
pred mean: 9.187566757202148
lead: 0
pred mean: 9.186396598815918
lead: 4
pred mean: 9.181499481201172
lead: 5
pred mean: 9.18828010559082
lead: 0
pred mean: 9.173128128051758
lead: 4
pred mean: 9.173816680908203
 76%|███████▌  | 1409/1855 [28:13<08:51,  1.19s/it]lead: 0
pred mean: 9.1929292678833
lead: 4
pred mean: 9.178093910217285
lead: 2
pred mean: 9.186427116394043
lead: 3
pred mean: 9.192652702331543
lead: 1
pred mean: 9.18989372253418
lead: 2
pred mean: 9.192339897155762
lead: 3
pred mean: 9.196789741516113
lead: 1
pred mean: 9.187149047851562
 76%|███████▌  | 1410/1855 [28:14<08:51,  1.19s/it]                                                   {'loss': 5.4563, 'learning_rate': 3.3077614313498185e-05, 'epoch': 3.8}
 76%|███████▌  | 1410/1855 [28:14<08:51,  1.19s/it]lead: 5
pred mean: 9.18979549407959
lead: 1
pred mean: 9.192116737365723
lead: 2
pred mean: 9.187583923339844
lead: 4
pred mean: 9.183116912841797
lead: 0
pred mean: 9.180834770202637
lead: 5
pred mean: 9.184059143066406
lead: 5
pred mean: 9.18872356414795
lead: 4
pred mean: 9.182485580444336
 76%|███████▌  | 1411/1855 [28:15<08:52,  1.20s/it]lead: 4
pred mean: 9.18436050415039
lead: 2
pred mean: 9.178973197937012
lead: 1
pred mean: 9.187707901000977
lead: 5
pred mean: 9.167631149291992
lead: 0
pred mean: 9.188776969909668
lead: 4
pred mean: 9.180245399475098
lead: 5
pred mean: 9.1790132522583
lead: 4
pred mean: 9.18407917022705
 76%|███████▌  | 1412/1855 [28:17<08:49,  1.19s/it]lead: 5
pred mean: 9.180832862854004
lead: 2
pred mean: 9.193888664245605
lead: 4
pred mean: 9.202363967895508
lead: 5
pred mean: 9.189709663391113
lead: 2
pred mean: 9.181222915649414
lead: 3
pred mean: 9.193469047546387
lead: 2
pred mean: 9.19172477722168
lead: 0
pred mean: 9.195781707763672
 76%|███████▌  | 1413/1855 [28:18<08:48,  1.20s/it]lead: 5
pred mean: 9.188955307006836
lead: 3
pred mean: 9.185142517089844
lead: 5
pred mean: 9.175951957702637
lead: 5
pred mean: 9.195816040039062
lead:lead:  32

pred mean:pred mean:  9.1908264160156259.20237922668457

lead: 3
pred mean: 9.186959266662598
lead: 4
pred mean: 9.188844680786133
 76%|███████▌  | 1414/1855 [28:19<08:45,  1.19s/it]lead: 0
pred mean: 9.187729835510254
lead: 5
pred mean: 9.190986633300781
lead: 2
pred mean: 9.188711166381836
lead: 2
pred mean: 9.193070411682129
lead: 5
pred mean: 9.190160751342773
lead: 4
pred mean: 9.187142372131348
lead: 4
pred mean: 9.191840171813965
lead: 3
pred mean: 9.175166130065918
 76%|███████▋  | 1415/1855 [28:20<08:45,  1.20s/it]                                                   {'loss': 5.4426, 'learning_rate': 3.23812492708327e-05, 'epoch': 3.81}
 76%|███████▋  | 1415/1855 [28:20<08:45,  1.20s/it]lead: 0
pred mean: 9.189443588256836
lead: 5
pred mean: 9.202481269836426
lead: 5
pred mean: 9.197908401489258
lead: 3
pred mean: 9.202210426330566
lead: 1
pred mean: 9.20419692993164
lead: 3
pred mean: 9.192788124084473
lead: 3
pred mean: 9.206250190734863
lead: 2
pred mean: 9.204399108886719
 76%|███████▋  | 1416/1855 [28:21<08:42,  1.19s/it]lead: 0
pred mean: 9.184992790222168
lead: 5
pred mean: 9.193028450012207
lead: 1
pred mean: 9.178757667541504
lead: 2
pred mean: 9.191572189331055
lead: 4
pred mean: 9.1993408203125
lead: 5
pred mean: 9.183307647705078
lead: 3
pred mean: 9.191827774047852
lead: 0
pred mean: 9.176856994628906
 76%|███████▋  | 1417/1855 [28:23<08:43,  1.19s/it]lead: 5
pred mean: 9.181139945983887
lead: 5
pred mean: 9.18798542022705
lead: 3
pred mean: 9.191154479980469
lead: 2
pred mean: 9.17371940612793
lead: 0
pred mean: 9.180778503417969
lead: 1
pred mean: 9.184351921081543
lead: 0
pred mean: 9.172249794006348
lead: 3
pred mean: 9.17362117767334
 76%|███████▋  | 1418/1855 [28:24<08:41,  1.19s/it]lead: 5
pred mean: 9.180672645568848
lead: 4
pred mean: 9.191522598266602
lead: 3
pred mean: 9.190258026123047
lead: 5
pred mean: 9.185563087463379
lead: 2
pred mean: 9.193887710571289
lead: 5
pred mean: 9.186436653137207
lead: 5
pred mean: 9.205589294433594
lead: 2
pred mean: 9.1915922164917
 76%|███████▋  | 1419/1855 [28:25<08:43,  1.20s/it]lead: 5
pred mean: 9.197443962097168
lead: 1
pred mean: 9.189722061157227
lead: 5
pred mean: 9.196861267089844
lead: 1
pred mean: 9.191984176635742
lead: 2
pred mean: 9.198516845703125
lead: 2
pred mean: 9.205676078796387
lead: 2
pred mean: 9.20191764831543
lead: 4
pred mean: 9.205683708190918
 77%|███████▋  | 1420/1855 [28:26<08:42,  1.20s/it]                                                   {'loss': 5.4288, 'learning_rate': 3.169087373435286e-05, 'epoch': 3.83}
 77%|███████▋  | 1420/1855 [28:26<08:42,  1.20s/it]lead: 5
pred mean: 9.201905250549316
lead: 3
pred mean: 9.210088729858398
lead: 5
pred mean: 9.208752632141113
lead: 5
pred mean: 9.216527938842773
lead: 0
pred mean: 9.218096733093262
lead: 4
pred mean: 9.213101387023926
lead: 2
pred mean: 9.213850021362305
lead: 5
pred mean: 9.206332206726074
 77%|███████▋  | 1421/1855 [28:27<08:42,  1.20s/it]lead: 4
pred mean: 9.210366249084473
lead: 3
pred mean: 9.19724178314209
lead: 5
pred mean: 9.199969291687012
lead: 0
pred mean: 9.21288776397705
lead: 5
pred mean: 9.187326431274414
lead: 2
pred mean: 9.196742057800293
lead: 5
pred mean: 9.199312210083008
lead: 2
pred mean: 9.192696571350098
 77%|███████▋  | 1422/1855 [28:29<08:41,  1.20s/it]lead: 4
pred mean: 9.193205833435059
lead: 0
pred mean: 9.174399375915527
lead: 3
pred mean: 9.195598602294922
lead: 2
pred mean: 9.202215194702148
lead: 0
pred mean: 9.197261810302734
lead: 5
pred mean: 9.191579818725586
lead: 5
pred mean: 9.189943313598633
lead: 0
pred mean: 9.194552421569824
 77%|███████▋  | 1423/1855 [28:30<08:39,  1.20s/it]lead: 2
pred mean: 9.190814018249512
lead: 5
pred mean: 9.207274436950684
lead: 4
pred mean: 9.194199562072754
lead: 5
pred mean: 9.216241836547852
lead: 4
pred mean: 9.191739082336426
lead: 2
pred mean: 9.194287300109863
lead: 5
pred mean: 9.183298110961914
lead: 2
pred mean: 9.201767921447754
 77%|███████▋  | 1424/1855 [28:31<08:38,  1.20s/it]lead: 3
pred mean: 9.20959186553955
lead: 4
pred mean: 9.213876724243164
lead: 5
pred mean: 9.210470199584961
lead: 2
pred mean: 9.226150512695312
lead: 2
pred mean: 9.21612548828125
lead: 0
pred mean: 9.216453552246094
lead: 0
pred mean: 9.215907096862793
lead: 1
pred mean: 9.223273277282715
 77%|███████▋  | 1425/1855 [28:32<08:34,  1.20s/it]                                                   {'loss': 5.4168, 'learning_rate': 3.100654885586199e-05, 'epoch': 3.84}
 77%|███████▋  | 1425/1855 [28:32<08:34,  1.20s/it]lead: 1
pred mean: 9.234734535217285
lead: 5
pred mean: 9.231672286987305
lead: 5
pred mean: 9.20915699005127
lead: 0
pred mean: 9.226061820983887
lead: 4
pred mean: 9.209660530090332
lead: 3
pred mean: 9.227721214294434
lead: 1
pred mean: 9.206380844116211
lead: 5
pred mean: 9.22290325164795
 77%|███████▋  | 1426/1855 [28:33<08:34,  1.20s/it]lead: 0
pred mean: 9.2129487991333
lead: 0
pred mean: 9.213111877441406
lead: 3
pred mean: 9.193374633789062
lead: 2
pred mean: 9.208364486694336
lead: 1
pred mean: 9.215818405151367
lead: 2
pred mean: 9.19864559173584
lead: 4
pred mean: 9.198530197143555
lead: 2
pred mean: 9.194938659667969
 77%|███████▋  | 1427/1855 [28:35<08:31,  1.20s/it]lead: 5
pred mean: 9.2063570022583
lead: 2
pred mean: 9.217427253723145
lead:lead:  22

lead: 2
pred mean:pred mean:  9.2107982635498059.202123641967773

pred mean: 9.191741943359375
lead: 0
pred mean: 9.21208667755127
lead: 4
pred mean: 9.192255020141602
lead: 1
pred mean: 9.191980361938477
 77%|███████▋  | 1428/1855 [28:36<08:31,  1.20s/it]lead: 5
pred mean: 9.198540687561035
lead: 0
pred mean: 9.190522193908691
lead: 1
pred mean: 9.205093383789062
lead: 3
pred mean: 9.195302963256836
lead: 1
pred mean: 9.21611499786377
lead: 3
pred mean: 9.211138725280762
lead: 2
pred mean: 9.21894645690918
lead: 4
pred mean: 9.196919441223145
 77%|███████▋  | 1429/1855 [28:37<08:29,  1.20s/it]lead: 0
pred mean: 9.228373527526855
lead: 3
pred mean: 9.209460258483887
lead: 0
pred mean: 9.224937438964844
lead: 5lead:
 2
pred mean: pred mean:9.232284545898438 
9.222752571105957
lead: 5
pred mean: 9.226984977722168
lead: 3
pred mean: 9.231964111328125
lead: 2
pred mean: 9.213497161865234
 77%|███████▋  | 1430/1855 [28:38<08:27,  1.19s/it]                                                   {'loss': 5.404, 'learning_rate': 3.0328335251210726e-05, 'epoch': 3.85}
 77%|███████▋  | 1430/1855 [28:38<08:27,  1.19s/it]lead: 1
pred mean: 9.212136268615723
lead: 1
pred mean: 9.219331741333008
lead: 1
pred mean: 9.216841697692871
lead: 5
pred mean: 9.22273063659668
lead: 3
pred mean: 9.209921836853027
lead: 1
pred mean: 9.239617347717285
lead: 0
pred mean: 9.229979515075684
lead: 4
pred mean: 9.217419624328613
 77%|███████▋  | 1431/1855 [28:39<08:27,  1.20s/it]lead: 4
pred mean: 9.198686599731445
lead: 5
pred mean: 9.19873332977295
lead: 5
pred mean: 9.206991195678711
lead: 3
pred mean: 9.217519760131836
lead: 2
pred mean: 9.213176727294922
lead: 3
pred mean: 9.22184944152832
lead: 4
pred mean: 9.221383094787598
lead: 4
pred mean: 9.206764221191406
 77%|███████▋  | 1432/1855 [28:41<08:25,  1.20s/it]lead: 1
pred mean: 9.219892501831055
lead: 0
lead: 4
pred mean: 9.219524383544922
pred mean: 9.212055206298828
lead: 3
pred mean: 9.213963508605957
lead: 4
pred mean: 9.228151321411133
lead: 1
pred mean: 9.227863311767578
lead: 1
pred mean: 9.210310935974121
lead: 0
pred mean: 9.219972610473633
 77%|███████▋  | 1433/1855 [28:42<08:24,  1.20s/it]lead: 3
pred mean: 9.227469444274902
lead: 3
pred mean: 9.215299606323242
lead: 0
pred mean: 9.205952644348145
lead: 4
pred mean: 9.21907901763916
lead: 2
pred mean: 9.202507972717285
lead: 5
pred mean: 9.208106994628906
lead: 1
pred mean: 9.22447395324707
lead: 5
pred mean: 9.199552536010742
 77%|███████▋  | 1434/1855 [28:43<08:23,  1.20s/it]lead: 2
pred mean: 9.21497917175293
lead: 3
pred mean: 9.237545013427734
lead: 3
pred mean: 9.224953651428223
lead: 3
pred mean: 9.225525856018066
lead: 0
pred mean: 9.22248649597168
lead: 2
pred mean: 9.220541000366211
lead: 4
pred mean: 9.200261116027832
lead: 2
pred mean: 9.22951602935791
 77%|███████▋  | 1435/1855 [28:44<08:20,  1.19s/it]                                                   {'loss': 5.3911, 'learning_rate': 2.9656292994927716e-05, 'epoch': 3.87}
 77%|███████▋  | 1435/1855 [28:44<08:20,  1.19s/it]lead: 3
pred mean: 9.222987174987793
lead: 4
pred mean: 9.204813957214355
lead: 3
pred mean: 9.209819793701172
lead: 1
pred mean: 9.214804649353027
lead: 0
pred mean: 9.218829154968262
lead: 4
pred mean: 9.21772289276123
lead: 2
pred mean: 9.216151237487793
lead: 0
pred mean: 9.220836639404297
 77%|███████▋  | 1436/1855 [28:45<08:21,  1.20s/it]lead: 5
pred mean: 9.21938419342041
lead: 4
pred mean: 9.222439765930176
lead: 5
pred mean: 9.21372127532959
lead: 5
pred mean: 9.201726913452148
lead: 4
pred mean: 9.219456672668457
lead: 0
pred mean: 9.221654891967773
lead: 1
pred mean: 9.22197437286377
lead: 4
pred mean: 9.230804443359375
 77%|███████▋  | 1437/1855 [28:47<08:20,  1.20s/it]lead: 0
pred mean: 9.209709167480469
lead: 2
pred mean: 9.230480194091797
lead: 3
pred mean: 9.209531784057617
lead: 3
pred mean: 9.216639518737793
lead: 4
pred mean: 9.223237991333008
lead: 1
pred mean: 9.216797828674316
lead: 2
pred mean: 9.208840370178223
lead: 1
pred mean: 9.211307525634766
 78%|███████▊  | 1438/1855 [28:48<08:18,  1.20s/it]lead: 0
pred mean: 9.251429557800293
lead: 2
pred mean: 9.23378849029541
lead: 0
lead: 0
pred mean: 9.242446899414062
pred mean: 9.2417631149292
lead: 1
pred mean: 9.223670959472656
lead: 1
pred mean: 9.2335786819458
lead: 3
pred mean: 9.227374076843262
lead: 4
pred mean: 9.225103378295898
 78%|███████▊  | 1439/1855 [28:49<08:14,  1.19s/it]lead: 0
pred mean: 9.229897499084473
lead: 5
pred mean: 9.222389221191406
lead: 1
pred mean: 9.2398042678833
lead: 0
pred mean: 9.240555763244629
lead: 3
pred mean: 9.236745834350586
lead: 0
pred mean: 9.228710174560547
lead: 3
pred mean: 9.232579231262207
lead: 4
pred mean: 9.23337459564209
 78%|███████▊  | 1440/1855 [28:50<08:15,  1.19s/it]                                                   {'loss': 5.3794, 'learning_rate': 2.899048161489849e-05, 'epoch': 3.88}
 78%|███████▊  | 1440/1855 [28:50<08:15,  1.19s/it]lead: 5
pred mean: 9.236404418945312
lead: 5
pred mean: 9.222152709960938
lead: 3
pred mean: 9.218538284301758
lead: 5
pred mean: 9.22045612335205
lead: 2
pred mean: 9.230189323425293
lead: 2
pred mean: 9.227582931518555
lead: 3
pred mean: 9.215710639953613
lead: 3
pred mean: 9.227718353271484
 78%|███████▊  | 1441/1855 [28:51<08:12,  1.19s/it]lead: 1
pred mean: 9.208784103393555
lead: 2
pred mean: 9.223516464233398
lead: 3
pred mean: 9.211090087890625
lead: 1
pred mean: 9.207554817199707
lead: 4
pred mean: 9.201848983764648
lead: 1
pred mean: 9.205327987670898
lead: 2
pred mean: 9.235830307006836
lead: 0
pred mean: 9.20792293548584
 78%|███████▊  | 1442/1855 [28:52<08:11,  1.19s/it]lead: 5
pred mean: 9.249655723571777
lead: 5
pred mean: 9.22744369506836
lead: 4
pred mean: 9.235735893249512
lead: 4
pred mean: 9.2362699508667
lead: 2
pred mean: 9.244359016418457
lead: 5
pred mean: 9.227540969848633
lead: 5
pred mean: 9.235363960266113
lead: 4
pred mean: 9.245152473449707
 78%|███████▊  | 1443/1855 [28:54<08:09,  1.19s/it]lead: 3
pred mean: 9.22823715209961
lead: 5
pred mean: 9.216967582702637
lead: 0
pred mean: 9.209007263183594
lead: 3
pred mean: 9.231497764587402
lead: 0
pred mean: 9.222343444824219
lead: 5
pred mean: 9.22359561920166
lead: 3
pred mean: 9.2255277633667
lead: 2
pred mean: 9.235926628112793
 78%|███████▊  | 1444/1855 [28:55<08:07,  1.19s/it]lead: 2
pred mean: 9.229464530944824
lead: 2
pred mean: 9.224846839904785
lead: 4
lead:pred mean:  19.217970848083496

pred mean: 9.21929931640625
lead: 0
pred mean: 9.226741790771484
lead: 5
pred mean: 9.224822998046875
lead: 2
pred mean: 9.227020263671875
lead: 5
pred mean: 9.229422569274902
 78%|███████▊  | 1445/1855 [28:56<08:01,  1.17s/it]                                                   {'loss': 5.3668, 'learning_rate': 2.8330960087092508e-05, 'epoch': 3.89}
 78%|███████▊  | 1445/1855 [28:56<08:01,  1.17s/it]lead: 4
pred mean: 9.228537559509277
lead: 5
pred mean: 9.223709106445312
lead: 3
pred mean: 9.23491382598877
lead: 2
pred mean: 9.22177791595459
lead: 2
pred mean: 9.227116584777832
lead: 0
pred mean: 9.24161434173584
lead: 4
pred mean: 9.224177360534668
lead: 3
pred mean: 9.227294921875
 78%|███████▊  | 1446/1855 [28:57<08:04,  1.18s/it]lead: 1
pred mean: 9.246173858642578
lead: 4
pred mean: 9.234098434448242
lead: 5
pred mean: 9.2272310256958
lead: 4
pred mean: 9.241839408874512
lead: 2
pred mean: 9.240423202514648
lead: 4
pred mean: 9.232842445373535
lead: 2
pred mean: 9.238228797912598
lead: 1
pred mean: 9.24439811706543
 78%|███████▊  | 1447/1855 [28:58<08:04,  1.19s/it]lead: 1
pred mean: 9.241525650024414
lead: 2
pred mean: 9.24018669128418
lead: 3
pred mean: 9.243918418884277
lead: 2
pred mean: 9.260750770568848
lead: 5
pred mean: 9.244548797607422
lead: 1
pred mean: 9.252594947814941
lead: 4
pred mean: 9.240439414978027
lead: 3
pred mean: 9.252711296081543
 78%|███████▊  | 1448/1855 [29:00<08:03,  1.19s/it]lead: 4
pred mean: 9.23076057434082
lead: 2
pred mean: 9.223498344421387
lead: 3
pred mean: 9.24219036102295
lead: 0
pred mean: 9.236834526062012
lead: 4
pred mean: 9.23753547668457
lead: 5
pred mean: 9.224259376525879
lead: 4
pred mean: 9.241320610046387
lead: 4
pred mean: 9.22668170928955
 78%|███████▊  | 1449/1855 [29:01<08:00,  1.18s/it]lead: 1
pred mean: 9.222200393676758
lead: 1
pred mean: 9.219470024108887
lead:lead:  43

pred mean: pred mean:9.22387981414795 
9.227815628051758
lead: 3
pred mean: 9.22000503540039
lead: 5
pred mean: 9.225878715515137
lead: 1
pred mean: 9.2294921875
lead: 4
pred mean: 9.224266052246094
 78%|███████▊  | 1450/1855 [29:02<08:04,  1.20s/it]                                                   {'loss': 5.3549, 'learning_rate': 2.767778683033927e-05, 'epoch': 3.91}
 78%|███████▊  | 1450/1855 [29:02<08:04,  1.20s/it]lead: 1
pred mean: 9.247057914733887
lead: 3
pred mean: 9.250069618225098
lead: 3
pred mean: 9.231171607971191
lead: 1
pred mean: 9.250666618347168
lead: 1
pred mean: 9.235068321228027
lead: 0
pred mean: 9.237786293029785
lead: 3
pred mean: 9.235048294067383
lead: 4
pred mean: 9.235540390014648
 78%|███████▊  | 1451/1855 [29:03<08:03,  1.20s/it]lead: 1
pred mean: 9.2555570602417
lead: 3
pred mean: 9.239328384399414
lead: lead:1 
2
pred mean:pred mean:  9.2427797317504889.241499900817871

lead: 0
pred mean: 9.252842903137207
lead: 4
pred mean: 9.2540922164917
lead: 4
pred mean: 9.247125625610352
lead: 0
pred mean: 9.255817413330078
 78%|███████▊  | 1452/1855 [29:04<08:05,  1.21s/it]lead: 1
pred mean: 9.254485130310059
lead: 3
pred mean: 9.257186889648438
lead: 1
pred mean: 9.229443550109863
lead: 4
pred mean: 9.233200073242188
lead: 0
pred mean: 9.236494064331055
lead: 4
pred mean: 9.242759704589844
lead: 3
pred mean: 9.248984336853027
lead: 5
pred mean: 9.241198539733887
 78%|███████▊  | 1453/1855 [29:06<08:04,  1.20s/it]lead: 5
pred mean: 9.232414245605469
lead: 3
pred mean: 9.234851837158203
lead: 4
pred mean: 9.235014915466309
lead: 3
pred mean: 9.238983154296875
lead: 0
pred mean: 9.23000717163086
lead: 5
pred mean: 9.235273361206055
lead: 0
pred mean: 9.234402656555176
lead: 4
pred mean: 9.254703521728516
 78%|███████▊  | 1454/1855 [29:07<08:01,  1.20s/it]lead: 1
pred mean: 9.23958683013916
lead: 5
pred mean: 9.245174407958984
lead: 1
pred mean: 9.241791725158691
lead: 4
pred mean: 9.232375144958496
lead: 2
pred mean: 9.248202323913574
lead: 0
pred mean: 9.247854232788086
lead: 5
pred mean: 9.238151550292969
lead: 2
pred mean: 9.251226425170898
 78%|███████▊  | 1455/1855 [29:08<07:58,  1.20s/it]                                                   {'loss': 5.3433, 'learning_rate': 2.7031019701153736e-05, 'epoch': 3.92}
 78%|███████▊  | 1455/1855 [29:08<07:58,  1.20s/it]lead: 1
pred mean: 9.240998268127441
lead: 4
pred mean: 9.233455657958984
lead: 1
pred mean: 9.234466552734375
lead: 1
pred mean: 9.248497009277344
lead: 0
pred mean: 9.255193710327148
lead: 2
pred mean: 9.253304481506348
lead: 1
pred mean: 9.258047103881836
lead: 5
pred mean: 9.24808406829834
 78%|███████▊  | 1456/1855 [29:09<07:57,  1.20s/it]lead: 3
pred mean: 9.245847702026367
lead: 0
pred mean: 9.255476951599121
lead: 4
lead: 0
pred mean: 9.260281562805176
pred mean: 9.260204315185547
lead: 3
pred mean: 9.250151634216309
lead: 3
pred mean: 9.250189781188965
lead: 0
pred mean: 9.258049964904785
lead: 2
pred mean: 9.249382019042969
 79%|███████▊  | 1457/1855 [29:10<07:55,  1.19s/it]lead: 2
lead: 0
pred mean: 9.24934196472168
pred mean: lead:9.257539749145508 
5
pred mean: 9.250205993652344
lead: 2
pred mean: 9.25675106048584
lead: 3
pred mean: 9.255253791809082
lead: 2
pred mean: 9.266758918762207
lead: 4
lead: 1
pred mean: 9.238539695739746
pred mean: 9.253633499145508
 79%|███████▊  | 1458/1855 [29:12<07:54,  1.20s/it]lead: 3
pred mean: 9.234844207763672
lead: 0
pred mean: 9.247335433959961
lead: 1
pred mean: 9.251667022705078
lead: 2
pred mean: 9.252557754516602
lead: 2
pred mean: 9.252543449401855
lead: 3
pred mean: 9.26517391204834
lead: 5
pred mean: 9.256556510925293
lead: 4
pred mean: 9.245441436767578
 79%|███████▊  | 1459/1855 [29:13<07:53,  1.20s/it]lead: 4
pred mean: 9.239408493041992
lead: 1
pred mean: 9.2507963180542
lead: 0
pred mean: 9.243515014648438
lead: 0
pred mean: 9.245698928833008
lead: 0
pred mean: 9.224540710449219
lead: 2
pred mean: 9.246826171875
lead: 5
pred mean: 9.233619689941406
lead: 0
pred mean: 9.24298095703125
 79%|███████▊  | 1460/1855 [29:14<07:51,  1.19s/it]                                                   {'loss': 5.3329, 'learning_rate': 2.639071598861148e-05, 'epoch': 3.94}
 79%|███████▊  | 1460/1855 [29:14<07:51,  1.19s/it]lead: 1
pred mean: 9.241680145263672
lead: 1
pred mean: 9.251890182495117
lead:lead:  32

pred mean:pred mean:  9.2403163909912119.241644859313965

lead: 0
pred mean: lead:9.244738578796387 
0
pred mean: 9.233147621154785
lead: 2
pred mean: 9.249066352844238
lead: 1
pred mean: 9.241233825683594
 79%|███████▉  | 1461/1855 [29:15<07:50,  1.19s/it]lead: 1
pred mean: 9.269051551818848
lead: 3
pred mean: 9.242152214050293
lead: 3
pred mean: 9.24997615814209
lead: 0
pred mean: 9.264887809753418
lead: 5
pred mean: 9.268264770507812
lead: 4
pred mean: 9.247088432312012
lead: 1
pred mean: 9.261420249938965
lead: 1
pred mean: 9.262151718139648
 79%|███████▉  | 1462/1855 [29:16<07:48,  1.19s/it]lead: 0
pred mean: 9.25994873046875
lead: 0
pred mean: 9.253662109375
lead: 1
pred mean: 9.26579761505127
lead: 2
pred mean: 9.271697998046875
lead: 3
pred mean: 9.255409240722656
lead: 5
pred mean: 9.258955001831055
lead: 3
pred mean: 9.260910987854004
lead: 1
pred mean: 9.255683898925781
 79%|███████▉  | 1463/1855 [29:18<07:48,  1.19s/it]lead: 0
pred mean: 9.254953384399414
lead: 5
pred mean: 9.263203620910645
lead: 4
pred mean: 9.244842529296875
lead: 5
pred mean: 9.246818542480469
lead: 0
pred mean: 9.24328327178955
lead: 5
lead: 2
pred mean: 9.239771842956543
pred mean: 9.252165794372559
lead: 1
pred mean: 9.2570161819458
 79%|███████▉  | 1464/1855 [29:19<07:47,  1.19s/it]lead: 3
pred mean: 9.273594856262207
lead: 4
pred mean: 9.247997283935547
lead: 0
pred mean: 9.253950119018555
lead: 0
pred mean: 9.27135944366455
lead: 5
pred mean: 9.273324966430664
lead: 2
pred mean: 9.272367477416992
lead: 1
pred mean: 9.259819984436035
lead: 1
pred mean: 9.25304889678955
 79%|███████▉  | 1465/1855 [29:20<07:44,  1.19s/it]                                                   {'loss': 5.3212, 'learning_rate': 2.5756932409274172e-05, 'epoch': 3.95}
 79%|███████▉  | 1465/1855 [29:20<07:44,  1.19s/it]lead: 4
pred mean: 9.263361930847168
lead: 3
pred mean: 9.256054878234863
lead: 1
pred mean: 9.2506103515625
lead: 4
pred mean: 9.262181282043457
lead: 2
pred mean: 9.2444486618042
lead: 2
pred mean: 9.253958702087402
lead: 1
pred mean: 9.245901107788086
lead: 3
pred mean: 9.242093086242676
 79%|███████▉  | 1466/1855 [29:21<07:39,  1.18s/it]lead: 1
pred mean: 9.245487213134766
lead: 2
pred mean: 9.245482444763184
lead: 4
pred mean: 9.267539978027344
lead: 1
pred mean: 9.251359939575195
lead: 5
pred mean: 9.263350486755371
lead: 3
pred mean: 9.272871017456055
lead: 2
pred mean: 9.273916244506836
lead: 5
pred mean: 9.251884460449219
 79%|███████▉  | 1467/1855 [29:22<07:39,  1.18s/it]lead: 2
pred mean: 9.253999710083008
lead: 0
pred mean: 9.260838508605957
lead: 1
pred mean: 9.242192268371582
lead: 3
pred mean: 9.248820304870605
lead: 4
pred mean: 9.240035057067871
lead: 2
pred mean: 9.251843452453613
lead: 0
pred mean: 9.252511978149414
lead: 1
pred mean: 9.25225830078125
 79%|███████▉  | 1468/1855 [29:23<07:37,  1.18s/it]lead: 0
pred mean: 9.2628755569458
lead: 3
lead: 0
pred mean: 9.256845474243164
pred mean: 9.27191162109375
lead: 0
pred mean: 9.247249603271484
lead: 0
pred mean: 9.24885082244873
lead: 2
pred mean: 9.255037307739258
lead: 3
pred mean: 9.257949829101562
lead: 0
pred mean: 9.26312255859375
 79%|███████▉  | 1469/1855 [29:25<07:35,  1.18s/it]lead: 5
pred mean: 9.269742965698242
lead: 4
pred mean: 9.270188331604004
lead: 4
pred mean: 9.272395133972168
lead: 1
pred mean: 9.264671325683594
lead: 4
pred mean: 9.266839027404785
lead: 3
pred mean: 9.272583961486816
lead: 2
pred mean: 9.273285865783691
lead: 0
pred mean: 9.262472152709961
 79%|███████▉  | 1470/1855 [29:26<07:44,  1.21s/it]                                                   {'loss': 5.3116, 'learning_rate': 2.5129725102165803e-05, 'epoch': 3.96}
 79%|███████▉  | 1470/1855 [29:26<07:44,  1.21s/it]lead: 0
pred mean: 9.26612377166748
lead: 1
pred mean: 9.256617546081543
lead: 0
pred mean: 9.263015747070312
lead: 1
pred mean: 9.257668495178223
lead: 1
pred mean: 9.282212257385254
lead: 3
pred mean: 9.262489318847656
lead: 5
pred mean: 9.267130851745605
lead: 1
pred mean: 9.255816459655762
 79%|███████▉  | 1471/1855 [29:27<07:39,  1.20s/it]lead: 4
pred mean: 9.244461059570312
lead: 1
pred mean: 9.268535614013672
lead: 2
pred mean: 9.271267890930176
lead: 2
pred mean: 9.269575119018555
lead: 3
pred mean: lead:9.263588905334473 
2
pred mean: 9.263676643371582
lead: 0
pred mean: 9.263057708740234
lead: 3
pred mean: 9.26855754852295
 79%|███████▉  | 1472/1855 [29:28<07:36,  1.19s/it]lead: 5
pred mean: 9.249232292175293
lead: 4
pred mean: 9.267680168151855
lead: 5
pred mean: 9.244380950927734
lead: 2
lead: 1
pred mean: lead:9.255270957946777 
0
pred mean: 9.262619018554688
pred mean: 9.263601303100586
lead: 0
pred mean: 9.2664155960083
lead: 5
pred mean: 9.265122413635254
 79%|███████▉  | 1473/1855 [29:29<07:33,  1.19s/it]lead: 2
pred mean: 9.276535987854004
lead: 2
pred mean: 9.254915237426758
lead: 2
pred mean: 9.267987251281738
lead: 4
pred mean: 9.258868217468262
lead: 4
pred mean: 9.267664909362793
lead: 2
pred mean: 9.259248733520508
lead: 1
pred mean: 9.257338523864746
lead: 5
pred mean: 9.251445770263672
 79%|███████▉  | 1474/1855 [29:31<07:31,  1.19s/it]lead: 0
pred mean: 9.272919654846191
lead: 0
pred mean: 9.287433624267578
lead: 2
pred mean: 9.27536392211914
lead: 2
lead: 5
pred mean: 9.267833709716797
pred mean:lead:  19.287343978881836

pred mean: 9.279040336608887
lead: 5
pred mean: 9.278926849365234
lead: 4
pred mean: 9.276585578918457
 80%|███████▉  | 1475/1855 [29:32<07:26,  1.18s/it]                                                   {'loss': 5.3013, 'learning_rate': 2.45091496238e-05, 'epoch': 3.98}
 80%|███████▉  | 1475/1855 [29:32<07:26,  1.18s/it]lead: 2
pred mean: 9.275368690490723
lead: 4
pred mean: 9.274846076965332
lead: 2
pred mean: 9.258512496948242
lead: 0
pred mean: 9.269983291625977
lead: 1
pred mean: 9.274977684020996
lead: 0
pred mean: 9.279791831970215
lead: 5
pred mean: 9.274080276489258
lead: 5
pred mean: 9.2694673538208
 80%|███████▉  | 1476/1855 [29:33<07:25,  1.18s/it]lead: 0
pred mean: 9.259835243225098
lead: 5
pred mean: 9.272441864013672
lead: 1
pred mean: 9.250389099121094
lead: 2
pred mean: 9.254959106445312
lead: 0
pred mean: 9.244305610656738
lead: 2
pred mean: 9.266265869140625
lead: 0
lead: 1
pred mean: 9.246880531311035
pred mean: 9.258293151855469
 80%|███████▉  | 1477/1855 [29:34<07:23,  1.17s/it]lead: 0
pred mean: 9.256241798400879
lead: 5
pred mean: 9.271740913391113
lead: 4
pred mean: 9.256341934204102
lead: 0
pred mean: 9.256734848022461
lead: 5
pred mean: 9.245532989501953
lead: 0
pred mean: 9.257319450378418
lead: 3
pred mean: 9.248695373535156
lead: 1
pred mean: 9.247350692749023
 80%|███████▉  | 1478/1855 [29:35<07:23,  1.18s/it]lead: 3
pred mean: 9.275390625
lead: 4
pred mean: 9.265178680419922
lead: 1
pred mean: 9.246993064880371
lead: 5
pred mean: 9.260237693786621
lead: 4
pred mean: 9.266200065612793
lead: 2
pred mean: 9.268119812011719
lead: 3
pred mean: 9.258872985839844
lead: 0
pred mean: 9.24542236328125
 80%|███████▉  | 1479/1855 [29:36<07:21,  1.17s/it]lead: 3
pred mean: 9.284651756286621
lead: 0
pred mean:lead:  9.290378570556640

pred mean: 9.27454948425293
lead: 0
pred mean: 9.28270149230957
lead: 2
pred mean: 9.27620792388916
lead: 5
pred mean: 9.277575492858887
lead: 0
pred mean: 9.268332481384277
lead: 3
pred mean: 9.266897201538086
 80%|███████▉  | 1480/1855 [29:38<07:23,  1.18s/it]                                                   {'loss': 5.2905, 'learning_rate': 2.3895260943258935e-05, 'epoch': 3.99}
 80%|███████▉  | 1480/1855 [29:38<07:23,  1.18s/it]lead: 4
pred mean: 9.279010772705078
lead: 4
pred mean: 9.276864051818848
lead: 0
pred mean: 9.27975845336914
lead: 4
pred mean: 9.273222923278809
lead: 0
pred mean: 9.28968620300293
lead:lead:  12

pred mean:pred mean:  9.2758569717407239.277070999145508

lead: 5
pred mean: 9.264327049255371
 80%|███████▉  | 1481/1855 [29:39<07:29,  1.20s/it]lead: 5
pred mean: 9.273582458496094
lead: 3
pred mean: 9.266886711120605
lead: 0
pred mean: 9.274271011352539
lead: 4
pred mean: 9.286998748779297
lead: 0
pred mean: 9.274240493774414
lead: 1
pred mean: 9.275381088256836
lead: 4
pred mean: 9.282304763793945
lead: 3
pred mean: 9.2779541015625
 80%|███████▉  | 1482/1855 [29:40<07:28,  1.20s/it]lead: 3
pred mean: 9.262035369873047
lead: 2
pred mean: 9.274555206298828
lead: 2
pred mean: 9.27247428894043
lead: 2
pred mean: 9.262558937072754
lead: 2
pred mean: 9.256003379821777
lead: 2
pred mean: 9.251233100891113
lead: 3
pred mean: 9.273176193237305
lead: 5
pred mean: 9.269308090209961
 80%|███████▉  | 1483/1855 [29:41<07:24,  1.20s/it]lead: 5
lead: 3
pred mean: 9.270841598510742
pred mean: 9.26996898651123
lead: 4
pred mean: 9.26866626739502
lead: 2
pred mean: 9.277169227600098
lead: 2
pred mean: 9.248250961303711
lead: 5
pred mean: 9.25682258605957
lead: 5
pred mean: 9.273932456970215
lead: 2
pred mean: 9.265900611877441
 80%|████████  | 1484/1855 [29:42<07:16,  1.18s/it]/workspace/lutianyou/program/long-ENSO/trainer/utils.py:166: UserWarning: TypedStorage is deprecated. It will be removed in the future and UntypedStorage will be the only storage class. This should only matter to you if you are using storages directly.  To access UntypedStorage directly, use tensor.untyped_storage() instead of tensor.storage()
  storage = elem.storage()._new_shared(numel, device=elem.device)
/workspace/lutianyou/program/long-ENSO/trainer/utils.py:166: UserWarning: TypedStorage is deprecated. It will be removed in the future and UntypedStorage will be the only storage class. This should only matter to you if you are using storages directly.  To access UntypedStorage directly, use tensor.untyped_storage() instead of tensor.storage()
  storage = elem.storage()._new_shared(numel, device=elem.device)
/workspace/lutianyou/program/long-ENSO/trainer/utils.py:166: UserWarning: TypedStorage is deprecated. It will be removed in the future and UntypedStorage will be the only storage class. This should only matter to you if you are using storages directly.  To access UntypedStorage directly, use tensor.untyped_storage() instead of tensor.storage()
  storage = elem.storage()._new_shared(numel, device=elem.device)
/workspace/lutianyou/program/long-ENSO/trainer/utils.py:166: UserWarning: TypedStorage is deprecated. It will be removed in the future and UntypedStorage will be the only storage class. This should only matter to you if you are using storages directly.  To access UntypedStorage directly, use tensor.untyped_storage() instead of tensor.storage()
  storage = elem.storage()._new_shared(numel, device=elem.device)
/workspace/lutianyou/program/long-ENSO/trainer/utils.py:166: UserWarning: TypedStorage is deprecated. It will be removed in the future and UntypedStorage will be the only storage class. This should only matter to you if you are using storages directly.  To access UntypedStorage directly, use tensor.untyped_storage() instead of tensor.storage()
  storage = elem.storage()._new_shared(numel, device=elem.device)
/workspace/lutianyou/program/long-ENSO/trainer/utils.py:166: UserWarning: TypedStorage is deprecated. It will be removed in the future and UntypedStorage will be the only storage class. This should only matter to you if you are using storages directly.  To access UntypedStorage directly, use tensor.untyped_storage() instead of tensor.storage()
  storage = elem.storage()._new_shared(numel, device=elem.device)
/workspace/lutianyou/program/long-ENSO/trainer/utils.py:166: UserWarning: TypedStorage is deprecated. It will be removed in the future and UntypedStorage will be the only storage class. This should only matter to you if you are using storages directly.  To access UntypedStorage directly, use tensor.untyped_storage() instead of tensor.storage()
  storage = elem.storage()._new_shared(numel, device=elem.device)
/workspace/lutianyou/program/long-ENSO/trainer/utils.py:166: UserWarning: TypedStorage is deprecated. It will be removed in the future and UntypedStorage will be the only storage class. This should only matter to you if you are using storages directly.  To access UntypedStorage directly, use tensor.untyped_storage() instead of tensor.storage()
  storage = elem.storage()._new_shared(numel, device=elem.device)
/workspace/lutianyou/program/long-ENSO/trainer/utils.py:166: UserWarning: TypedStorage is deprecated. It will be removed in the future and UntypedStorage will be the only storage class. This should only matter to you if you are using storages directly.  To access UntypedStorage directly, use tensor.untyped_storage() instead of tensor.storage()
  storage = elem.storage()._new_shared(numel, device=elem.device)
/workspace/lutianyou/program/long-ENSO/trainer/utils.py:166: UserWarning: TypedStorage is deprecated. It will be removed in the future and UntypedStorage will be the only storage class. This should only matter to you if you are using storages directly.  To access UntypedStorage directly, use tensor.untyped_storage() instead of tensor.storage()
  storage = elem.storage()._new_shared(numel, device=elem.device)
/workspace/lutianyou/program/long-ENSO/trainer/utils.py:166: UserWarning: TypedStorage is deprecated. It will be removed in the future and UntypedStorage will be the only storage class. This should only matter to you if you are using storages directly.  To access UntypedStorage directly, use tensor.untyped_storage() instead of tensor.storage()
  storage = elem.storage()._new_shared(numel, device=elem.device)
/workspace/lutianyou/program/long-ENSO/trainer/utils.py:166: UserWarning: TypedStorage is deprecated. It will be removed in the future and UntypedStorage will be the only storage class. This should only matter to you if you are using storages directly.  To access UntypedStorage directly, use tensor.untyped_storage() instead of tensor.storage()
  storage = elem.storage()._new_shared(numel, device=elem.device)
/workspace/lutianyou/program/long-ENSO/trainer/utils.py:166: UserWarning: TypedStorage is deprecated. It will be removed in the future and UntypedStorage will be the only storage class. This should only matter to you if you are using storages directly.  To access UntypedStorage directly, use tensor.untyped_storage() instead of tensor.storage()
  storage = elem.storage()._new_shared(numel, device=elem.device)
/workspace/lutianyou/program/long-ENSO/trainer/utils.py:166: UserWarning: TypedStorage is deprecated. It will be removed in the future and UntypedStorage will be the only storage class. This should only matter to you if you are using storages directly.  To access UntypedStorage directly, use tensor.untyped_storage() instead of tensor.storage()
  storage = elem.storage()._new_shared(numel, device=elem.device)
/workspace/lutianyou/program/long-ENSO/trainer/utils.py:166: UserWarning: TypedStorage is deprecated. It will be removed in the future and UntypedStorage will be the only storage class. This should only matter to you if you are using storages directly.  To access UntypedStorage directly, use tensor.untyped_storage() instead of tensor.storage()
  storage = elem.storage()._new_shared(numel, device=elem.device)
/workspace/lutianyou/program/long-ENSO/trainer/utils.py:166: UserWarning: TypedStorage is deprecated. It will be removed in the future and UntypedStorage will be the only storage class. This should only matter to you if you are using storages directly.  To access UntypedStorage directly, use tensor.untyped_storage() instead of tensor.storage()
  storage = elem.storage()._new_shared(numel, device=elem.device)
/workspace/lutianyou/program/long-ENSO/trainer/utils.py:166: UserWarning: TypedStorage is deprecated. It will be removed in the future and UntypedStorage will be the only storage class. This should only matter to you if you are using storages directly.  To access UntypedStorage directly, use tensor.untyped_storage() instead of tensor.storage()
  storage = elem.storage()._new_shared(numel, device=elem.device)
/workspace/lutianyou/program/long-ENSO/trainer/utils.py:166: UserWarning: TypedStorage is deprecated. It will be removed in the future and UntypedStorage will be the only storage class. This should only matter to you if you are using storages directly.  To access UntypedStorage directly, use tensor.untyped_storage() instead of tensor.storage()
  storage = elem.storage()._new_shared(numel, device=elem.device)
/workspace/lutianyou/program/long-ENSO/trainer/utils.py:166: UserWarning: TypedStorage is deprecated. It will be removed in the future and UntypedStorage will be the only storage class. This should only matter to you if you are using storages directly.  To access UntypedStorage directly, use tensor.untyped_storage() instead of tensor.storage()
  storage = elem.storage()._new_shared(numel, device=elem.device)
/workspace/lutianyou/program/long-ENSO/trainer/utils.py:166: UserWarning: TypedStorage is deprecated. It will be removed in the future and UntypedStorage will be the only storage class. This should only matter to you if you are using storages directly.  To access UntypedStorage directly, use tensor.untyped_storage() instead of tensor.storage()
  storage = elem.storage()._new_shared(numel, device=elem.device)
/workspace/lutianyou/program/long-ENSO/trainer/utils.py:166: UserWarning: TypedStorage is deprecated. It will be removed in the future and UntypedStorage will be the only storage class. This should only matter to you if you are using storages directly.  To access UntypedStorage directly, use tensor.untyped_storage() instead of tensor.storage()
  storage = elem.storage()._new_shared(numel, device=elem.device)
/workspace/lutianyou/program/long-ENSO/trainer/utils.py:166: UserWarning: TypedStorage is deprecated. It will be removed in the future and UntypedStorage will be the only storage class. This should only matter to you if you are using storages directly.  To access UntypedStorage directly, use tensor.untyped_storage() instead of tensor.storage()
  storage = elem.storage()._new_shared(numel, device=elem.device)
/workspace/lutianyou/program/long-ENSO/trainer/utils.py:166: UserWarning: TypedStorage is deprecated. It will be removed in the future and UntypedStorage will be the only storage class. This should only matter to you if you are using storages directly.  To access UntypedStorage directly, use tensor.untyped_storage() instead of tensor.storage()
  storage = elem.storage()._new_shared(numel, device=elem.device)
/workspace/lutianyou/program/long-ENSO/trainer/utils.py:166: UserWarning: TypedStorage is deprecated. It will be removed in the future and UntypedStorage will be the only storage class. This should only matter to you if you are using storages directly.  To access UntypedStorage directly, use tensor.untyped_storage() instead of tensor.storage()
  storage = elem.storage()._new_shared(numel, device=elem.device)
/workspace/lutianyou/program/long-ENSO/trainer/utils.py:166: UserWarning: TypedStorage is deprecated. It will be removed in the future and UntypedStorage will be the only storage class. This should only matter to you if you are using storages directly.  To access UntypedStorage directly, use tensor.untyped_storage() instead of tensor.storage()
  storage = elem.storage()._new_shared(numel, device=elem.device)
/workspace/lutianyou/program/long-ENSO/trainer/utils.py:166: UserWarning: TypedStorage is deprecated. It will be removed in the future and UntypedStorage will be the only storage class. This should only matter to you if you are using storages directly.  To access UntypedStorage directly, use tensor.untyped_storage() instead of tensor.storage()
  storage = elem.storage()._new_shared(numel, device=elem.device)
/workspace/lutianyou/program/long-ENSO/trainer/utils.py:166: UserWarning: TypedStorage is deprecated. It will be removed in the future and UntypedStorage will be the only storage class. This should only matter to you if you are using storages directly.  To access UntypedStorage directly, use tensor.untyped_storage() instead of tensor.storage()
  storage = elem.storage()._new_shared(numel, device=elem.device)
/workspace/lutianyou/program/long-ENSO/trainer/utils.py:166: UserWarning: TypedStorage is deprecated. It will be removed in the future and UntypedStorage will be the only storage class. This should only matter to you if you are using storages directly.  To access UntypedStorage directly, use tensor.untyped_storage() instead of tensor.storage()
  storage = elem.storage()._new_shared(numel, device=elem.device)
/workspace/lutianyou/program/long-ENSO/trainer/utils.py:166: UserWarning: TypedStorage is deprecated. It will be removed in the future and UntypedStorage will be the only storage class. This should only matter to you if you are using storages directly.  To access UntypedStorage directly, use tensor.untyped_storage() instead of tensor.storage()
  storage = elem.storage()._new_shared(numel, device=elem.device)
/workspace/lutianyou/program/long-ENSO/trainer/utils.py:166: UserWarning: TypedStorage is deprecated. It will be removed in the future and UntypedStorage will be the only storage class. This should only matter to you if you are using storages directly.  To access UntypedStorage directly, use tensor.untyped_storage() instead of tensor.storage()
  storage = elem.storage()._new_shared(numel, device=elem.device)
/workspace/lutianyou/program/long-ENSO/trainer/utils.py:166: UserWarning: TypedStorage is deprecated. It will be removed in the future and UntypedStorage will be the only storage class. This should only matter to you if you are using storages directly.  To access UntypedStorage directly, use tensor.untyped_storage() instead of tensor.storage()
  storage = elem.storage()._new_shared(numel, device=elem.device)
/workspace/lutianyou/program/long-ENSO/trainer/utils.py:166: UserWarning: TypedStorage is deprecated. It will be removed in the future and UntypedStorage will be the only storage class. This should only matter to you if you are using storages directly.  To access UntypedStorage directly, use tensor.untyped_storage() instead of tensor.storage()
  storage = elem.storage()._new_shared(numel, device=elem.device)
/workspace/lutianyou/program/long-ENSO/trainer/utils.py:166: UserWarning: TypedStorage is deprecated. It will be removed in the future and UntypedStorage will be the only storage class. This should only matter to you if you are using storages directly.  To access UntypedStorage directly, use tensor.untyped_storage() instead of tensor.storage()
  storage = elem.storage()._new_shared(numel, device=elem.device)
/workspace/lutianyou/program/long-ENSO/trainer/utils.py:166: UserWarning: TypedStorage is deprecated. It will be removed in the future and UntypedStorage will be the only storage class. This should only matter to you if you are using storages directly.  To access UntypedStorage directly, use tensor.untyped_storage() instead of tensor.storage()
  storage = elem.storage()._new_shared(numel, device=elem.device)
/workspace/lutianyou/program/long-ENSO/trainer/utils.py:166: UserWarning: TypedStorage is deprecated. It will be removed in the future and UntypedStorage will be the only storage class. This should only matter to you if you are using storages directly.  To access UntypedStorage directly, use tensor.untyped_storage() instead of tensor.storage()
  storage = elem.storage()._new_shared(numel, device=elem.device)
/workspace/lutianyou/program/long-ENSO/trainer/utils.py:166: UserWarning: TypedStorage is deprecated. It will be removed in the future and UntypedStorage will be the only storage class. This should only matter to you if you are using storages directly.  To access UntypedStorage directly, use tensor.untyped_storage() instead of tensor.storage()
  storage = elem.storage()._new_shared(numel, device=elem.device)
/workspace/lutianyou/program/long-ENSO/trainer/utils.py:166: UserWarning: TypedStorage is deprecated. It will be removed in the future and UntypedStorage will be the only storage class. This should only matter to you if you are using storages directly.  To access UntypedStorage directly, use tensor.untyped_storage() instead of tensor.storage()
  storage = elem.storage()._new_shared(numel, device=elem.device)
/workspace/lutianyou/program/long-ENSO/trainer/utils.py:166: UserWarning: TypedStorage is deprecated. It will be removed in the future and UntypedStorage will be the only storage class. This should only matter to you if you are using storages directly.  To access UntypedStorage directly, use tensor.untyped_storage() instead of tensor.storage()
  storage = elem.storage()._new_shared(numel, device=elem.device)
/workspace/lutianyou/program/long-ENSO/trainer/utils.py:166: UserWarning: TypedStorage is deprecated. It will be removed in the future and UntypedStorage will be the only storage class. This should only matter to you if you are using storages directly.  To access UntypedStorage directly, use tensor.untyped_storage() instead of tensor.storage()
  storage = elem.storage()._new_shared(numel, device=elem.device)
/workspace/lutianyou/program/long-ENSO/trainer/utils.py:166: UserWarning: TypedStorage is deprecated. It will be removed in the future and UntypedStorage will be the only storage class. This should only matter to you if you are using storages directly.  To access UntypedStorage directly, use tensor.untyped_storage() instead of tensor.storage()
  storage = elem.storage()._new_shared(numel, device=elem.device)
/workspace/lutianyou/program/long-ENSO/trainer/utils.py:166: UserWarning: TypedStorage is deprecated. It will be removed in the future and UntypedStorage will be the only storage class. This should only matter to you if you are using storages directly.  To access UntypedStorage directly, use tensor.untyped_storage() instead of tensor.storage()
  storage = elem.storage()._new_shared(numel, device=elem.device)
/workspace/lutianyou/program/long-ENSO/trainer/utils.py:166: UserWarning: TypedStorage is deprecated. It will be removed in the future and UntypedStorage will be the only storage class. This should only matter to you if you are using storages directly.  To access UntypedStorage directly, use tensor.untyped_storage() instead of tensor.storage()
  storage = elem.storage()._new_shared(numel, device=elem.device)
/workspace/lutianyou/program/long-ENSO/trainer/utils.py:166: UserWarning: TypedStorage is deprecated. It will be removed in the future and UntypedStorage will be the only storage class. This should only matter to you if you are using storages directly.  To access UntypedStorage directly, use tensor.untyped_storage() instead of tensor.storage()
  storage = elem.storage()._new_shared(numel, device=elem.device)
/workspace/lutianyou/program/long-ENSO/trainer/utils.py:166: UserWarning: TypedStorage is deprecated. It will be removed in the future and UntypedStorage will be the only storage class. This should only matter to you if you are using storages directly.  To access UntypedStorage directly, use tensor.untyped_storage() instead of tensor.storage()
  storage = elem.storage()._new_shared(numel, device=elem.device)
/workspace/lutianyou/program/long-ENSO/trainer/utils.py:166: UserWarning: TypedStorage is deprecated. It will be removed in the future and UntypedStorage will be the only storage class. This should only matter to you if you are using storages directly.  To access UntypedStorage directly, use tensor.untyped_storage() instead of tensor.storage()
  storage = elem.storage()._new_shared(numel, device=elem.device)
/workspace/lutianyou/program/long-ENSO/trainer/utils.py:166: UserWarning: TypedStorage is deprecated. It will be removed in the future and UntypedStorage will be the only storage class. This should only matter to you if you are using storages directly.  To access UntypedStorage directly, use tensor.untyped_storage() instead of tensor.storage()
  storage = elem.storage()._new_shared(numel, device=elem.device)
/workspace/lutianyou/program/long-ENSO/trainer/utils.py:166: UserWarning: TypedStorage is deprecated. It will be removed in the future and UntypedStorage will be the only storage class. This should only matter to you if you are using storages directly.  To access UntypedStorage directly, use tensor.untyped_storage() instead of tensor.storage()
  storage = elem.storage()._new_shared(numel, device=elem.device)
/workspace/lutianyou/program/long-ENSO/trainer/utils.py:166: UserWarning: TypedStorage is deprecated. It will be removed in the future and UntypedStorage will be the only storage class. This should only matter to you if you are using storages directly.  To access UntypedStorage directly, use tensor.untyped_storage() instead of tensor.storage()
  storage = elem.storage()._new_shared(numel, device=elem.device)
/workspace/lutianyou/program/long-ENSO/trainer/utils.py:166: UserWarning: TypedStorage is deprecated. It will be removed in the future and UntypedStorage will be the only storage class. This should only matter to you if you are using storages directly.  To access UntypedStorage directly, use tensor.untyped_storage() instead of tensor.storage()
  storage = elem.storage()._new_shared(numel, device=elem.device)
/workspace/lutianyou/program/long-ENSO/trainer/utils.py:166: UserWarning: TypedStorage is deprecated. It will be removed in the future and UntypedStorage will be the only storage class. This should only matter to you if you are using storages directly.  To access UntypedStorage directly, use tensor.untyped_storage() instead of tensor.storage()
  storage = elem.storage()._new_shared(numel, device=elem.device)
/workspace/lutianyou/program/long-ENSO/trainer/utils.py:166: UserWarning: TypedStorage is deprecated. It will be removed in the future and UntypedStorage will be the only storage class. This should only matter to you if you are using storages directly.  To access UntypedStorage directly, use tensor.untyped_storage() instead of tensor.storage()
  storage = elem.storage()._new_shared(numel, device=elem.device)
/workspace/lutianyou/program/long-ENSO/trainer/utils.py:166: UserWarning: TypedStorage is deprecated. It will be removed in the future and UntypedStorage will be the only storage class. This should only matter to you if you are using storages directly.  To access UntypedStorage directly, use tensor.untyped_storage() instead of tensor.storage()
  storage = elem.storage()._new_shared(numel, device=elem.device)
/workspace/lutianyou/program/long-ENSO/trainer/utils.py:166: UserWarning: TypedStorage is deprecated. It will be removed in the future and UntypedStorage will be the only storage class. This should only matter to you if you are using storages directly.  To access UntypedStorage directly, use tensor.untyped_storage() instead of tensor.storage()
  storage = elem.storage()._new_shared(numel, device=elem.device)
/workspace/lutianyou/program/long-ENSO/trainer/utils.py:166: UserWarning: TypedStorage is deprecated. It will be removed in the future and UntypedStorage will be the only storage class. This should only matter to you if you are using storages directly.  To access UntypedStorage directly, use tensor.untyped_storage() instead of tensor.storage()
  storage = elem.storage()._new_shared(numel, device=elem.device)
/workspace/lutianyou/program/long-ENSO/trainer/utils.py:166: UserWarning: TypedStorage is deprecated. It will be removed in the future and UntypedStorage will be the only storage class. This should only matter to you if you are using storages directly.  To access UntypedStorage directly, use tensor.untyped_storage() instead of tensor.storage()
  storage = elem.storage()._new_shared(numel, device=elem.device)
/workspace/lutianyou/program/long-ENSO/trainer/utils.py:166: UserWarning: TypedStorage is deprecated. It will be removed in the future and UntypedStorage will be the only storage class. This should only matter to you if you are using storages directly.  To access UntypedStorage directly, use tensor.untyped_storage() instead of tensor.storage()
  storage = elem.storage()._new_shared(numel, device=elem.device)
/workspace/lutianyou/program/long-ENSO/trainer/utils.py:166: UserWarning: TypedStorage is deprecated. It will be removed in the future and UntypedStorage will be the only storage class. This should only matter to you if you are using storages directly.  To access UntypedStorage directly, use tensor.untyped_storage() instead of tensor.storage()
  storage = elem.storage()._new_shared(numel, device=elem.device)
/workspace/lutianyou/program/long-ENSO/trainer/utils.py:166: UserWarning: TypedStorage is deprecated. It will be removed in the future and UntypedStorage will be the only storage class. This should only matter to you if you are using storages directly.  To access UntypedStorage directly, use tensor.untyped_storage() instead of tensor.storage()
  storage = elem.storage()._new_shared(numel, device=elem.device)
/workspace/lutianyou/program/long-ENSO/trainer/utils.py:166: UserWarning: TypedStorage is deprecated. It will be removed in the future and UntypedStorage will be the only storage class. This should only matter to you if you are using storages directly.  To access UntypedStorage directly, use tensor.untyped_storage() instead of tensor.storage()
  storage = elem.storage()._new_shared(numel, device=elem.device)
/workspace/lutianyou/program/long-ENSO/trainer/utils.py:166: UserWarning: TypedStorage is deprecated. It will be removed in the future and UntypedStorage will be the only storage class. This should only matter to you if you are using storages directly.  To access UntypedStorage directly, use tensor.untyped_storage() instead of tensor.storage()
  storage = elem.storage()._new_shared(numel, device=elem.device)
/workspace/lutianyou/program/long-ENSO/trainer/utils.py:166: UserWarning: TypedStorage is deprecated. It will be removed in the future and UntypedStorage will be the only storage class. This should only matter to you if you are using storages directly.  To access UntypedStorage directly, use tensor.untyped_storage() instead of tensor.storage()
  storage = elem.storage()._new_shared(numel, device=elem.device)
/workspace/lutianyou/program/long-ENSO/trainer/utils.py:166: UserWarning: TypedStorage is deprecated. It will be removed in the future and UntypedStorage will be the only storage class. This should only matter to you if you are using storages directly.  To access UntypedStorage directly, use tensor.untyped_storage() instead of tensor.storage()
  storage = elem.storage()._new_shared(numel, device=elem.device)
/workspace/lutianyou/program/long-ENSO/trainer/utils.py:166: UserWarning: TypedStorage is deprecated. It will be removed in the future and UntypedStorage will be the only storage class. This should only matter to you if you are using storages directly.  To access UntypedStorage directly, use tensor.untyped_storage() instead of tensor.storage()
  storage = elem.storage()._new_shared(numel, device=elem.device)
/workspace/lutianyou/program/long-ENSO/trainer/utils.py:166: UserWarning: TypedStorage is deprecated. It will be removed in the future and UntypedStorage will be the only storage class. This should only matter to you if you are using storages directly.  To access UntypedStorage directly, use tensor.untyped_storage() instead of tensor.storage()
  storage = elem.storage()._new_shared(numel, device=elem.device)
lead: 4
pred mean: 9.271689414978027
lead: 4
pred mean: 9.282761573791504
lead: 5
pred mean: 9.278663635253906
lead: 5
pred mean: 9.278306007385254
lead: 5
pred mean: 9.290548324584961
lead: 2
lead: 3pred mean:
 9.271868705749512
pred mean: 9.277676582336426
lead: 2
pred mean: 9.266663551330566
 80%|████████  | 1485/1855 [29:45<09:28,  1.54s/it]                                                   {'loss': 5.2811, 'learning_rate': 2.3288113437324355e-05, 'epoch': 4.0}
 80%|████████  | 1485/1855 [29:45<09:28,  1.54s/it]lead: 1
pred mean: 9.308496475219727
lead: 3
pred mean: 9.284618377685547
lead: 3
pred mean: 9.288360595703125
lead: 5
pred mean: 9.285866737365723
lead: 1
pred mean: 9.305908203125
lead: 0
pred mean: 9.305691719055176
lead: 2
pred mean: 9.277274131774902
lead: 1
pred mean: 9.287189483642578
 80%|████████  | 1486/1855 [29:46<09:15,  1.51s/it]lead: 0
pred mean: 9.285406112670898
lead: 2
pred mean: 9.30033016204834
lead: 4
pred mean: 9.288891792297363
lead: 5
pred mean: 9.273834228515625
lead: 2
pred mean: 9.2797269821167
lead: 3
pred mean: 9.273853302001953
lead: 1
pred mean: 9.290058135986328
lead: 2
pred mean: 9.286677360534668
 80%|████████  | 1487/1855 [29:47<08:42,  1.42s/it]lead: 5
pred mean: 9.259340286254883
lead: 5
pred mean: 9.26368522644043
lead: 3
pred mean: 9.257034301757812
lead: 0
pred mean: 9.271126747131348
lead: 4
pred mean: 9.260612487792969
lead: 3
pred mean: 9.279319763183594
lead: 4
pred mean: 9.273551940917969
lead: 4
pred mean: 9.267905235290527
 80%|████████  | 1488/1855 [29:49<08:18,  1.36s/it]lead: 0
pred mean: 9.280282974243164
lead: 2
pred mean: 9.282543182373047
lead: 3
pred mean: 9.276663780212402
lead: 5
pred mean: 9.28060531616211
lead:lead:  20

pred mean:pred mean:  9.2809572219848639.268790245056152

lead: 4
pred mean: 9.267731666564941
lead: 0
pred mean: 9.268011093139648
 80%|████████  | 1489/1855 [29:50<08:00,  1.31s/it]lead: 3
pred mean: 9.281821250915527
lead: 1
pred mean: 9.289012908935547
lead: 1
pred mean: 9.286261558532715
lead: 1
lead: 1
pred mean: 9.27957820892334
pred mean: 9.281654357910156
lead: 3
pred mean: 9.306059837341309
lead: 5
pred mean: 9.275601387023926
lead: 4
pred mean: 9.289647102355957
 80%|████████  | 1490/1855 [29:51<07:44,  1.27s/it]                                                   {'loss': 5.2716, 'learning_rate': 2.2687760885660947e-05, 'epoch': 4.02}
 80%|████████  | 1490/1855 [29:51<07:44,  1.27s/it]lead: 2
pred mean: 9.282081604003906
lead: 3
pred mean: 9.283865928649902
lead: 5
lead: 2
pred mean: 9.292167663574219
pred mean: 9.303573608398438
lead: 0
pred mean: 9.296984672546387
lead: 3
pred mean: 9.293630599975586
lead: 0
pred mean: 9.290443420410156
lead: 5
pred mean: 9.287528991699219
 80%|████████  | 1491/1855 [29:52<07:32,  1.24s/it]lead: 0
pred mean: 9.29172420501709
lead:lead:  32

pred mean:pred mean:  9.3039827346801769.276202201843262

lead: 1
pred mean: 9.276719093322754
lead: 2
pred mean: 9.303200721740723
lead: 5
pred mean: 9.294480323791504
lead: 5
pred mean: 9.279461860656738
lead: 1
pred mean: 9.31065845489502
 80%|████████  | 1492/1855 [29:53<07:24,  1.23s/it]lead: 5
pred mean: 9.275778770446777
lead: 3
pred mean: 9.295023918151855
lead: 1
pred mean: 9.28639030456543
lead: 0
pred mean: 9.277765274047852
lead: 2
pred mean: 9.29477596282959
lead: 4
pred mean: 9.271568298339844
lead: 1
pred mean: 9.285529136657715
lead: 0
pred mean: 9.289984703063965
 80%|████████  | 1493/1855 [29:55<07:19,  1.21s/it]lead: 3
pred mean: 9.28315544128418
lead: 5
pred mean: 9.278847694396973
lead: 5
pred mean: 9.281242370605469
lead:lead:  52

pred mean:pred mean:  9.2699184417724619.28499698638916

lead: 3
pred mean: 9.27397346496582
lead: 2
pred mean: 9.288566589355469
lead: 0
pred mean: 9.269695281982422
 81%|████████  | 1494/1855 [29:56<07:17,  1.21s/it]lead: 0
pred mean: 9.285840034484863
lead: 5
pred mean: 9.292068481445312
lead: 0
lead: 1
pred mean: 9.28671646118164
pred mean: 9.2830810546875
lead: 3
pred mean: 9.283447265625
lead: 5
pred mean: 9.288945198059082
lead: 1
pred mean: 9.289875030517578
lead: 3
pred mean: 9.29499626159668
 81%|████████  | 1495/1855 [29:57<07:12,  1.20s/it]                                                   {'loss': 5.2615, 'learning_rate': 2.2094256466052733e-05, 'epoch': 4.03}
 81%|████████  | 1495/1855 [29:57<07:12,  1.20s/it]lead: 0
pred mean: 9.294489860534668
lead: 4
pred mean: 9.30534553527832
lead: 5
pred mean: 9.292222023010254
lead: 1
pred mean: 9.296463012695312
lead: 2
pred mean: 9.289716720581055
lead: 0
pred mean: 9.301718711853027
lead: 5
pred mean: 9.302346229553223
lead: 1
pred mean: 9.308492660522461
 81%|████████  | 1496/1855 [29:58<07:10,  1.20s/it]lead: 1
pred mean: 9.279816627502441
lead: 4
pred mean: 9.293200492858887
lead: 1
pred mean: 9.297626495361328
lead: 1
pred mean: 9.304232597351074
lead: 4
lead: 4
pred mean: 9.284475326538086
pred mean: 9.293665885925293
lead: 5
pred mean: 9.28184700012207
lead: 1
pred mean: 9.286792755126953
 81%|████████  | 1497/1855 [29:59<07:09,  1.20s/it]lead: 0
pred mean: 9.278448104858398
lead: 1
pred mean: 9.28726863861084
lead:lead:  22

lead: 0
pred mean:pred mean:  9.2802572250366219.296365737915039

pred mean: 9.276847839355469
lead: 5
pred mean: 9.26994514465332
lead: 5
pred mean: 9.266396522521973
lead: 2
pred mean: 9.291927337646484
 81%|████████  | 1498/1855 [30:01<07:05,  1.19s/it]lead: 3
pred mean: 9.286333084106445
lead: 3
pred mean: 9.28806209564209
lead: 3
pred mean: 9.288140296936035
lead: 2
pred mean: 9.282698631286621
lead: 2
pred mean: 9.285004615783691
lead: 2
pred mean: 9.275325775146484
lead: 5
pred mean: 9.284380912780762
lead: 0
pred mean: 9.301828384399414
 81%|████████  | 1499/1855 [30:02<07:03,  1.19s/it]lead: 4
lead: 4
pred mean: 9.283288955688477
pred mean: 9.286273002624512
lead: 0
pred mean: 9.277026176452637
lead: 3
pred mean: 9.288102149963379
lead: 0
pred mean: 9.280109405517578
lead: 2
pred mean: 9.281632423400879
lead: 2
pred mean: 9.294963836669922
lead: 5
pred mean: 9.283241271972656
 81%|████████  | 1500/1855 [30:03<07:03,  1.19s/it]                                                   {'loss': 5.2525, 'learning_rate': 2.150765274969271e-05, 'epoch': 4.04}
 81%|████████  | 1500/1855 [30:03<07:03,  1.19s/it]lead: 2
pred mean: 9.291834831237793
lead: 4
pred mean: 9.286027908325195
lead: 3
lead: 2
pred mean: 9.311625480651855
pred mean: 9.300097465515137
lead: 4
pred mean: 9.291298866271973
lead: 3
pred mean: 9.304039001464844
lead: 5
pred mean: 9.301674842834473
lead: 2
pred mean: 9.295661926269531
 81%|████████  | 1501/1855 [30:04<07:01,  1.19s/it]lead: 3
pred mean: 9.29458999633789
lead: 3
pred mean: 9.296703338623047
lead: 4
pred mean: 9.293983459472656
lead:lead:  02

pred mean:pred mean:  9.2930154800415049.281765937805176

lead: 1
pred mean: 9.305248260498047
lead: 4
pred mean: 9.302885055541992
lead: 2
pred mean: 9.293203353881836
 81%|████████  | 1502/1855 [30:05<07:02,  1.20s/it]lead: 5
pred mean: 9.304234504699707
lead: 0
pred mean: 9.2975435256958
lead: 3
pred mean: 9.280233383178711
lead: 5
pred mean: 9.300651550292969
lead: 3
pred mean: 9.299663543701172
lead: 4
pred mean: 9.292808532714844
lead: 1
pred mean: 9.294364929199219
lead: 3
pred mean: 9.291438102722168
 81%|████████  | 1503/1855 [30:06<06:58,  1.19s/it]lead: 1
lead: 5
pred mean: 9.270589828491211
pred mean: 9.293449401855469
lead: 4
pred mean: 9.299241065979004
lead: 0
pred mean: 9.295194625854492
lead: 1
pred mean: 9.285479545593262
lead: 3
pred mean: 9.308082580566406
lead: 1
pred mean: 9.312430381774902
lead: 4
pred mean: 9.29344654083252
 81%|████████  | 1504/1855 [30:08<06:58,  1.19s/it]lead: 0
pred mean: 9.301576614379883
lead: 4
pred mean: 9.274589538574219
lead: 2
pred mean: 9.299517631530762
lead: 2
lead: 3
pred mean: 9.289339065551758
pred mean: 9.301968574523926
lead: 3
pred mean: 9.292977333068848
lead: 3
pred mean: 9.293350219726562
lead: 5
pred mean: 9.313982963562012
 81%|████████  | 1505/1855 [30:09<06:57,  1.19s/it]                                                   {'loss': 5.2439, 'learning_rate': 2.0928001696526122e-05, 'epoch': 4.06}
 81%|████████  | 1505/1855 [30:09<06:57,  1.19s/it]lead: 5
pred mean: 9.301487922668457
lead: 3
pred mean: 9.2887544631958
lead: 0
pred mean: 9.308748245239258
lead: 4
pred mean: 9.299184799194336
lead: 2
pred mean: 9.316475868225098
lead: 1
pred mean: 9.274965286254883
lead: 1
pred mean: 9.296463012695312
lead: 1
pred mean: 9.287172317504883
 81%|████████  | 1506/1855 [30:10<06:57,  1.20s/it]lead: 4
pred mean: 9.286629676818848
lead: 4
pred mean: 9.29451847076416
lead: 1
pred mean: 9.296502113342285
lead: 1
pred mean: 9.30171012878418
lead: 3
pred mean: 9.31419849395752
lead: 2
pred mean: 9.288065910339355
lead: 4
pred mean: 9.300741195678711
lead: 1
pred mean: 9.287642478942871
 81%|████████  | 1507/1855 [30:11<06:55,  1.19s/it]lead: 1
pred mean: 9.303993225097656
lead: 2
pred mean: 9.313055992126465
lead: 5
pred mean: 9.301663398742676
lead: 2
pred mean: 9.317108154296875
lead: 1
pred mean: 9.31908130645752
lead: 3
pred mean: 9.310357093811035
lead: 2
pred mean: 9.300233840942383
lead: 0
pred mean: 9.31503677368164
 81%|████████▏ | 1508/1855 [30:12<06:53,  1.19s/it]lead: 1
pred mean: 9.302287101745605
lead: 5
pred mean: 9.302721977233887
lead: 4
pred mean: 9.330489158630371
lead: 5lead:
 2
pred mean: pred mean:9.302071571350098 
9.309967994689941
lead: 0
pred mean: 9.31252670288086
lead: 3
lead: pred mean:4 
9.31567096710205
pred mean: 9.30653190612793
 81%|████████▏ | 1509/1855 [30:14<06:53,  1.19s/it]lead: 3
pred mean: 9.294839859008789
lead: 3
lead: 4
pred mean: 9.289193153381348
pred mean: 9.284381866455078
lead: 2
pred mean: 9.284162521362305
lead: 0
pred mean: 9.290420532226562
lead: 4
pred mean: 9.278924942016602
lead: 5
pred mean: 9.27899169921875
lead: 4
pred mean: 9.300585746765137
 81%|████████▏ | 1510/1855 [30:15<06:49,  1.19s/it]                                                   {'loss': 5.2348, 'learning_rate': 2.0355354650648097e-05, 'epoch': 4.07}
 81%|████████▏ | 1510/1855 [30:15<06:49,  1.19s/it]lead: 5
pred mean: 9.299201011657715
lead: 5
pred mean: 9.281596183776855
lead: 4
pred mean: 9.29865837097168
lead: 5
pred mean: 9.305140495300293
lead: 3
pred mean: 9.294156074523926
lead: 0
pred mean: 9.276209831237793
lead: 4
lead: pred mean:1 
9.300944328308105
pred mean: 9.289708137512207
 81%|████████▏ | 1511/1855 [30:16<06:48,  1.19s/it]lead: 3
pred mean: 9.307145118713379
lead: 2
pred mean: 9.300241470336914
lead: 1
pred mean: 9.322718620300293
lead: 4
pred mean: 9.30859375
lead: 0
pred mean: 9.303825378417969
lead: 4
pred mean: 9.307148933410645
lead: 4
pred mean: 9.31385612487793
lead: 1
pred mean: 9.314168930053711
 82%|████████▏ | 1512/1855 [30:17<06:48,  1.19s/it]lead: 3
pred mean: 9.318896293640137
lead: 3
pred mean: 9.32327938079834
lead: 1
lead:pred mean:  5
9.315239906311035
pred mean: 9.319165229797363
lead: 3
pred mean: 9.327269554138184
lead: 0
pred mean: 9.326021194458008
lead: 0
pred mean: 9.323800086975098
lead: 2
pred mean: 9.325246810913086
 82%|████████▏ | 1513/1855 [30:18<06:47,  1.19s/it]lead: 3
pred mean: 9.322416305541992
lead: 5
pred mean: 9.321310043334961
lead: 1
pred mean: 9.315133094787598
lead: 3
pred mean: 9.31894588470459
lead: 4
pred mean: 9.31106948852539
lead: 4
pred mean: 9.335174560546875
lead: 5
pred mean: 9.325408935546875
lead: 4
pred mean: 9.330889701843262
 82%|████████▏ | 1514/1855 [30:20<06:45,  1.19s/it]lead: 0
pred mean: 9.313128471374512
lead: 5
pred mean: 9.302844047546387
lead: 3
pred mean: 9.307574272155762
lead: 2
pred mean: 9.30400276184082
lead: 3
pred mean: 9.311474800109863
lead: 3
pred mean: 9.307391166687012
lead: 1
pred mean: 9.308775901794434
lead: 5
pred mean: 9.31200885772705
 82%|████████▏ | 1515/1855 [30:21<06:46,  1.19s/it]                                                   {'loss': 5.2275, 'learning_rate': 1.9789762335755625e-05, 'epoch': 4.08}
 82%|████████▏ | 1515/1855 [30:21<06:46,  1.19s/it]lead: 5
pred mean: 9.281518936157227
lead: 0
pred mean: 9.294079780578613
lead: 2
pred mean: 9.293407440185547
lead: 1
pred mean: 9.303945541381836
lead: 1
pred mean: 9.293188095092773
lead: 2
pred mean: 9.28631591796875
lead: 2
pred mean: 9.303749084472656
lead: 3
pred mean: 9.298405647277832
 82%|████████▏ | 1516/1855 [30:22<06:43,  1.19s/it]lead: 4
pred mean: 9.2969331741333
lead: 0
pred mean: 9.289297103881836
lead: 0
pred mean: 9.292049407958984
lead: 4
pred mean: 9.287847518920898
lead: 2
pred mean: 9.311850547790527
lead: 0
pred mean: 9.298473358154297
lead: 4
pred mean: 9.304256439208984
lead: 0
pred mean: 9.294840812683105
 82%|████████▏ | 1517/1855 [30:23<06:45,  1.20s/it]lead: 4
pred mean: 9.303866386413574
lead: 5
pred mean: 9.299704551696777
lead: 4
pred mean: 9.307136535644531
lead: 3
pred mean: 9.317145347595215
lead: 1
pred mean: 9.311453819274902
lead: 3
pred mean: 9.305438041687012
lead: 4
pred mean: 9.306097984313965
lead: 1
pred mean: 9.30746841430664
 82%|████████▏ | 1518/1855 [30:24<06:43,  1.20s/it]lead: 4
pred mean: 9.314909934997559
lead: 0
pred mean: 9.304051399230957
lead: 2
pred mean: 9.32621955871582
lead: 1
pred mean: 9.31624698638916
lead: 5
pred mean: 9.316588401794434
lead: 0
pred mean: 9.316814422607422
lead: 1
pred mean: 9.31704330444336
lead: 2
pred mean: 9.328822135925293
 82%|████████▏ | 1519/1855 [30:26<06:43,  1.20s/it]lead: 1
pred mean: 9.311641693115234
lead: 4
pred mean: 9.321073532104492
lead: 2
pred mean: 9.311339378356934
lead: 5
pred mean: 9.309165954589844
lead: 1
pred mean: 9.315950393676758
lead: 0
pred mean: 9.315821647644043
lead: 0
pred mean: 9.309565544128418
lead: 3
pred mean: 9.315862655639648
 82%|████████▏ | 1520/1855 [30:27<06:42,  1.20s/it]                                                   {'loss': 5.2185, 'learning_rate': 1.92312748506546e-05, 'epoch': 4.1}
 82%|████████▏ | 1520/1855 [30:27<06:42,  1.20s/it]lead: 2
pred mean: 9.314882278442383
lead: 5
pred mean: 9.317801475524902
lead: 3
pred mean: 9.314764976501465
lead: 2
pred mean: 9.307887077331543
lead: 3
pred mean: 9.319798469543457
lead: 4
pred mean: 9.294578552246094
lead: 0
pred mean: 9.312393188476562
lead: 5
pred mean: 9.312210083007812
 82%|████████▏ | 1521/1855 [30:28<06:40,  1.20s/it]lead: 4
pred mean: 9.314723014831543
lead: 1
pred mean: 9.309736251831055
lead: 3
pred mean: 9.31245231628418
lead: 4
pred mean: 9.307656288146973
lead: 1
pred mean: 9.308592796325684
lead: 3
pred mean: 9.305009841918945
lead: 1
pred mean: 9.296982765197754
lead: 1
pred mean: 9.302922248840332
 82%|████████▏ | 1522/1855 [30:29<06:37,  1.19s/it]lead: 2
pred mean: 9.300704002380371
lead: 0
pred mean: 9.299917221069336
lead: 1
pred mean: 9.30064868927002
lead: 0
pred mean: 9.293049812316895
lead: 5
pred mean: 9.309450149536133
lead: 2
pred mean: 9.303840637207031
lead: 4
pred mean: 9.304893493652344
lead: 4
pred mean: 9.31275749206543
 82%|████████▏ | 1523/1855 [30:30<06:35,  1.19s/it]lead: 1
pred mean: 9.310397148132324
lead: 0
lead: 5
pred mean: 9.297523498535156
pred mean: 9.301372528076172
lead: 1
pred mean: 9.305198669433594
lead: 3
pred mean: 9.307741165161133
lead: 4
pred mean: 9.3046875
lead: 3
pred mean: 9.310234069824219
lead: 2
pred mean: 9.308416366577148
 82%|████████▏ | 1524/1855 [30:32<06:34,  1.19s/it]lead:lead:  54

pred mean:pred mean:  9.3120231628417979.311467170715332

lead: 0
pred mean: 9.323455810546875
lead: 5
pred mean: 9.304914474487305
lead: 0
pred mean: 9.313981056213379
lead: 3
pred mean: 9.307156562805176
lead: 5
pred mean: 9.315537452697754
lead: 0
pred mean: 9.311641693115234
 82%|████████▏ | 1525/1855 [30:33<06:33,  1.19s/it]                                                   {'loss': 5.2105, 'learning_rate': 1.867994166482224e-05, 'epoch': 4.11}
 82%|████████▏ | 1525/1855 [30:33<06:33,  1.19s/it]lead: 4
pred mean: 9.32124137878418
lead: 0
pred mean: 9.312987327575684
lead: 4
pred mean: 9.307729721069336
lead: 5
pred mean: 9.300003051757812
lead: 3
pred mean: 9.316701889038086
lead: 0
pred mean: lead:9.314000129699707 
4
pred mean: 9.328248977661133
lead: 2
pred mean: 9.317065238952637
 82%|████████▏ | 1526/1855 [30:34<06:32,  1.19s/it]lead: 0
pred mean: 9.32435417175293
lead: 5
pred mean: 9.307225227355957
lead: 3
pred mean: 9.3184232711792
lead: 1
pred mean: 9.31511402130127
lead: 5
pred mean: 9.312411308288574
lead: 4
pred mean: 9.315654754638672
lead: 3
pred mean: 9.320097923278809
lead: 2
pred mean: 9.314127922058105
 82%|████████▏ | 1527/1855 [30:35<06:31,  1.19s/it]lead: 1
pred mean: 9.32098388671875
lead: 4
pred mean: 9.322357177734375
lead: 5
pred mean: 9.311859130859375
lead: 5
pred mean: 9.313665390014648
lead: 4
pred mean: 9.305572509765625
lead: 2
pred mean: 9.328801155090332
lead: 0
pred mean: 9.322541236877441
lead: 3
pred mean: 9.318242073059082
 82%|████████▏ | 1528/1855 [30:36<06:30,  1.19s/it]lead: 3
pred mean: 9.310362815856934
lead: 3
pred mean: 9.299826622009277
lead: 0
pred mean: 9.317692756652832
lead: 5
pred mean: 9.300350189208984
lead: 1
pred mean: 9.320159912109375
lead: 3
pred mean: 9.305312156677246
lead: 1
pred mean: 9.318488121032715
lead: 4
pred mean: 9.323354721069336
 82%|████████▏ | 1529/1855 [30:38<06:30,  1.20s/it]lead: 3
pred mean: 9.331475257873535
lead: 2
pred mean: 9.321588516235352
lead: 4
pred mean: 9.321490287780762
lead:lead:  10

pred mean:pred mean:  9.32852554321289
9.317957878112793
lead: 4
pred mean: 9.309866905212402
lead: 0
pred mean: 9.314058303833008
lead: 1
pred mean: 9.3272705078125
 82%|████████▏ | 1530/1855 [30:39<06:27,  1.19s/it]                                                   {'loss': 5.2027, 'learning_rate': 1.81358116140251e-05, 'epoch': 4.12}
 82%|████████▏ | 1530/1855 [30:39<06:27,  1.19s/it]lead: 1
pred mean: 9.322258949279785
lead: 1
lead: 5
pred mean: 9.32714557647705
pred mean: 9.319357872009277
lead:lead:  22

pred mean:pred mean:  9.318187713623047
9.332511901855469
lead: 4
pred mean: 9.315611839294434
lead: 3
pred mean: 9.315949440002441
lead: 2
pred mean: 9.322321891784668
 83%|████████▎ | 1531/1855 [30:40<06:25,  1.19s/it]lead: 0
pred mean: lead:9.31735897064209 
5
pred mean: 9.321732521057129
lead: 4
pred mean: 9.314790725708008
lead: 3
pred mean: 9.318371772766113
lead: 1
pred mean: 9.311779022216797
lead: 1
pred mean: 9.327524185180664
lead: 5
pred mean: 9.325738906860352
lead: 2
pred mean: 9.31294059753418
 83%|████████▎ | 1532/1855 [30:41<06:24,  1.19s/it]lead: 5
pred mean: 9.319278717041016
lead: 1
pred mean: 9.33320426940918
lead:lead:  02

pred mean: pred mean:9.32303237915039 
9.344788551330566
lead: 3
pred mean: 9.311338424682617
lead: 1
pred mean: 9.310442924499512
lead: 5
pred mean: 9.326375007629395
lead: 4
pred mean: 9.313802719116211
 83%|████████▎ | 1533/1855 [30:42<06:23,  1.19s/it]lead: 5
pred mean: 9.307429313659668
lead: 0
pred mean: 9.321797370910645
lead: 0
pred mean: 9.318663597106934
lead: 0
pred mean: 9.318034172058105
lead: 2
pred mean: 9.3258056640625
lead: 5
pred mean: 9.311042785644531
lead: 0
pred mean: 9.311150550842285
lead: 4
pred mean: 9.311931610107422
 83%|████████▎ | 1534/1855 [30:43<06:21,  1.19s/it]lead: 3
pred mean: 9.3100004196167
lead: 2
pred mean: 9.319726943969727
lead: 2
pred mean: 9.32118034362793
lead: 1
pred mean: 9.31852912902832
lead: 5
pred mean: 9.31812858581543
lead: 1
pred mean: 9.311432838439941
lead: 3
pred mean: 9.315516471862793
lead: 3
pred mean: 9.32163143157959
 83%|████████▎ | 1535/1855 [30:45<06:21,  1.19s/it]                                                   {'loss': 5.1956, 'learning_rate': 1.7598932895993392e-05, 'epoch': 4.14}
 83%|████████▎ | 1535/1855 [30:45<06:21,  1.19s/it]lead: 1
pred mean: 9.329214096069336
lead: 2
pred mean: 9.33434772491455
lead: 1
pred mean: 9.333669662475586
lead: 5
pred mean: 9.346965789794922
lead: 5
pred mean: 9.325438499450684
lead: 4
pred mean: 9.33158016204834
lead: 3
pred mean: 9.334603309631348
lead: 0
pred mean: 9.334430694580078
 83%|████████▎ | 1536/1855 [30:46<06:19,  1.19s/it]lead: 1
lead: 2
pred mean: 9.338465690612793
pred mean: 9.348833084106445
lead: 5
pred mean: 9.329617500305176
lead: 4
pred mean: 9.336625099182129
lead: 1
pred mean: 9.324018478393555
lead: 5
pred mean: 9.325589179992676
lead: 0
pred mean: 9.334171295166016
lead: 4
pred mean: 9.328326225280762
 83%|████████▎ | 1537/1855 [30:47<06:17,  1.19s/it]lead: 3
pred mean: 9.333892822265625
lead: 1
pred mean: 9.330655097961426
lead: 3
pred mean: 9.335343360900879
lead: 2
pred mean: 9.330097198486328
lead: 4
pred mean: 9.337580680847168
lead: 5
pred mean: 9.324966430664062
lead: 4
pred mean: 9.345131874084473
lead: 5
pred mean: 9.32938289642334
 83%|████████▎ | 1538/1855 [30:48<06:16,  1.19s/it]lead: 0
pred mean: 9.3322172164917
lead: 1
pred mean: 9.320866584777832
lead: 5
pred mean: 9.316895484924316
lead: 5
pred mean: 9.329607963562012
lead: 0
pred mean: 9.310551643371582
lead: 4
pred mean: 9.329498291015625
lead: 4
pred mean: 9.331310272216797
lead: 4
pred mean: 9.333043098449707
 83%|████████▎ | 1539/1855 [30:49<06:14,  1.19s/it]lead: 1
pred mean: 9.334174156188965
lead: 5
pred mean: 9.335335731506348
lead: 0
pred mean: 9.324994087219238
lead: 0
pred mean: 9.338409423828125
lead: 0
pred mean: 9.340620994567871
lead: 2
pred mean: 9.330010414123535
lead: 3
pred mean: 9.329752922058105
lead: 0
pred mean: 9.3268404006958
 83%|████████▎ | 1540/1855 [30:51<06:14,  1.19s/it]                                                   {'loss': 5.1888, 'learning_rate': 1.706935306615175e-05, 'epoch': 4.15}
 83%|████████▎ | 1540/1855 [30:51<06:14,  1.19s/it]lead: 1
pred mean: 9.325664520263672
lead: 0
pred mean: 9.310262680053711
lead: 3
pred mean: 9.322150230407715
lead: 3
pred mean: 9.334793090820312
lead: 5
pred mean: 9.317012786865234
lead: 4
pred mean: 9.322166442871094
lead: 1
pred mean: 9.330406188964844
lead: 2
pred mean: 9.323732376098633
 83%|████████▎ | 1541/1855 [30:52<06:13,  1.19s/it]lead: 5
pred mean: 9.323071479797363
lead: 0
pred mean: 9.329621315002441
lead: 5
pred mean: 9.33039665222168
lead: 3
pred mean: 9.321236610412598
lead: 2
pred mean: 9.32973575592041
lead: 1
pred mean: 9.336312294006348
lead: 4
pred mean: 9.330948829650879
lead: 2
pred mean: 9.321382522583008
 83%|████████▎ | 1542/1855 [30:53<06:09,  1.18s/it]lead: 0
pred mean: 9.333852767944336
lead: 5
pred mean: 9.338817596435547
lead: 0
pred mean: 9.329459190368652
lead: 1
lead:pred mean:  1
9.341720581054688
pred mean: 9.34348201751709
lead: 2
pred mean: 9.337504386901855
lead: 0
pred mean: 9.324798583984375
lead: 1
pred mean: 9.346514701843262
 83%|████████▎ | 1543/1855 [30:54<06:08,  1.18s/it]lead: 5
pred mean: 9.328633308410645
lead: 0
lead:pred mean:  2lead:9.326743125915527
 
3
pred mean: pred mean:9.334497451782227 
9.352253913879395
lead: 4
pred mean: 9.319814682006836
lead: 2
pred mean: 9.317763328552246
lead: 3
pred mean: 9.317765235900879
lead: 2
pred mean: 9.327313423156738
 83%|████████▎ | 1544/1855 [30:55<06:06,  1.18s/it]lead: 0
pred mean: 9.324810981750488
lead: 1
pred mean: 9.335885047912598
lead: 4
pred mean: 9.334068298339844
lead: 2
pred mean: 9.335238456726074
lead: 3
pred mean: 9.335518836975098
lead: 1
pred mean: 9.337249755859375
lead: 2
pred mean: 9.322291374206543
lead: 3
pred mean: 9.351644515991211
 83%|████████▎ | 1545/1855 [30:56<06:05,  1.18s/it]                                                   {'loss': 5.1813, 'learning_rate': 1.654711903340681e-05, 'epoch': 4.16}
 83%|████████▎ | 1545/1855 [30:56<06:05,  1.18s/it]lead: 4
pred mean: 9.326359748840332
lead: 0
lead: pred mean:5 
9.32872486114502
pred mean: 9.323689460754395
lead: 2
pred mean: 9.323700904846191
lead: 1
pred mean: 9.335269927978516
lead: 4
pred mean: 9.3252592086792
lead: 5
pred mean: 9.335418701171875
lead: 2
pred mean: 9.327667236328125
 83%|████████▎ | 1546/1855 [30:58<06:06,  1.19s/it]lead: 0
pred mean: 9.325695991516113
lead: 2
lead: 2
pred mean: 9.326931953430176
pred mean: 9.329390525817871
lead: 5
pred mean: 9.32208251953125
lead: 2
pred mean: 9.329066276550293
lead: 1
pred mean: 9.326042175292969
lead: 3
pred mean: 9.339695930480957
lead: 0
pred mean: 9.326295852661133
 83%|████████▎ | 1547/1855 [30:59<06:08,  1.20s/it]lead: 4
pred mean: 9.327420234680176
lead: 2
pred mean: 9.328206062316895
lead: 0
pred mean: 9.33856201171875
lead: 2
pred mean: 9.327837944030762
lead: 4
pred mean: 9.323091506958008
lead: 0
pred mean: 9.331503868103027
lead: 0
pred mean: 9.3279390335083
lead: 5
pred mean: 9.330162048339844
 83%|████████▎ | 1548/1855 [31:00<06:08,  1.20s/it]lead: 5
pred mean: 9.334061622619629
lead: 2
pred mean: 9.352416038513184
lead: 3
pred mean: 9.328326225280762
lead: 3
pred mean: 9.346874237060547
lead: 3
pred mean: 9.347606658935547
lead: 2
pred mean: 9.328542709350586
lead: 4
pred mean: 9.337875366210938
lead: 5
pred mean: 9.327362060546875
 84%|████████▎ | 1549/1855 [31:01<06:07,  1.20s/it]lead: 1
pred mean: 9.333794593811035
lead: 5
pred mean: 9.338497161865234
lead: 4
pred mean: 9.328768730163574
lead: 4lead:
 2
pred mean:pred mean:  9.3434762954711919.330340385437012

lead: 1
pred mean: 9.335869789123535
lead: 4
pred mean: 9.3475341796875
lead: 4
pred mean: 9.352211952209473
 84%|████████▎ | 1550/1855 [31:02<06:03,  1.19s/it]                                                   {'loss': 5.1745, 'learning_rate': 1.6032277055992228e-05, 'epoch': 4.18}
 84%|████████▎ | 1550/1855 [31:02<06:03,  1.19s/it]lead: 2
pred mean: 9.349881172180176
lead: 0
lead: 2
pred mean: 9.352628707885742
pred mean: 9.344279289245605
lead: 3
pred mean: 9.33232307434082
lead: 4
pred mean: 9.336833000183105
lead: 2
pred mean: 9.347761154174805
lead: 0
pred mean: 9.333139419555664
lead: 4
pred mean: 9.34918212890625
 84%|████████▎ | 1551/1855 [31:04<06:00,  1.19s/it]lead: 1
lead: 1
pred mean: 9.34778881072998
pred mean: 9.332018852233887
lead: 3
pred mean: 9.353633880615234
lead: 4
pred mean: 9.327996253967285
lead:lead:  40

pred mean:pred mean:  9.3194456100463879.34014892578125

lead: 3
pred mean: 9.332341194152832
lead: 5
pred mean: 9.320134162902832
 84%|████████▎ | 1552/1855 [31:05<06:00,  1.19s/it]lead: 3
pred mean: 9.332076072692871
lead: 5
lead: 1
pred mean: 9.354044914245605
pred mean: 9.318830490112305
lead: 0
pred mean: 9.327004432678223
lead: 5
pred mean: 9.334481239318848
lead: 2
pred mean: 9.33977222442627
lead: 2
pred mean: 9.333038330078125
lead: 2
pred mean: 9.347071647644043
 84%|████████▎ | 1553/1855 [31:06<05:59,  1.19s/it]lead: 0
pred mean: 9.338513374328613
lead: 3
lead: 2
pred mean: 9.337052345275879
pred mean: 9.3475341796875
lead: 3
pred mean: 9.335458755493164
lead: 5
pred mean: 9.33349895477295
lead: 1
lead: 2
pred mean: 9.330665588378906
pred mean: 9.334892272949219
lead: 2
pred mean: 9.329839706420898
 84%|████████▍ | 1554/1855 [31:07<05:55,  1.18s/it]lead: 0
pred mean: 9.339728355407715
lead: 4
lead:pred mean:  5
9.337979316711426
pred mean: 9.34708023071289
lead: 0
pred mean: 9.339866638183594
lead: 1
pred mean: 9.343379974365234
lead: 4
pred mean: 9.339676856994629
lead: 1
pred mean: 9.345833778381348
lead: 4
pred mean: 9.336718559265137
 84%|████████▍ | 1555/1855 [31:08<05:56,  1.19s/it]                                                   {'loss': 5.1679, 'learning_rate': 1.5524872737371167e-05, 'epoch': 4.19}
 84%|████████▍ | 1555/1855 [31:08<05:56,  1.19s/it]lead: 0
pred mean: 9.348895072937012
lead:lead:  40

pred mean:pred mean:  9.352573394775399.33207893371582

lead: 4
lead: 4
pred mean: lead:9.337160110473633 
2
pred mean: 9.349759101867676
pred mean: 9.33932113647461
lead: 1
pred mean: 9.346932411193848
lead: 1
pred mean: 9.340848922729492
 84%|████████▍ | 1556/1855 [31:10<05:55,  1.19s/it]lead: 5
pred mean: 9.35417652130127
lead: 5
pred mean: 9.351250648498535
lead: 1
pred mean: 9.34909439086914
lead: 5
pred mean: 9.326255798339844
lead: 4
pred mean: 9.32319450378418
lead: 0
pred mean: 9.34105110168457
lead: 0
pred mean: 9.351187705993652
lead: 1
pred mean: 9.330558776855469
 84%|████████▍ | 1557/1855 [31:11<05:54,  1.19s/it]lead: 3
pred mean: 9.351146697998047
lead: 0
pred mean: 9.345393180847168
lead: 2
pred mean: 9.350414276123047
lead: 4
pred mean: 9.335981369018555
lead: 2
pred mean: 9.33593463897705
lead: 1
pred mean: 9.355670928955078
lead: 1
pred mean: 9.352136611938477
lead: 3
pred mean: 9.342275619506836
 84%|████████▍ | 1558/1855 [31:12<05:52,  1.19s/it]lead: 5
pred mean: 9.34841251373291
lead: 4
pred mean: 9.3360595703125
lead: 4
lead: 4
pred mean: 9.356158256530762
pred mean: 9.348493576049805
lead: 4
pred mean: 9.340971946716309
lead: 0
pred mean: 9.32656478881836
lead: 5
pred mean: 9.342137336730957
lead: 3
pred mean: 9.344078063964844
 84%|████████▍ | 1559/1855 [31:13<05:52,  1.19s/it]lead: 3
pred mean: 9.345985412597656
lead: 5
pred mean: 9.33658218383789
lead: 0
pred mean: 9.344755172729492
lead: 4
pred mean: 9.342381477355957
lead: 1
pred mean: 9.348191261291504
lead: 3
pred mean: 9.337179183959961
lead: 3
pred mean: 9.348493576049805
lead: 3
pred mean: 9.336601257324219
 84%|████████▍ | 1560/1855 [31:14<05:47,  1.18s/it]                                                   {'loss': 5.1619, 'learning_rate': 1.5024951022196865e-05, 'epoch': 4.2}
 84%|████████▍ | 1560/1855 [31:14<05:47,  1.18s/it]lead: 0
pred mean: 9.339675903320312
lead: 5
pred mean: 9.350290298461914
lead: 4
pred mean: 9.32414436340332
lead: 5
lead:pred mean:  0
9.348109245300293
pred mean: 9.33854866027832
lead: 4
pred mean: 9.341904640197754
lead: 5
pred mean: 9.337675094604492
lead: 0
pred mean: 9.34492301940918
 84%|████████▍ | 1561/1855 [31:15<05:46,  1.18s/it]lead: 2
pred mean: 9.338521957397461
lead: 3
pred mean: 9.336243629455566
lead: 0
pred mean: 9.327333450317383
lead: 1
pred mean: 9.325807571411133
lead: 1
pred mean: 9.33606243133545
lead: 5
pred mean: 9.342494010925293
lead: 0
pred mean: 9.328988075256348
lead: 4
pred mean: 9.331616401672363
 84%|████████▍ | 1562/1855 [31:17<05:47,  1.18s/it]lead: 1
pred mean: 9.359681129455566
lead: 2
pred mean: 9.347142219543457
lead: 0
pred mean: 9.349024772644043
lead: 3
pred mean: 9.350091934204102
lead: 0
lead: 0
pred mean: 9.351842880249023
pred mean: 9.340700149536133
lead: 3
pred mean: 9.352142333984375
lead: 0
pred mean: 9.345269203186035
 84%|████████▍ | 1563/1855 [31:18<05:46,  1.19s/it]lead: 3
pred mean: 9.331632614135742
lead: 1
pred mean: 9.339264869689941
lead: 2
pred mean: 9.355334281921387
lead: 3
pred mean: 9.350848197937012
lead: 3
pred mean: 9.35632038116455
lead: 1
pred mean: 9.34979248046875
lead: 4
pred mean: 9.334402084350586
lead: 0
pred mean: 9.342586517333984
 84%|████████▍ | 1564/1855 [31:19<05:45,  1.19s/it]lead: 0
pred mean: 9.33548641204834
lead: 4
pred mean: 9.328554153442383
lead: 5
pred mean: 9.347437858581543
lead: 4
lead: 1
pred mean: 9.327903747558594
pred mean: 9.328981399536133
lead: 3
pred mean: 9.350691795349121
lead: 2
pred mean: 9.332803726196289
lead: 3
pred mean: 9.318507194519043
 84%|████████▍ | 1565/1855 [31:20<05:43,  1.18s/it]                                                   {'loss': 5.1538, 'learning_rate': 1.4532556192331604e-05, 'epoch': 4.22}
 84%|████████▍ | 1565/1855 [31:20<05:43,  1.18s/it]lead: 5
pred mean: 9.313150405883789
lead: 3
pred mean: 9.325950622558594
lead: 3
pred mean: 9.330314636230469
lead: 2
pred mean: 9.327970504760742
lead: 2
pred mean: 9.338592529296875
lead: 0
pred mean: 9.322439193725586
lead: 5
pred mean: 9.323576927185059
lead: 5
pred mean: 9.332959175109863
 84%|████████▍ | 1566/1855 [31:21<05:42,  1.18s/it]lead: 1
pred mean: 9.3543701171875
lead: 5
pred mean: 9.352033615112305
lead: 2
pred mean: 9.338471412658691
lead: 2
pred mean: 9.341327667236328
lead: 4
pred mean: 9.349566459655762
lead: 0
pred mean: 9.342301368713379
lead: 2
pred mean: 9.349090576171875
lead: 2
pred mean: 9.33298110961914
 84%|████████▍ | 1567/1855 [31:23<05:39,  1.18s/it]lead: 0
pred mean: 9.359885215759277
lead: 0
pred mean: 9.356599807739258
lead: 5
pred mean: 9.350977897644043
lead: 0
pred mean:lead:  9.3632993698120120

pred mean: 9.348125457763672
lead: 5
pred mean: 9.364242553710938
lead: 5
pred mean: 9.356209754943848
lead: 0
pred mean: 9.347556114196777
 85%|████████▍ | 1568/1855 [31:24<05:39,  1.18s/it]lead: 4
pred mean: 9.364415168762207
lead: 2
pred mean: 9.366917610168457
lead: 5
pred mean: 9.362695693969727
lead: 3
pred mean: 9.35365104675293
lead: 2
pred mean: 9.35233211517334
lead: 2
pred mean: 9.361315727233887
lead: 2
pred mean: 9.352280616760254
lead: 3
pred mean: 9.354301452636719
 85%|████████▍ | 1569/1855 [31:25<05:37,  1.18s/it]lead: 1
pred mean: 9.349230766296387
lead: 0
pred mean: 9.350457191467285
lead: 2
pred mean: 9.357171058654785
lead: 4
pred mean: 9.336730003356934
lead: 4
pred mean: 9.351346015930176
lead: 0
pred mean: 9.352606773376465
lead: 4
pred mean: 9.350319862365723
lead: 3
pred mean: 9.3518705368042
 85%|████████▍ | 1570/1855 [31:26<05:39,  1.19s/it]                                                   {'loss': 5.1487, 'learning_rate': 1.4047731862924196e-05, 'epoch': 4.23}
 85%|████████▍ | 1570/1855 [31:26<05:39,  1.19s/it]lead: 4
pred mean: 9.346962928771973
lead: 2
pred mean: 9.32336139678955
lead: 4
pred mean: 9.346993446350098
lead: 3
pred mean: 9.344988822937012
lead: 4
pred mean: 9.330893516540527
lead: 1
pred mean: 9.34097671508789
lead: 3
pred mean: 9.332682609558105
lead: 3
pred mean: 9.33365535736084
 85%|████████▍ | 1571/1855 [31:27<05:37,  1.19s/it]lead: 5
pred mean: 9.346458435058594
lead: 2
pred mean: 9.328436851501465
lead: 1
pred mean: 9.344953536987305
lead: 3
pred mean: 9.343321800231934
lead: 1
pred mean: 9.358234405517578
lead: 1
pred mean: 9.334803581237793
lead: 3
pred mean: 9.339460372924805
lead: 4
pred mean: 9.347691535949707
 85%|████████▍ | 1572/1855 [31:29<05:37,  1.19s/it]lead: 1
pred mean: 9.347743034362793
lead: 2
pred mean: 9.359396934509277
lead: 0
pred mean: 9.359232902526855
lead: 2
pred mean: 9.358601570129395
lead: 4
pred mean: 9.343245506286621
lead: 0
pred mean: 9.338762283325195
lead: 4
pred mean: 9.355420112609863
lead: 2
pred mean: 9.345885276794434
 85%|████████▍ | 1573/1855 [31:30<05:34,  1.19s/it]lead: 0
pred mean: 9.360535621643066
lead: 5
pred mean: 9.348095893859863
lead: 4
pred mean: 9.353888511657715
lead: 5
pred mean: 9.354747772216797
lead: 1
pred mean: 9.355961799621582
lead: 3
pred mean: 9.35858154296875
lead: 0
pred mean: 9.359341621398926
lead: 5
pred mean: 9.359956741333008
 85%|████████▍ | 1574/1855 [31:31<05:33,  1.19s/it]lead: 0
pred mean: 9.357945442199707
lead:lead:  44

pred mean: pred mean:9.350383758544922 
9.347405433654785
lead: 0
pred mean: 9.356532096862793
lead: 3
pred mean: 9.361775398254395
lead: 3
pred mean: 9.352439880371094
lead: 5
pred mean: 9.362926483154297
lead: 1
pred mean: 9.352746963500977
 85%|████████▍ | 1575/1855 [31:32<05:34,  1.19s/it]                                                   {'loss': 5.143, 'learning_rate': 1.3570520978546875e-05, 'epoch': 4.25}
 85%|████████▍ | 1575/1855 [31:32<05:34,  1.19s/it]lead: 0
pred mean: 9.339686393737793
lead: 2
pred mean: 9.346124649047852
lead:lead:  10

pred mean:pred mean:  9.3383703231811529.346628189086914

lead: 4
lead: 5
pred mean: 9.350787162780762
pred mean: 9.347224235534668
lead: 0
pred mean: 9.34033203125
lead: 3
pred mean: 9.337409019470215
 85%|████████▍ | 1576/1855 [31:33<05:33,  1.20s/it]lead: 1
pred mean: 9.336888313293457
lead: 0
pred mean: 9.341757774353027
lead: 1
pred mean: 9.345979690551758
lead: 3
pred mean: 9.340851783752441
lead: 5
pred mean: 9.339887619018555
lead: 4
pred mean: 9.340668678283691
lead: 5
pred mean: 9.351548194885254
lead: 2
pred mean: 9.347451210021973
 85%|████████▌ | 1577/1855 [31:35<05:33,  1.20s/it]lead: 2
pred mean: 9.340113639831543
lead: 3
pred mean: 9.337450981140137
lead: 1
pred mean: 9.337536811828613
lead: 0
pred mean: 9.349343299865723
lead: 1
pred mean: 9.328365325927734
lead: 1
pred mean: 9.329314231872559
lead: 5
pred mean: 9.350151062011719
lead: 1
pred mean: 9.333353042602539
 85%|████████▌ | 1578/1855 [31:36<05:33,  1.21s/it]lead: 1
lead: 4
pred mean: 9.370368003845215
pred mean: 9.35690975189209
lead: 3
pred mean: 9.354029655456543
lead: 3
pred mean: 9.357104301452637
lead: 1
pred mean: 9.368154525756836
lead: 3
pred mean: 9.35861873626709
lead: 1
pred mean: 9.34564208984375
lead: 1
pred mean: 9.36083984375
 85%|████████▌ | 1579/1855 [31:37<05:34,  1.21s/it]lead: 5
pred mean: 9.36030387878418
lead: 3
pred mean: 9.363938331604004
lead: 1
pred mean: 9.370848655700684
lead: 4
pred mean: 9.380279541015625
lead: 2
pred mean: 9.367387771606445
lead: 4
pred mean: 9.377979278564453
lead: 4
pred mean: 9.366021156311035
lead: 4
pred mean: 9.368114471435547
 85%|████████▌ | 1580/1855 [31:38<05:34,  1.22s/it]                                                   {'loss': 5.1379, 'learning_rate': 1.310096580939112e-05, 'epoch': 4.26}
 85%|████████▌ | 1580/1855 [31:38<05:34,  1.22s/it]lead: 3
pred mean: 9.355082511901855
lead: 0
pred mean: 9.368618965148926
lead: 0
pred mean: 9.376150131225586
lead: 3
pred mean: 9.372381210327148
lead: 3
pred mean: 9.368724822998047
lead: 4
pred mean: 9.361661911010742
lead: 3
pred mean: 9.378344535827637
lead: 1
pred mean: 9.361228942871094
 85%|████████▌ | 1581/1855 [31:39<05:28,  1.20s/it]lead: 2
pred mean: 9.359978675842285
lead: 3
pred mean: 9.343050003051758
lead: 5
pred mean: 9.352776527404785
lead: 2
pred mean: 9.359047889709473
lead: 2
pred mean: 9.348615646362305
lead: 2
pred mean: 9.347230911254883
lead: 5
pred mean: 9.352411270141602
lead: 0
pred mean: 9.355131149291992
 85%|████████▌ | 1582/1855 [31:41<05:27,  1.20s/it]lead: 1
pred mean: 9.338570594787598
lead: 5
pred mean: 9.348413467407227
lead: 1
pred mean: 9.34433650970459
lead: 5
pred mean: 9.343023300170898
lead: 0
lead: 2
pred mean: 9.357806205749512
pred mean: 9.350303649902344
lead: 0
pred mean: 9.346074104309082
lead: 0
pred mean: 9.343650817871094
 85%|████████▌ | 1583/1855 [31:42<05:26,  1.20s/it]lead: 5
pred mean: 9.352068901062012
lead: 3
pred mean: 9.340595245361328
lead: 0
pred mean: 9.341795921325684
lead: 3
pred mean: 9.347475051879883
lead: 5
pred mean: 9.343233108520508
lead: 0
pred mean: 9.350397109985352
lead: 0
pred mean: 9.356432914733887
lead: 2
pred mean: 9.347868919372559
 85%|████████▌ | 1584/1855 [31:43<05:24,  1.20s/it]lead: 0
pred mean: 9.338830947875977
lead: 2
pred mean: 9.334729194641113
lead: 5
pred mean: 9.361823081970215
lead: 1
pred mean: 9.35845947265625
lead: 4
pred mean: 9.34399127960205
lead: 4
pred mean: 9.34200382232666
lead: 1
pred mean: 9.348114013671875
lead: 5
pred mean: 9.351715087890625
 85%|████████▌ | 1585/1855 [31:44<05:23,  1.20s/it]                                                   {'loss': 5.1314, 'learning_rate': 1.2639107947523631e-05, 'epoch': 4.27}
 85%|████████▌ | 1585/1855 [31:44<05:23,  1.20s/it]lead: 0
lead: 3
pred mean: 9.354635238647461
pred mean: 9.350761413574219
lead: 2
pred mean: 9.362052917480469
lead: 5
pred mean: 9.358108520507812
lead: 1
pred mean: 9.353678703308105
lead: 3
pred mean: 9.369730949401855
lead: 4
pred mean: 9.361555099487305
lead: 5
pred mean: 9.365031242370605
 85%|████████▌ | 1586/1855 [31:45<05:18,  1.18s/it]lead: 0
pred mean: 9.352041244506836
lead: 4
pred mean: 9.370593070983887
lead: 0
pred mean: 9.37421989440918
lead: 5
pred mean: 9.367354393005371
lead: 4
pred mean: 9.351030349731445
lead: 0
pred mean: 9.36814022064209
lead: 4
pred mean: 9.364699363708496
lead: 3
pred mean: 9.366222381591797
 86%|████████▌ | 1587/1855 [31:47<05:18,  1.19s/it]lead: 3
pred mean: 9.342181205749512
lead: 1
pred mean: 9.338458061218262
lead: 4
pred mean: 9.359222412109375
lead: 5
pred mean: 9.36701774597168
lead: 5
pred mean: 9.349428176879883
lead: 0
pred mean: 9.342193603515625
lead: 0
pred mean: 9.353361129760742
lead: 0
pred mean: 9.3410062789917
 86%|████████▌ | 1588/1855 [31:48<05:16,  1.19s/it]lead: 4
pred mean: 9.351408004760742
lead: 2
pred mean: 9.34642505645752
lead: 5
pred mean: 9.360304832458496
lead: 1
pred mean: 9.351648330688477
lead: 3
pred mean: 9.337702751159668
lead: 4
pred mean: 9.346660614013672
lead: 3
pred mean: 9.350671768188477
lead: 1
pred mean: 9.343939781188965
 86%|████████▌ | 1589/1855 [31:49<05:15,  1.19s/it]lead: 4
pred mean: 9.3640775680542
lead: 4
pred mean: 9.352721214294434
lead: 5
pred mean: 9.3558931350708
lead: 3
pred mean: 9.356721878051758
lead: 4
pred mean: 9.337263107299805
lead: 0
pred mean: 9.350975036621094
lead: 4
pred mean: 9.345294952392578
lead: 1
pred mean: 9.348746299743652
 86%|████████▌ | 1590/1855 [31:50<05:15,  1.19s/it]                                                   {'loss': 5.1264, 'learning_rate': 1.218498830320216e-05, 'epoch': 4.29}
 86%|████████▌ | 1590/1855 [31:50<05:15,  1.19s/it]lead: 1
pred mean: 9.366495132446289
lead: 1
pred mean: 9.371670722961426
lead: 0
pred mean: 9.364151954650879
lead: 1
pred mean: lead:9.369297981262207 
0
pred mean: 9.351841926574707
lead: 2
pred mean: 9.354940414428711
lead: 2
pred mean: 9.359004974365234
lead: 1
pred mean: 9.356453895568848
 86%|████████▌ | 1591/1855 [31:51<05:14,  1.19s/it]lead: 4
pred mean: 9.368199348449707
lead: 5
pred mean: 9.373013496398926
lead: 1
pred mean: 9.35686206817627
lead: 0
pred mean: 9.360404968261719
lead: 5
pred mean: 9.350404739379883
lead: 1
pred mean: 9.361381530761719
lead: 4
pred mean: 9.35297679901123
lead: 2
pred mean: 9.357617378234863
 86%|████████▌ | 1592/1855 [31:52<05:13,  1.19s/it]lead: 1
pred mean: 9.357979774475098
lead: 4
pred mean: 9.36944580078125
lead: 5
pred mean: 9.374688148498535
lead: 2
pred mean: 9.3534517288208
lead: 5
pred mean: 9.36270809173584
lead: 1
pred mean: 9.351571083068848
lead: 1
lead:pred mean:  9.3554973602294923

pred mean: 9.37108039855957
 86%|████████▌ | 1593/1855 [31:54<05:12,  1.19s/it]lead: 5
pred mean: 9.355690002441406
lead: 1
lead:pred mean:  3
9.356813430786133
pred mean: 9.371793746948242
lead: 0
pred mean: 9.363245010375977
lead: 1
pred mean: 9.35321044921875
lead: 4
pred mean: 9.350701332092285
lead: 2
pred mean: 9.35698127746582
lead: 3
pred mean: 9.357104301452637
 86%|████████▌ | 1594/1855 [31:55<05:09,  1.19s/it]lead: 2
pred mean: 9.354458808898926
lead: 5
pred mean: 9.374818801879883
lead: 5
pred mean: 9.375944137573242
lead: 2
pred mean: 9.367990493774414
lead: 2
pred mean: 9.368005752563477
lead: 2
pred mean: 9.366387367248535
lead: 3
pred mean: 9.365389823913574
lead: 4
pred mean: 9.354394912719727
 86%|████████▌ | 1595/1855 [31:56<05:09,  1.19s/it]                                                   {'loss': 5.1215, 'learning_rate': 1.1738647101251743e-05, 'epoch': 4.3}
 86%|████████▌ | 1595/1855 [31:56<05:09,  1.19s/it]lead: 4
pred mean: 9.366646766662598
lead: 1
pred mean: 9.359330177307129
lead: 2
pred mean: 9.361420631408691
lead: 2
pred mean: 9.360960006713867
lead: 3
pred mean: 9.344268798828125
lead: 0
pred mean: lead:9.358835220336914 
4
pred mean: 9.361392974853516
lead: 5
pred mean: 9.352667808532715
 86%|████████▌ | 1596/1855 [31:57<05:09,  1.20s/it]lead: 1
pred mean: 9.348587989807129
lead: 5
pred mean: 9.36579418182373
lead: 4
pred mean: 9.36539077758789
lead: 2
pred mean: 9.347895622253418
lead: 0
pred mean: 9.376823425292969
lead: 0
pred mean: 9.368818283081055
lead: 2
pred mean: 9.355104446411133
lead: 5
pred mean: 9.360404968261719
 86%|████████▌ | 1597/1855 [31:58<05:07,  1.19s/it]lead: 3
pred mean: 9.361565589904785
lead: 4
pred mean: 9.361857414245605
lead: 0
lead: 3
pred mean: 9.359641075134277
pred mean: 9.353053092956543
lead: 5
pred mean: 9.361355781555176
lead: 1
pred mean: 9.354211807250977
lead: 1
pred mean: 9.359443664550781
lead: 4
pred mean: 9.364655494689941
 86%|████████▌ | 1598/1855 [32:00<05:06,  1.19s/it]lead: 3
pred mean: 9.369261741638184
lead:lead:  22

pred mean:pred mean:  9.3863239288330089.371562957763672

lead: 4
pred mean: 9.35983943939209
lead: 2
pred mean: 9.36137866973877
lead: 0
pred mean: 9.3582763671875
lead: 5
pred mean: 9.360480308532715
lead: 4
pred mean: 9.37155532836914
 86%|████████▌ | 1599/1855 [32:01<05:03,  1.19s/it]lead: 0
lead: 2
pred mean: 9.36853313446045
pred mean: 9.3831787109375
lead: 5
lead: 3
pred mean: 9.384952545166016
pred mean: 9.374948501586914
lead: 1
pred mean: 9.360250473022461
lead: 0
pred mean: 9.3795166015625
lead: 1
pred mean: 9.376161575317383
lead: 0
pred mean: 9.385939598083496
 86%|████████▋ | 1600/1855 [32:02<05:02,  1.18s/it]                                                   {'loss': 5.1167, 'learning_rate': 1.1300123877501756e-05, 'epoch': 4.31}
 86%|████████▋ | 1600/1855 [32:02<05:02,  1.18s/it][INFO|configuration_utils.py:457] 2026-03-21 11:50:36,813 >> Configuration saved in ./output/train_stage1/exp4/checkpoint-1600/config.json
[INFO|modeling_utils.py:1847] 2026-03-21 11:50:38,695 >> Model weights saved in ./output/train_stage1/exp4/checkpoint-1600/pytorch_model.bin
lead: 3
pred mean: 9.359135627746582
lead: 3
pred mean: 9.369799613952637
lead: 4
pred mean: 9.361830711364746
lead: 2
lead:pred mean:  59.36677360534668

pred mean: 9.371745109558105
lead: 3
pred mean: 9.344080924987793
lead: 5
pred mean: 9.363560676574707
lead: 3
pred mean: 9.364102363586426
 86%|████████▋ | 1601/1855 [32:06<08:47,  2.07s/it]lead: 3
pred mean: 9.361956596374512
lead: 3
pred mean: 9.349357604980469
lead: 2
pred mean: 9.3733549118042
lead: 1
lead: 1
pred mean: 9.368852615356445
pred mean: 9.355619430541992
lead: 3
pred mean: 9.361828804016113
lead: 0
pred mean: 9.347064018249512
lead: 1
pred mean: 9.353151321411133
 86%|████████▋ | 1602/1855 [32:07<07:37,  1.81s/it]lead: 0
pred mean: 9.354034423828125
lead: 5
pred mean: 9.372422218322754
lead: 2
pred mean: 9.365982055664062
lead: 4
pred mean: 9.373824119567871
lead: 2
pred mean: 9.354559898376465
lead: 3
pred mean: 9.365015983581543
lead: 2
pred mean: 9.368306159973145
lead: 0
pred mean: 9.363722801208496
 86%|████████▋ | 1603/1855 [32:09<06:51,  1.63s/it]lead: 2
pred mean: 9.364378929138184
lead: 4
lead:pred mean:  09.365596771240234

pred mean: 9.359993934631348
lead: 1
pred mean: 9.375374794006348
lead: 5
pred mean: 9.358838081359863
lead: 2
pred mean: 9.35517692565918
lead: 3
pred mean: 9.37710952758789
lead: 0
pred mean: 9.37144660949707
 86%|████████▋ | 1604/1855 [32:10<06:16,  1.50s/it]lead: 5
pred mean: 9.370460510253906
lead: 2
pred mean: 9.37588882446289
lead: 5
pred mean: 9.366299629211426
lead: 1
lead: 4pred mean:
 9.376290321350098
pred mean: 9.375648498535156
lead: 0
pred mean: 9.377092361450195
lead: 4
pred mean: 9.373217582702637
lead: 0
pred mean: 9.362770080566406
 87%|████████▋ | 1605/1855 [32:11<05:50,  1.40s/it]                                                   {'loss': 5.1125, 'learning_rate': 1.086945747528385e-05, 'epoch': 4.33}
 87%|████████▋ | 1605/1855 [32:11<05:50,  1.40s/it]lead: 3
pred mean: 9.359820365905762
lead: 2
lead: 3
pred mean: 9.356207847595215
pred mean: 9.359353065490723
lead: 1
pred mean: 9.366705894470215
lead: 3
pred mean: 9.3595609664917
lead: 2
pred mean: 9.37015151977539
lead: 1
pred mean: 9.365184783935547
lead: 1
pred mean: 9.374258041381836
 87%|████████▋ | 1606/1855 [32:12<05:35,  1.35s/it]lead: 0
pred mean: 9.360533714294434
lead: 2
pred mean: 9.37044906616211
lead: 3
pred mean: 9.371598243713379
lead: 5
pred mean: 9.364401817321777
lead: 1
pred mean: 9.3789644241333
lead: 0
pred mean: 9.378629684448242
lead: 2
pred mean: 9.36134147644043
lead: 2
pred mean: 9.364497184753418
 87%|████████▋ | 1607/1855 [32:13<05:24,  1.31s/it]lead: 0
pred mean: 9.390090942382812
lead: 2
pred mean: 9.377320289611816
lead: 5
pred mean: 9.369097709655762
lead: 5
pred mean: 9.358071327209473
lead: 3
pred mean: 9.372825622558594
lead: 0
pred mean: 9.369210243225098
lead: 1
pred mean: 9.37512493133545
lead: 0
pred mean: 9.387175559997559
 87%|████████▋ | 1608/1855 [32:15<05:16,  1.28s/it]lead: 3
pred mean: 9.361298561096191
lead: 2
pred mean: 9.380678176879883
lead: 5
pred mean: 9.379034996032715
lead: 5
pred mean: 9.382314682006836
lead: 0
pred mean: 9.374736785888672
lead: 5
pred mean: 9.37983226776123
lead: 3
pred mean: 9.373013496398926
lead: 2
pred mean: 9.370331764221191
 87%|████████▋ | 1609/1855 [32:16<05:10,  1.26s/it]lead: 1
pred mean: 9.366776466369629
lead: 1
pred mean: 9.376227378845215
lead:lead:  21

pred mean: pred mean:9.378710746765137 
9.377518653869629
lead: 0
pred mean: 9.384900093078613
lead: 1
pred mean: 9.381985664367676
lead: 4
pred mean: 9.373345375061035
lead: 5
pred mean: 9.390362739562988
 87%|████████▋ | 1610/1855 [32:17<05:04,  1.24s/it]                                                   {'loss': 5.1076, 'learning_rate': 1.044668604199135e-05, 'epoch': 4.34}
 87%|████████▋ | 1610/1855 [32:17<05:04,  1.24s/it]lead: 5
pred mean: 9.355286598205566
lead: 0
pred mean: 9.351489067077637
lead: 0
pred mean: 9.364707946777344
lead: 5
pred mean: 9.367234230041504
lead: 3
pred mean: 9.364568710327148
lead: 0
pred mean: 9.36361312866211
lead: 4
pred mean: 9.358227729797363
lead: 5
pred mean: 9.364431381225586
 87%|████████▋ | 1611/1855 [32:18<04:58,  1.22s/it]lead:lead:  13

pred mean:pred mean:  9.3583536148071299.36123275756836

lead: 5
pred mean: 9.355379104614258
lead: 3
pred mean: 9.37771987915039
lead: 4
pred mean: 9.357437133789062
lead: 3
pred mean: 9.349226951599121
lead: 4
pred mean: 9.365569114685059
lead: 5
pred mean: 9.351675033569336
 87%|████████▋ | 1612/1855 [32:19<04:55,  1.21s/it]lead: 4
pred mean: 9.372393608093262
lead: 5
pred mean: 9.359742164611816
lead: 4
pred mean: 9.356524467468262
lead: 4
pred mean: 9.367398262023926
lead: 3
pred mean: 9.361957550048828
lead: 2
pred mean: 9.3712739944458
lead: 0
pred mean: 9.35741138458252
lead: 0
pred mean: 9.352252960205078
 87%|████████▋ | 1613/1855 [32:21<04:52,  1.21s/it]lead: 0
pred mean: 9.36716365814209
lead: 3
pred mean: 9.378447532653809
lead: 2
pred mean: 9.371233940124512
lead: 5
pred mean: 9.375959396362305
lead: 5
pred mean: 9.373821258544922
lead: 0
pred mean: 9.366019248962402
lead: 1
pred mean: 9.369351387023926
lead: 3
pred mean: 9.368831634521484
 87%|████████▋ | 1614/1855 [32:22<04:54,  1.22s/it]lead:lead:  44

pred mean:pred mean:  9.379896163940439.375250816345215

lead: 0
pred mean: 9.382453918457031
lead: 2
pred mean: 9.364828109741211
lead: 1
pred mean: 9.382246971130371
lead: 2
pred mean: 9.373678207397461
lead: 0
pred mean: 9.377878189086914
lead: 0
pred mean: 9.380054473876953
 87%|████████▋ | 1615/1855 [32:23<04:50,  1.21s/it]                                                   {'loss': 5.1031, 'learning_rate': 1.0031847025700236e-05, 'epoch': 4.35}
 87%|████████▋ | 1615/1855 [32:23<04:50,  1.21s/it]lead: 0
pred mean: 9.384194374084473
lead: 0
pred mean: 9.3822603225708
lead: 5
pred mean:lead:  9.385267257690434

pred mean: 9.376839637756348
lead: 2
pred mean: 9.379673957824707
lead:lead:  00

pred mean:pred mean:  9.3744306564331059.394155502319336

lead: 2
pred mean: 9.383808135986328
 87%|████████▋ | 1616/1855 [32:24<04:47,  1.20s/it]lead: 3
pred mean: 9.37077808380127
lead: 4
pred mean: 9.366114616394043
lead: 0
pred mean: 9.377509117126465
lead: 1
pred mean: 9.38032341003418
lead: 4
pred mean: 9.383934020996094
lead: 1
pred mean: 9.377828598022461
lead: 0
pred mean: 9.367497444152832
lead: 3
pred mean: 9.378199577331543
 87%|████████▋ | 1617/1855 [32:25<04:44,  1.19s/it]lead: 4
pred mean: 9.375222206115723
lead: 1
pred mean: 9.381436347961426
lead: 4
pred mean: 9.373559951782227
lead: 5
pred mean: 9.38512897491455
lead: 3
pred mean: 9.376492500305176
lead: 0
pred mean: 9.354055404663086
lead: 3
pred mean: 9.36114501953125
lead: 3
pred mean: 9.384049415588379
 87%|████████▋ | 1618/1855 [32:27<04:44,  1.20s/it]lead: 4
pred mean: 9.378328323364258
lead: 3
pred mean: 9.365259170532227
lead: 5
pred mean: 9.376294136047363
lead: 5
pred mean: 9.36621379852295
lead: 2
pred mean: 9.379532814025879
lead: 2
pred mean: 9.366520881652832
lead: 0
pred mean: 9.3673734664917
lead: 4
pred mean: 9.378518104553223
 87%|████████▋ | 1619/1855 [32:28<04:42,  1.20s/it]lead: 3
pred mean: 9.355737686157227
lead: 3
pred mean: 9.375564575195312
lead: 4
pred mean: 9.381966590881348
lead: 1
pred mean: 9.381142616271973
lead: 2
pred mean: 9.380572319030762
lead: 2
pred mean: 9.379794120788574
lead: 2
pred mean: 9.382314682006836
lead: 0
pred mean: 9.368725776672363
 87%|████████▋ | 1620/1855 [32:29<04:40,  1.19s/it]                                                   {'loss': 5.0991, 'learning_rate': 9.62497717185208e-06, 'epoch': 4.37}
 87%|████████▋ | 1620/1855 [32:29<04:40,  1.19s/it]lead: 1
pred mean: 9.370742797851562
lead: 0
lead: 0
pred mean: 9.368185997009277
pred mean: 9.375933647155762
lead: 2
pred mean: 9.381828308105469
lead: 5
pred mean: 9.385937690734863
lead: 2
pred mean: 9.385488510131836
lead: 5
pred mean: 9.38315486907959
lead: 4
pred mean: 9.368134498596191
 87%|████████▋ | 1621/1855 [32:30<04:40,  1.20s/it]lead: 4
pred mean: 9.369142532348633
lead: 3
lead: 0
pred mean: 9.375762939453125
pred mean: 9.370187759399414
lead: 4
pred mean: 9.38772201538086
lead: 4
pred mean: 9.385408401489258
lead: 0
pred mean: 9.388298034667969
lead: 5
pred mean: 9.380915641784668
lead: 3
pred mean: 9.391424179077148
 87%|████████▋ | 1622/1855 [32:31<04:38,  1.19s/it]lead: 4
pred mean: 9.378732681274414
lead: 1
pred mean: 9.36695671081543
lead: 0
pred mean: 9.388495445251465
lead: 0
pred mean: 9.373579025268555
lead: 2
pred mean: 9.38969612121582
lead: 5
pred mean: 9.384383201599121
lead: 5
pred mean: 9.375478744506836
lead: 5
pred mean: 9.382467269897461
 87%|████████▋ | 1623/1855 [32:32<04:35,  1.19s/it]lead: 5
pred mean: 9.365596771240234
lead: 0
pred mean: 9.378610610961914
lead: 4
pred mean: 9.371109962463379
lead: 3
pred mean: 9.396385192871094
lead: 5
pred mean: 9.365750312805176
lead: 1
lead:pred mean:  19.372483253479004

pred mean: 9.369250297546387
lead: 5
pred mean: 9.36756706237793
 88%|████████▊ | 1624/1855 [32:34<04:34,  1.19s/it]lead: 5
pred mean: 9.382542610168457
lead: 5
pred mean:lead:  9.3664102554321292

pred mean: 9.377873420715332
lead: 3
pred mean: 9.391205787658691
lead: 2
lead: 3
pred mean: 9.385574340820312
pred mean: 9.377436637878418
lead: 2
pred mean: 9.374762535095215
lead: 4
pred mean: 9.372815132141113
 88%|████████▊ | 1625/1855 [32:35<04:33,  1.19s/it]                                                   {'loss': 5.0959, 'learning_rate': 9.226112519999231e-06, 'epoch': 4.38}
 88%|████████▊ | 1625/1855 [32:35<04:33,  1.19s/it]lead: 1
pred mean: 9.369872093200684
lead: 0
pred mean: 9.379403114318848
lead: 0
pred mean: 9.37268352508545
lead: 1
pred mean: 9.358173370361328
lead: 5
pred mean: 9.38819694519043
lead: 5
pred mean: 9.378173828125
lead: 0
pred mean: 9.390070915222168
lead: 2
pred mean: 9.362221717834473
 88%|████████▊ | 1626/1855 [32:36<04:32,  1.19s/it]lead: 3
pred mean: 9.39072036743164
lead: 1
pred mean: 9.38083553314209
lead: 3
pred mean: 9.393990516662598
lead: 5
pred mean: 9.378740310668945
lead: 1
pred mean: 9.378389358520508
lead: 2
pred mean: 9.371764183044434
lead: 5
pred mean: 9.370810508728027
lead: 1
pred mean: 9.381071090698242
 88%|████████▊ | 1627/1855 [32:37<04:31,  1.19s/it]lead: 3
pred mean: 9.372654914855957
lead: 3
pred mean: 9.381940841674805
lead: 0
lead: 0
pred mean: 9.385380744934082
pred mean: 9.381214141845703
lead: 4
pred mean: 9.374290466308594
lead: 4
pred mean: 9.370858192443848
lead: 4
pred mean: 9.373884201049805
lead: 2
pred mean: 9.376934051513672
 88%|████████▊ | 1628/1855 [32:38<04:30,  1.19s/it]lead: 2
pred mean: 9.385857582092285
lead: 3
lead: 1
pred mean: 9.38302993774414
pred mean: 9.378495216369629
lead: 4
pred mean: 9.379171371459961
lead: 4
pred mean: 9.39285945892334
lead: 0
pred mean: 9.400416374206543
lead: 1
pred mean: 9.372284889221191
lead: 0
pred mean: 9.371487617492676
 88%|████████▊ | 1629/1855 [32:40<04:29,  1.19s/it]lead: 1
pred mean: 9.390329360961914
lead: 0
lead:pred mean:  59.380348205566406

pred mean: 9.373231887817383
lead: 1
pred mean: 9.387694358825684
lead: 2
pred mean: 9.384410858154297
lead: 5
pred mean: 9.373034477233887
lead: 0
pred mean: 9.390992164611816
lead: 4
pred mean: 9.384860038757324
 88%|████████▊ | 1630/1855 [32:41<04:28,  1.19s/it]                                                   {'loss': 5.091, 'learning_rate': 8.835288400612496e-06, 'epoch': 4.39}
 88%|████████▊ | 1630/1855 [32:41<04:28,  1.19s/it]lead: 3
pred mean: 9.37186336517334
lead: 0
pred mean: 9.376996994018555
lead: 2
lead: 3
pred mean: 9.377945899963379
pred mean: 9.383734703063965
lead: 5
pred mean: 9.368463516235352
lead: 2
pred mean: 9.368671417236328
lead: 1
pred mean: 9.370004653930664
lead: 1
pred mean: 9.382365226745605
 88%|████████▊ | 1631/1855 [32:42<04:26,  1.19s/it]lead: 4
pred mean: 9.381773948669434
lead: 3
pred mean: 9.371854782104492
lead: 5
pred mean: 9.384954452514648
lead: 1
pred mean: 9.375161170959473
lead: 1
pred mean: 9.384095191955566
lead: 3
pred mean: 9.387478828430176
lead: 0
pred mean: 9.370147705078125
lead: 1
pred mean: 9.371319770812988
 88%|████████▊ | 1632/1855 [32:43<04:25,  1.19s/it]lead: 4
pred mean: 9.381093978881836
lead: 3
pred mean: 9.38077163696289
lead: 1
pred mean: 9.385612487792969
lead: 4
pred mean: 9.358726501464844
lead: 5
pred mean: 9.37442398071289
lead: 5
pred mean: 9.37680721282959
lead: 5
pred mean: 9.370135307312012
lead: 1
pred mean: 9.377087593078613
 88%|████████▊ | 1633/1855 [32:44<04:23,  1.19s/it]lead: 0
lead: 1
lead:pred mean:  3
9.367857933044434
pred mean: lead:9.374406814575195 
0
pred mean: 9.376334190368652
pred mean: 9.395821571350098
lead: 4
pred mean: 9.391575813293457
lead: 4
pred mean: 9.379829406738281
lead: 0
pred mean: 9.375892639160156
lead: 0
pred mean: 9.364631652832031
 88%|████████▊ | 1634/1855 [32:46<04:21,  1.18s/it]lead: 3
pred mean: 9.370245933532715
lead: 1
pred mean: 9.365878105163574
lead: 5
pred mean: 9.373234748840332
lead: 2
pred mean: 9.37877368927002
lead: 0
pred mean: 9.367424011230469
lead: 2
pred mean: 9.377272605895996
lead: 0
pred mean: 9.384660720825195
lead: 0
pred mean: 9.389582633972168
 88%|████████▊ | 1635/1855 [32:47<04:21,  1.19s/it]                                                   {'loss': 5.0878, 'learning_rate': 8.452539431951667e-06, 'epoch': 4.41}
 88%|████████▊ | 1635/1855 [32:47<04:21,  1.19s/it]lead: 1
pred mean: 9.385790824890137
lead: 2
pred mean: 9.3916597366333
lead: 5
pred mean: 9.387228012084961
lead: 2
pred mean: 9.38746166229248
lead: 4
pred mean: 9.388612747192383
lead: 0
pred mean: 9.380878448486328
lead: 4
pred mean: 9.389853477478027
lead: 5
pred mean: 9.386385917663574
 88%|████████▊ | 1636/1855 [32:48<04:23,  1.20s/it]lead: 1
pred mean: 9.38589859008789
lead: 5
pred mean: 9.37746524810791
lead: 2
pred mean: 9.385443687438965
lead: 3
pred mean: 9.381424903869629
lead: 1
pred mean: 9.383583068847656
lead: 3
pred mean: 9.388938903808594
lead: 0
pred mean: 9.378175735473633
lead: 5
pred mean: 9.370525360107422
 88%|████████▊ | 1637/1855 [32:49<04:19,  1.19s/it]lead: 0
pred mean: 9.389068603515625
lead: 5
pred mean: 9.377025604248047
lead: 5
pred mean: 9.365169525146484
lead: 3
pred mean: 9.387091636657715
lead: 2
pred mean: 9.379223823547363
lead: 2
pred mean: 9.372047424316406
lead: 1
pred mean: 9.388815879821777
lead: 3
pred mean: 9.366707801818848
 88%|████████▊ | 1638/1855 [32:50<04:20,  1.20s/it]lead: 0
pred mean: 9.381044387817383
lead: 1
pred mean: 9.375151634216309
lead: 2
pred mean: 9.382491111755371
lead: 2
pred mean: 9.381767272949219
lead: 5
pred mean: 9.386290550231934
lead: 5
pred mean: 9.37576675415039
lead: 3
pred mean: 9.375713348388672
lead: 4
pred mean: 9.374902725219727
 88%|████████▊ | 1639/1855 [32:52<04:18,  1.20s/it]lead: 2
pred mean: 9.386159896850586
lead: 1
pred mean: 9.3788423538208
lead: 1
pred mean: 9.367530822753906
lead: 1
pred mean: 9.384950637817383
lead: 0
pred mean: 9.382567405700684
lead: 1
pred mean:lead:  9.3824615478515624

pred mean: 9.37775707244873
lead: 1
pred mean: 9.381392478942871
 88%|████████▊ | 1640/1855 [32:53<04:17,  1.20s/it]                                                   {'loss': 5.0842, 'learning_rate': 8.077899516999177e-06, 'epoch': 4.42}
 88%|████████▊ | 1640/1855 [32:53<04:17,  1.20s/it]lead: 3
pred mean: 9.375459671020508
lead: 4
pred mean: 9.370326042175293
lead: 0
pred mean: 9.384309768676758
lead: 3
pred mean: 9.389266014099121
lead: 1
pred mean: 9.389516830444336
lead: 1
pred mean: 9.381247520446777
lead: 0
pred mean: 9.364112854003906
lead: 3
pred mean: 9.393900871276855
 88%|████████▊ | 1641/1855 [32:54<04:15,  1.19s/it]lead: 2
pred mean: 9.379765510559082
lead: 4
pred mean: 9.390778541564941
lead: 3
pred mean: 9.371384620666504
lead: 3
pred mean: 9.386670112609863
lead: 3
pred mean: 9.378072738647461
lead: 4
pred mean: 9.365692138671875
lead: 5
pred mean: 9.39574909210205
lead: 4
pred mean: 9.36494255065918
 89%|████████▊ | 1642/1855 [32:55<04:14,  1.19s/it]lead: 0
pred mean: 9.38591194152832
lead: 2
pred mean: 9.37588119506836
lead: 4
pred mean: 9.39847183227539
lead: 4
pred mean: 9.395548820495605
lead: 3
pred mean: 9.380797386169434
lead: 1
pred mean: 9.392997741699219
lead: 2
pred mean: 9.390803337097168
lead: 5
pred mean: 9.393163681030273
 89%|████████▊ | 1643/1855 [32:56<04:13,  1.19s/it]lead: 0
pred mean: 9.379705429077148
lead: 5
pred mean: 9.397053718566895
lead: 4
pred mean: 9.379804611206055
lead: 2
pred mean: 9.379707336425781
lead: 2
pred mean: 9.391140937805176
lead: 5
pred mean: 9.39520263671875
lead: 2
pred mean: 9.375067710876465
lead: 1
pred mean: 9.386702537536621
 89%|████████▊ | 1644/1855 [32:58<04:10,  1.19s/it]lead: 4
pred mean: 9.396990776062012
lead: 2
pred mean: 9.383275032043457
lead: 4
pred mean: 9.382436752319336
lead: 5
pred mean: 9.39419937133789
lead: 1
pred mean: 9.370563507080078
lead: 0
pred mean: 9.372780799865723
lead: 3
pred mean: 9.384756088256836
lead: 4
pred mean: 9.381536483764648
 89%|████████▊ | 1645/1855 [32:59<04:08,  1.18s/it]                                                   {'loss': 5.081, 'learning_rate': 7.711401840456944e-06, 'epoch': 4.43}
 89%|████████▊ | 1645/1855 [32:59<04:08,  1.18s/it]lead: 1
pred mean: 9.379249572753906
lead: 0
pred mean: 9.384346961975098
lead: 3
pred mean: 9.394488334655762
lead: 0
pred mean: 9.394065856933594
lead: 0
pred mean: 9.405998229980469
lead: 4
pred mean: 9.389904975891113
lead: 0
pred mean: 9.379972457885742
lead: 1
pred mean: 9.390957832336426
 89%|████████▊ | 1646/1855 [33:00<04:07,  1.18s/it]lead: 5
pred mean: 9.386914253234863
lead: 0
pred mean: 9.390946388244629
lead: lead:5 
3
pred mean:pred mean:  9.3886575698852549.39488410949707

lead: 5
pred mean: 9.387295722961426
lead: 0
pred mean: 9.385150909423828
lead: 3
pred mean: 9.396810531616211
lead: 0
pred mean: 9.397077560424805
 89%|████████▉ | 1647/1855 [33:01<04:05,  1.18s/it]lead: 1
pred mean: 9.3871488571167
lead: 2
pred mean: 9.40064811706543
lead: 3lead:
 2
pred mean: pred mean: 9.403007507324219
9.378715515136719
lead: 0
pred mean: 9.394491195678711
lead: 3
pred mean: 9.397960662841797
lead: 1
pred mean: 9.397071838378906
lead: 0
pred mean: 9.406454086303711
 89%|████████▉ | 1648/1855 [33:02<04:06,  1.19s/it]lead: 0
pred mean: 9.385157585144043
lead:lead:  55

pred mean:pred mean:  9.371206283569336
9.384971618652344
lead: 4
pred mean: 9.37967300415039
lead: 5
pred mean: 9.37511920928955
lead: 5
pred mean: 9.393332481384277
lead: 1
pred mean: 9.374814987182617
lead: 5
pred mean: 9.396251678466797
 89%|████████▉ | 1649/1855 [33:03<04:03,  1.18s/it]lead: 5
pred mean: 9.383912086486816
lead: 4
pred mean: 9.399060249328613
lead: 2
pred mean: 9.37037181854248
lead: 4
pred mean: 9.378786087036133
lead: 5
pred mean: 9.38620376586914
lead: 0
pred mean: 9.377846717834473
lead: 2
pred mean: 9.383675575256348
lead: 3
pred mean: 9.380415916442871
 89%|████████▉ | 1650/1855 [33:05<04:02,  1.18s/it]                                                   {'loss': 5.0783, 'learning_rate': 7.353078865807017e-06, 'epoch': 4.45}
 89%|████████▉ | 1650/1855 [33:05<04:02,  1.18s/it]lead: 2
pred mean: 9.373448371887207
lead: 1
pred mean: 9.37532901763916
lead: 4
pred mean: 9.3817138671875
lead: 0
pred mean: 9.378273963928223
lead: 3
pred mean: 9.383686065673828
lead: 4
pred mean: 9.38492202758789
lead: 1
pred mean: 9.381791114807129
lead: 4
pred mean: 9.367405891418457
 89%|████████▉ | 1651/1855 [33:06<04:01,  1.18s/it]lead: 4
pred mean: 9.389554977416992
lead: 1
pred mean: 9.389820098876953
lead: 1
pred mean: 9.381797790527344
lead: 1
pred mean: 9.36669921875
lead: 3
pred mean: 9.381658554077148
lead: 0
pred mean: 9.388882637023926
lead: 3
pred mean: 9.388256072998047
lead: 2
pred mean: 9.393775939941406
 89%|████████▉ | 1652/1855 [33:07<03:59,  1.18s/it]lead: 3
pred mean: 9.38471794128418
lead: 3
pred mean: 9.382804870605469
lead: 2
pred mean: 9.38215160369873
lead: 4
pred mean: 9.392906188964844
lead: 3
pred mean: 9.390541076660156
lead: 0
pred mean: 9.38427734375
lead: 1
pred mean: 9.389669418334961
lead: 3
pred mean: 9.392568588256836
 89%|████████▉ | 1653/1855 [33:08<03:58,  1.18s/it]lead: 1
pred mean: 9.400672912597656
lead: 4
pred mean: 9.391012191772461
lead: 0
pred mean: 9.388638496398926
lead: 0
pred mean: 9.410585403442383
lead: 5
pred mean: 9.394542694091797
lead: 1
pred mean: 9.374112129211426
lead: 2
pred mean: 9.387186050415039
lead: 5
pred mean: 9.384199142456055
 89%|████████▉ | 1654/1855 [33:09<03:56,  1.18s/it]lead: 5
lead: 3
pred mean: 9.397822380065918
pred mean: 9.391498565673828
lead: 3
pred mean: 9.384989738464355
lead: 4
pred mean: 9.394265174865723
lead: 1
pred mean: 9.368863105773926
lead: 3
pred mean: 9.393757820129395
lead: 0
pred mean: 9.395085334777832
lead: 1
pred mean: 9.399940490722656
 89%|████████▉ | 1655/1855 [33:11<03:55,  1.18s/it]                                                   {'loss': 5.0737, 'learning_rate': 7.002962332436025e-06, 'epoch': 4.46}
 89%|████████▉ | 1655/1855 [33:11<03:55,  1.18s/it]lead: 3
pred mean: 9.39494800567627
lead: 0
lead: 2pred mean:
 9.397697448730469
pred mean: 9.387885093688965
lead: 1
pred mean: 9.399582862854004
lead: 3
pred mean: 9.402822494506836
lead: 4
pred mean: 9.401129722595215
lead: 0
pred mean: 9.3978910446167
lead: 3
pred mean: 9.379161834716797
 89%|████████▉ | 1656/1855 [33:12<03:54,  1.18s/it]lead: 5
pred mean: 9.390020370483398
lead: 0
pred mean: 9.396950721740723
lead: 3
pred mean: 9.39966106414795
lead: 1
pred mean: 9.394404411315918
lead: 0
pred mean: 9.38107681274414
lead: 0
pred mean: 9.399444580078125
lead: 2
pred mean: 9.384674072265625
lead: 3
pred mean: 9.379645347595215
 89%|████████▉ | 1657/1855 [33:13<03:54,  1.19s/it]lead: 0
pred mean: 9.381890296936035
lead: 0
pred mean: 9.380867004394531
lead: 3
pred mean: 9.378369331359863
lead: 3
pred mean: 9.388289451599121
lead: 4
pred mean: 9.395956039428711
lead: 3
pred mean: 9.38928508758545
lead: 4
pred mean: 9.382670402526855
lead: 0
pred mean: 9.393537521362305
 89%|████████▉ | 1658/1855 [33:14<03:54,  1.19s/it]lead: 3
pred mean: 9.402131080627441
lead: 0
pred mean: 9.382793426513672
lead: 0
pred mean: 9.3793306350708
lead: 0
pred mean: 9.38841724395752
lead: 5
pred mean: 9.398295402526855
lead: 5
pred mean: 9.373748779296875
lead: 5
pred mean: 9.379729270935059
lead: 1
pred mean: 9.386900901794434
 89%|████████▉ | 1659/1855 [33:15<03:53,  1.19s/it]lead: 1
pred mean: 9.38995361328125
lead: 5
pred mean: 9.390948295593262
lead: 5
pred mean: 9.388361930847168
lead: 4
pred mean: 9.402461051940918
lead: 1
pred mean: 9.376938819885254
lead: 1
pred mean: 9.380217552185059
lead: 1
pred mean: 9.384626388549805
lead: 3
pred mean: 9.38328742980957
 89%|████████▉ | 1660/1855 [33:16<03:51,  1.19s/it]                                                   {'loss': 5.0717, 'learning_rate': 6.661083252823797e-06, 'epoch': 4.47}
 89%|████████▉ | 1660/1855 [33:16<03:51,  1.19s/it]lead: 3
pred mean: 9.377562522888184
lead: 5
pred mean: 9.385902404785156
lead: 0
pred mean: 9.383910179138184
lead: 1
lead: 5
pred mean: 9.392263412475586
pred mean: 9.381232261657715
lead: 4
pred mean: 9.393675804138184
lead: 2
pred mean: 9.372507095336914
lead: 1
pred mean: 9.38917350769043
 90%|████████▉ | 1661/1855 [33:18<03:51,  1.19s/it]lead: 0
pred mean: 9.387290000915527
lead: 0
pred mean: 9.397829055786133
lead: 0
pred mean: 9.393893241882324
lead: 5
pred mean: 9.395992279052734
lead: 3
pred mean: 9.380579948425293
lead: 1
pred mean: 9.38040828704834
lead: 2
pred mean: 9.400716781616211
lead: 5
pred mean: 9.382060050964355
 90%|████████▉ | 1662/1855 [33:19<03:49,  1.19s/it]lead: 3
pred mean: 9.403376579284668
lead: 5
pred mean: 9.399214744567871
lead: 3lead:
 0
pred mean: pred mean:9.373347282409668 
9.39697265625
lead: 3
pred mean: 9.371819496154785
lead: 3
pred mean: 9.40560245513916
lead: 2
pred mean: 9.384333610534668
lead: 1
pred mean: 9.38150691986084
 90%|████████▉ | 1663/1855 [33:20<03:48,  1.19s/it]lead: 4
lead: 2
pred mean: 9.376259803771973
pred mean: 9.381855964660645
lead: 4
pred mean: 9.392818450927734
lead: 5
pred mean: 9.376740455627441
lead: 3
pred mean: 9.381278991699219
lead: 3
pred mean: 9.386287689208984
lead: 2
pred mean: 9.390755653381348
lead: 4
pred mean: 9.373244285583496
 90%|████████▉ | 1664/1855 [33:21<03:46,  1.19s/it]lead: 1
pred mean: 9.3942232131958
lead: 5
pred mean: 9.392159461975098
lead: 1
pred mean: 9.403165817260742
lead: 2
pred mean: 9.39073371887207
lead: 3
pred mean: 9.398686408996582
lead: 3
pred mean: 9.404881477355957
lead: 0
pred mean: 9.393688201904297
lead: 2
pred mean: 9.394514083862305
 90%|████████▉ | 1665/1855 [33:22<03:45,  1.18s/it]                                                   {'loss': 5.0691, 'learning_rate': 6.327471909796312e-06, 'epoch': 4.49}
 90%|████████▉ | 1665/1855 [33:22<03:45,  1.18s/it]lead: 5
pred mean: 9.398433685302734
lead: 2
pred mean: 9.387786865234375
lead: 5
lead: 5
pred mean: 9.392302513122559
pred mean: 9.389793395996094
lead: 0
pred mean: 9.387432098388672
lead: 1
pred mean: 9.3936128616333
lead: 4
pred mean: 9.41001033782959
lead: 4
pred mean: 9.382340431213379
 90%|████████▉ | 1666/1855 [33:24<03:46,  1.20s/it]lead: 1
pred mean: 9.394675254821777
lead: 1
pred mean: 9.401346206665039
lead: 1
pred mean: 9.392118453979492
lead: 0
pred mean: 9.401320457458496
lead: 0
pred mean: 9.381087303161621
lead: 4
pred mean: 9.394601821899414
lead: 5
pred mean: 9.386242866516113
lead: 4
pred mean: 9.389326095581055
 90%|████████▉ | 1667/1855 [33:25<03:44,  1.20s/it]lead: 2
pred mean: 9.38264274597168
lead: 3
pred mean: 9.380694389343262
lead: 3
pred mean: 9.390496253967285
lead: 4
pred mean: 9.393351554870605
lead: 3
pred mean: 9.39834976196289
lead: 2
pred mean: 9.399717330932617
lead: 1
pred mean: 9.396027565002441
lead: 4
pred mean: 9.401244163513184
 90%|████████▉ | 1668/1855 [33:26<03:42,  1.19s/it]lead: 2
pred mean: 9.388026237487793
lead: 4
pred mean: 9.385488510131836
lead: 0
pred mean: 9.392660140991211
lead: 0
pred mean: 9.388605117797852
lead: 5
pred mean: 9.38794231414795
lead: 5
pred mean: 9.386214256286621
lead: 1
pred mean: 9.379158973693848
lead: 0
pred mean: 9.397489547729492
 90%|████████▉ | 1669/1855 [33:27<03:42,  1.20s/it]lead: 0
pred mean: 9.397504806518555
lead: 0
pred mean: 9.399991035461426
lead: 3
pred mean: 9.39098834991455
lead: 4
pred mean: 9.393561363220215
lead: 5
pred mean: 9.40527057647705
lead: 5
pred mean: 9.387164115905762
lead: 2
pred mean: 9.400293350219727
lead: 2
pred mean: 9.414230346679688
 90%|█████████ | 1670/1855 [33:28<03:40,  1.19s/it]                                                   {'loss': 5.0661, 'learning_rate': 6.00215785384336e-06, 'epoch': 4.5}
 90%|█████████ | 1670/1855 [33:28<03:40,  1.19s/it]lead: 1
pred mean: 9.386210441589355
lead: 0
pred mean: 9.402580261230469
lead: 0
lead:pred mean:  09.39984130859375

pred mean: 9.395512580871582
lead: 2
pred mean: 9.390066146850586
lead: 3
pred mean: 9.389082908630371
lead: 2
pred mean: 9.371956825256348
lead: 0
pred mean: 9.38846206665039
 90%|█████████ | 1671/1855 [33:30<03:39,  1.20s/it]lead: 0
pred mean: 9.393942832946777
lead: 5
pred mean: 9.391230583190918
lead: 5
pred mean: 9.38888931274414
lead: 4
pred mean: 9.3788423538208
lead: 4
lead: 2
pred mean: 9.382652282714844
pred mean: 9.397796630859375
lead: 1
pred mean: 9.380044937133789
lead: 2
pred mean: 9.381272315979004
 90%|█████████ | 1672/1855 [33:31<03:37,  1.19s/it]lead: 0
pred mean: 9.389837265014648
lead: 5
pred mean: 9.39676284790039
lead: 5
pred mean: 9.389525413513184
lead: 5
pred mean: 9.405783653259277
lead: 3
pred mean: 9.400640487670898
lead:lead:  01

pred mean:pred mean:  9.3823146820068369.395118713378906

lead: 1
pred mean: 9.402783393859863
 90%|█████████ | 1673/1855 [33:32<03:36,  1.19s/it]lead: 5
pred mean: 9.378194808959961
lead: 1
pred mean: 9.3953857421875
lead: 0
pred mean: 9.385847091674805
lead: 4
pred mean: 9.375629425048828
lead: 0
lead: 1
pred mean: 9.386247634887695
pred mean: 9.39578628540039
lead: 3
pred mean: 9.378811836242676
lead: 0
pred mean: 9.390915870666504
 90%|█████████ | 1674/1855 [33:33<03:35,  1.19s/it]lead: 1
lead: 2
pred mean: 9.380636215209961
pred mean: 9.380399703979492
lead: 1
pred mean: 9.396435737609863
lead: 0
pred mean: 9.379953384399414
lead: 5
pred mean: 9.386347770690918
lead: 4
pred mean: 9.399043083190918
lead: 1
pred mean: 9.38230037689209
lead: 3
pred mean: 9.399698257446289
 90%|█████████ | 1675/1855 [33:34<03:33,  1.19s/it]                                                   {'loss': 5.0635, 'learning_rate': 5.685169900501008e-06, 'epoch': 4.51}
 90%|█████████ | 1675/1855 [33:34<03:33,  1.19s/it]lead: 0
pred mean: 9.387974739074707
lead: 2
pred mean: 9.405901908874512
lead: 4
pred mean: 9.39338493347168
lead: 0
pred mean: 9.397787094116211
lead: 1
pred mean: 9.392985343933105
lead: 5
pred mean: lead:9.400283813476562 
3
pred mean: 9.398405075073242
lead: 3
pred mean: 9.393885612487793
 90%|█████████ | 1676/1855 [33:36<03:33,  1.19s/it]lead: 1
pred mean: 9.386693000793457
lead: 5
pred mean: 9.396110534667969
lead: 3
pred mean: 9.401092529296875
lead: 0
pred mean: 9.399942398071289
lead: 0
pred mean: 9.391195297241211
lead: 2
pred mean: 9.394950866699219
lead: 2
pred mean: 9.380582809448242
lead: 0
pred mean: 9.383341789245605
 90%|█████████ | 1677/1855 [33:37<03:30,  1.18s/it]lead: 1
pred mean: 9.400124549865723
lead: 3
pred mean: 9.391840934753418
lead: 5
pred mean: 9.389042854309082
lead: 4
pred mean: 9.403413772583008
lead: 0
pred mean: 9.391852378845215
lead: lead:1 
1
pred mean: pred mean:9.384669303894043 
9.400111198425293
lead: 1
pred mean: 9.401998519897461
 90%|█████████ | 1678/1855 [33:38<03:29,  1.18s/it]lead: 5
pred mean: 9.383344650268555
lead: 5
pred mean: 9.398216247558594
lead: 4
pred mean: 9.394652366638184
lead: 0
pred mean: 9.393120765686035
lead: 2
pred mean: 9.392772674560547
lead: 5
pred mean: 9.38951587677002
lead: 2
pred mean: 9.41190242767334
lead: 0
pred mean: 9.402912139892578
 91%|█████████ | 1679/1855 [33:39<03:29,  1.19s/it]lead: 5
lead: 4
pred mean: 9.399069786071777
pred mean: 9.389421463012695
lead: 3
pred mean: 9.387218475341797
lead: 1
pred mean: 9.389130592346191
lead: 2
pred mean: 9.393375396728516
lead: 2
pred mean: 9.398137092590332
lead: 4
pred mean: 9.405960083007812
lead: 3
pred mean: 9.385880470275879
 91%|█████████ | 1680/1855 [33:40<03:27,  1.19s/it]                                                   {'loss': 5.0609, 'learning_rate': 5.376536127799192e-06, 'epoch': 4.53}
 91%|█████████ | 1680/1855 [33:40<03:27,  1.19s/it]lead: 5
pred mean: 9.392008781433105
lead: 4
lead: 0pred mean:
 9.3869047164917
pred mean: 9.381549835205078
lead: 0
lead: pred mean:2 
9.390849113464355
pred mean: 9.403648376464844
lead: 4
pred mean: 9.395575523376465
lead: 5
pred mean: 9.385841369628906
lead: 4
pred mean: 9.3847017288208
 91%|█████████ | 1681/1855 [33:41<03:26,  1.18s/it]lead: 5
pred mean: 9.394421577453613
lead: 4
pred mean: 9.385663986206055
lead: 0
pred mean: 9.382949829101562
lead: 0
lead: 3
pred mean: 9.389232635498047
pred mean: 9.39506721496582
lead: 0
pred mean: 9.385661125183105
lead: 4
pred mean: 9.39179801940918
lead: 3
pred mean: 9.384842872619629
 91%|█████████ | 1682/1855 [33:43<03:23,  1.18s/it]lead: 3
pred mean: 9.401399612426758
lead: 1
pred mean: 9.40079402923584
lead: 5
pred mean: 9.396653175354004
lead:lead:  15

pred mean: pred mean:9.387661933898926 
9.385173797607422
lead: 3
pred mean: 9.403970718383789
lead: 5
pred mean: 9.400169372558594
lead: 1
pred mean: 9.397274017333984
 91%|█████████ | 1683/1855 [33:44<03:23,  1.18s/it]lead: 3
pred mean: 9.381805419921875
lead: 4
pred mean: 9.399059295654297
lead: 1
pred mean: 9.386466979980469
lead: 3
pred mean: 9.385311126708984
lead: 4
pred mean: 9.382986068725586
lead: 1
pred mean: 9.400983810424805
lead: 0
pred mean: 9.4031982421875
lead: 0
pred mean: 9.399030685424805
 91%|█████████ | 1684/1855 [33:45<03:22,  1.18s/it]lead: 1
pred mean: 9.393747329711914
lead: 1
pred mean: 9.40606689453125
lead: 4
lead: 2
pred mean: 9.386183738708496
pred mean: 9.398369789123535
lead: 4
pred mean: 9.405619621276855
lead: 3
pred mean: 9.41308307647705
lead: 2
pred mean: 9.394783020019531
lead: 3
pred mean: 9.407283782958984
 91%|█████████ | 1685/1855 [33:46<03:21,  1.19s/it]                                                   {'loss': 5.0593, 'learning_rate': 5.076283873774634e-06, 'epoch': 4.54}
 91%|█████████ | 1685/1855 [33:46<03:21,  1.19s/it]lead: 4
pred mean: 9.403974533081055
lead: 4
pred mean: 9.392075538635254
lead: 1
pred mean: 9.380233764648438
lead: 3
pred mean: 9.395197868347168
lead: 5
pred mean: 9.383650779724121
lead: 2
pred mean: 9.379762649536133
lead: 5
pred mean: 9.39188289642334
lead: 4
pred mean: 9.391966819763184
 91%|█████████ | 1686/1855 [33:47<03:20,  1.18s/it]lead: 0
pred mean: 9.394041061401367
lead: 2
pred mean: 9.403446197509766
lead: 2
pred mean: 9.405976295471191
lead: 3
pred mean: 9.404730796813965
lead: 5
pred mean: 9.410468101501465
lead: 4
pred mean: 9.392230987548828
lead: 4
pred mean: 9.40369987487793
lead: 5
pred mean: 9.382477760314941
 91%|█████████ | 1687/1855 [33:49<03:19,  1.19s/it]lead: 5
pred mean: 9.40135383605957
lead: 4
lead:pred mean:  59.403183937072754

pred mean: 9.39262580871582
lead: 2
pred mean: 9.40919303894043
lead: 4
lead: 3
pred mean: 9.396831512451172
pred mean: 9.406011581420898
lead: 4
pred mean: 9.394678115844727
lead: 0
pred mean: 9.397645950317383
 91%|█████████ | 1688/1855 [33:50<03:18,  1.19s/it]lead: 2
pred mean: 9.386245727539062
lead: 2
pred mean: 9.391568183898926
lead: 1
pred mean: 9.390843391418457
lead:lead:  22

pred mean: pred mean:9.395780563354492 
9.387380599975586
lead: 1
pred mean: 9.38635540008545
lead: 3
pred mean: 9.398259162902832
lead: 1
pred mean: 9.39111328125
 91%|█████████ | 1689/1855 [33:51<03:15,  1.18s/it]lead: 1
pred mean: 9.404406547546387
lead: 1
pred mean: 9.413230895996094
lead: 4
pred mean: 9.393664360046387
lead: 1
pred mean: 9.396673202514648
lead: 4
pred mean: 9.412921905517578
lead: 2
pred mean: 9.39146614074707
lead: 2
pred mean: 9.400684356689453
lead: 0
pred mean: 9.405828475952148
 91%|█████████ | 1690/1855 [33:52<03:15,  1.18s/it]                                                   {'loss': 5.0576, 'learning_rate': 4.7844397340493175e-06, 'epoch': 4.56}
 91%|█████████ | 1690/1855 [33:52<03:15,  1.18s/it]lead: 1
pred mean: 9.404318809509277
lead: 2
pred mean: 9.402472496032715
lead: 5
pred mean: 9.372652053833008
lead: 3
pred mean: 9.402864456176758
lead: 2
pred mean: 9.369451522827148
lead: 4
pred mean: 9.378868103027344
lead: 1
pred mean: 9.394794464111328
lead: 1
pred mean: 9.407526016235352
 91%|█████████ | 1691/1855 [33:53<03:14,  1.19s/it]lead: 1
pred mean: 9.394353866577148
lead: 0
pred mean: 9.392749786376953
lead: 2
pred mean: 9.393360137939453
lead: 4
pred mean: 9.404279708862305
lead: 2
pred mean: 9.391460418701172
lead: 1
pred mean: 9.396261215209961
lead: 5
pred mean: 9.38176441192627
lead: 5
pred mean: 9.3941068649292
 91%|█████████ | 1692/1855 [33:54<03:13,  1.19s/it]lead: 2
lead: 1
pred mean: 9.389728546142578
pred mean: 9.38957405090332
lead: 0
pred mean: 9.411972999572754
lead: 4
pred mean: 9.381108283996582
lead: 1
pred mean: 9.39598274230957
lead: 2
pred mean: 9.408818244934082
lead: 2
pred mean: 9.41260051727295
lead: 2
pred mean: 9.398015975952148
 91%|█████████▏| 1693/1855 [33:56<03:12,  1.19s/it]lead: 4
pred mean: 9.405242919921875
lead: 1
pred mean: 9.394296646118164
lead: 0
pred mean: 9.394330978393555
lead: 3
pred mean: 9.392629623413086
lead: 4
pred mean: 9.397175788879395
lead: 1
pred mean: 9.391905784606934
lead: 2
pred mean: 9.38553237915039
lead: 3
pred mean: 9.392273902893066
 91%|█████████▏| 1694/1855 [33:57<03:12,  1.19s/it]lead: 2
pred mean: 9.409441947937012
lead: 3
lead: 5
pred mean: 9.392045974731445
pred mean: 9.394289016723633
lead: 5
pred mean: 9.388044357299805
lead: 2
pred mean: 9.382770538330078
lead: 5
pred mean: 9.402557373046875
lead: 4
pred mean: 9.38349437713623
lead: 1
pred mean: 9.395964622497559
 91%|█████████▏| 1695/1855 [33:58<03:10,  1.19s/it]                                                   {'loss': 5.0554, 'learning_rate': 4.501029559474679e-06, 'epoch': 4.57}
 91%|█████████▏| 1695/1855 [33:58<03:10,  1.19s/it]lead: 0
pred mean: 9.406017303466797
lead: 4
pred mean: 9.40424919128418
lead: 2
pred mean: 9.416351318359375
lead: 2
pred mean: 9.404415130615234
lead: 5
pred mean: 9.374028205871582
lead: 0
pred mean: 9.405160903930664
lead:lead:  02

pred mean:pred mean:  9.3911247253417979.387566566467285

 91%|█████████▏| 1696/1855 [33:59<03:10,  1.20s/it]lead: 1
pred mean: 9.397420883178711
lead: 0
pred mean: 9.390300750732422
lead: 0
pred mean: 9.389260292053223
lead: 0
pred mean: 9.400282859802246
lead: 5
lead: 2
pred mean: 9.395064353942871
pred mean: 9.39410400390625
lead: 3
pred mean: 9.404655456542969
lead: 3
pred mean: 9.389577865600586
 91%|█████████▏| 1697/1855 [34:00<03:09,  1.20s/it]lead: 2
pred mean: 9.386704444885254
lead: 2
pred mean: 9.391677856445312
lead: 5
pred mean: 9.404498100280762
lead: 0
pred mean: 9.399468421936035
lead: 2
pred mean: 9.396902084350586
lead: 3
pred mean: 9.401222229003906
lead: 3
pred mean: 9.397733688354492
lead: 4
pred mean: 9.394369125366211
 92%|█████████▏| 1698/1855 [34:02<03:09,  1.21s/it]lead: 5
pred mean: 9.397343635559082
lead: 2
pred mean: 9.399531364440918
lead: 2
pred mean: 9.39870548248291
lead: 3
pred mean: 9.39111614227295
lead: 1
pred mean: 9.398528099060059
lead: 3
pred mean: 9.401247024536133
lead: 1
pred mean: 9.401691436767578
lead: 5
pred mean: 9.393204689025879
 92%|█████████▏| 1699/1855 [34:03<03:08,  1.21s/it]lead: 0
lead: 4
pred mean: 9.388310432434082
pred mean: 9.398042678833008
lead: 5
pred mean: 9.405055046081543
lead: 3
pred mean: 9.388347625732422
lead: 5
pred mean: 9.398911476135254
lead: 5
pred mean: 9.394776344299316
lead: 1
pred mean: 9.406831741333008
lead: 2
pred mean: 9.393377304077148
 92%|█████████▏| 1700/1855 [34:04<03:05,  1.20s/it]                                                   {'loss': 5.0529, 'learning_rate': 4.226078453841831e-06, 'epoch': 4.58}
 92%|█████████▏| 1700/1855 [34:04<03:05,  1.20s/it]lead: 5
pred mean: 9.391714096069336
lead: 0
pred mean: 9.385239601135254
lead: 3
pred mean: 9.38493537902832
lead: 3
pred mean: 9.39670467376709
lead: 0
pred mean: 9.39969253540039
lead: 3
pred mean: 9.399850845336914
lead: 2
pred mean: 9.410715103149414
lead: 0
pred mean: 9.395965576171875
 92%|█████████▏| 1701/1855 [34:05<03:09,  1.23s/it]lead: 2
pred mean: 9.389958381652832
lead: 2
pred mean: 9.4161376953125
lead: 3
pred mean: 9.404813766479492
lead: 2
pred mean: 9.399152755737305
lead: 0
pred mean: 9.405303955078125
lead: 5
pred mean: 9.390226364135742
lead: 4
pred mean: 9.397242546081543
lead: 3
pred mean: 9.394437789916992
 92%|█████████▏| 1702/1855 [34:07<03:06,  1.22s/it]lead: 2
pred mean: 9.41740894317627
lead:lead:  40

pred mean:pred mean:  9.4105625152587899.395856857299805

lead: 5
pred mean: 9.38188362121582
lead: 1
pred mean: 9.407171249389648
lead: 5
pred mean: 9.408166885375977
lead: 3
pred mean: 9.404568672180176
lead: 5
pred mean: 9.386895179748535
 92%|█████████▏| 1703/1855 [34:08<03:03,  1.21s/it]lead: 0
pred mean: 9.402962684631348
lead: 2
pred mean: 9.386815071105957
lead: 5
pred mean: 9.397747039794922
lead: 5
pred mean: 9.388715744018555
lead: 5
pred mean: 9.40620231628418
lead: 1
pred mean: 9.399538040161133
lead: 0
pred mean: 9.431139945983887
lead: 3
pred mean: 9.39587688446045
 92%|█████████▏| 1704/1855 [34:09<03:01,  1.20s/it]lead: 4
pred mean: 9.403526306152344
lead: 4
pred mean: 9.412925720214844
lead: 4
pred mean: 9.404064178466797
lead: 1
pred mean: 9.40321159362793
lead: 2
pred mean: 9.404446601867676
lead: 1
lead: 2
pred mean: 9.381999015808105
pred mean: 9.380058288574219
lead: 3
pred mean: 9.416767120361328
 92%|█████████▏| 1705/1855 [34:10<02:59,  1.20s/it]                                                   {'loss': 5.0517, 'learning_rate': 3.959610771657929e-06, 'epoch': 4.6}
 92%|█████████▏| 1705/1855 [34:10<02:59,  1.20s/it]lead: 4
pred mean: 9.397656440734863
lead: 5
pred mean: 9.405391693115234
lead: 1
pred mean: 9.397716522216797
lead: 5
pred mean: 9.410303115844727
lead: 1
pred mean: 9.385921478271484
lead: 0
pred mean: 9.4027681350708
lead: 3
pred mean: 9.396659851074219
lead: 3
pred mean: 9.39443588256836
 92%|█████████▏| 1706/1855 [34:11<02:58,  1.20s/it]lead: 5
pred mean: 9.39219856262207
lead: 1
pred mean: 9.405693054199219
lead: 5
pred mean: 9.400260925292969
lead: 0
pred mean: 9.388819694519043
lead:lead:  10

pred mean:pred mean:  9.4033107757568369.401951789855957

lead: 1
pred mean: 9.391934394836426
lead: 4
pred mean: 9.390775680541992
 92%|█████████▏| 1707/1855 [34:13<02:56,  1.19s/it]lead: 4
lead: 0
pred mean: 9.400399208068848
pred mean: 9.412287712097168
lead: 2
pred mean: 9.391913414001465
lead: 2
pred mean: 9.3924560546875
lead: 4
pred mean: 9.39245891571045
lead: 2
pred mean: 9.406820297241211
lead: 5
pred mean: 9.391396522521973
lead: 0
pred mean: 9.3917236328125
 92%|█████████▏| 1708/1855 [34:14<02:54,  1.19s/it]lead: 5
pred mean: 9.403103828430176
lead: 2
lead: 0
pred mean: 9.39731502532959
pred mean: 9.410117149353027
lead: 3
pred mean: 9.402475357055664
lead:lead:  13

lead: 3
pred mean:pred mean:  9.3953523635864269.387785911560059

pred mean: 9.419877052307129
lead: 4
pred mean: 9.385236740112305
 92%|█████████▏| 1709/1855 [34:15<02:52,  1.18s/it]lead: 3
pred mean: 9.411845207214355
lead: 5
pred mean: 9.401554107666016
lead: 4
pred mean: 9.394251823425293
lead: 5
pred mean: 9.396888732910156
lead: 3
pred mean: 9.41051959991455
lead: 4
pred mean: 9.392537117004395
lead: 2
pred mean: 9.403034210205078
lead: 5
pred mean: 9.395706176757812
 92%|█████████▏| 1710/1855 [34:16<02:51,  1.18s/it]                                                   {'loss': 5.0498, 'learning_rate': 3.701650115988897e-06, 'epoch': 4.61}
 92%|█████████▏| 1710/1855 [34:16<02:51,  1.18s/it]lead: 5
pred mean: 9.40887451171875
lead: 3
lead: 3
pred mean: 9.405874252319336
pred mean: 9.402440071105957
lead: 2
pred mean: 9.396079063415527
lead: 2
pred mean: 9.396100997924805
lead: 4
pred mean: 9.405793190002441
lead: 1
pred mean: 9.395893096923828
lead: 0
pred mean: 9.406577110290527
 92%|█████████▏| 1711/1855 [34:17<02:50,  1.19s/it]lead: 5
pred mean: 9.396949768066406
lead: 4
pred mean: 9.40382194519043
lead: 1
pred mean: 9.400582313537598
lead: 0
pred mean: 9.404352188110352
lead: 3
pred mean: 9.41228199005127
lead: 5
pred mean: 9.415826797485352
lead: 0
lead: 0
pred mean: 9.405318260192871
pred mean: 9.4118013381958
 92%|█████████▏| 1712/1855 [34:18<02:48,  1.18s/it]lead: 0
pred mean: 9.407855033874512
lead: 1lead:
 0
pred mean: pred mean: 9.390320777893066
9.390588760375977
lead: 0
pred mean: 9.396544456481934
lead: 2
pred mean: 9.414544105529785
lead: 1
pred mean: 9.412653923034668
lead: 4
pred mean: 9.409432411193848
lead: 2
pred mean: 9.406219482421875
 92%|█████████▏| 1713/1855 [34:20<02:47,  1.18s/it]lead: 0
pred mean: 9.402687072753906
lead: 1
pred mean: 9.408218383789062
lead: 4
pred mean: 9.397927284240723
lead: 2
pred mean: 9.399770736694336
lead: lead:2 
4
pred mean: pred mean: 9.404533386230469
9.401040077209473
lead: 1
pred mean: 9.393340110778809
lead: 4
pred mean: 9.386699676513672
 92%|█████████▏| 1714/1855 [34:21<02:46,  1.18s/it]lead: 4
pred mean: 9.412917137145996
lead: 4
pred mean: 9.405946731567383
lead: 3
pred mean: 9.40644645690918
lead: 4
pred mean: 9.407334327697754
lead: 1
pred mean: 9.399824142456055
lead: 3
pred mean: 9.393742561340332
lead: 3
pred mean: 9.409738540649414
lead: 0
pred mean: 9.400481224060059
 92%|█████████▏| 1715/1855 [34:22<02:45,  1.18s/it]                                                   {'loss': 5.0483, 'learning_rate': 3.4522193363687118e-06, 'epoch': 4.62}
 92%|█████████▏| 1715/1855 [34:22<02:45,  1.18s/it]lead: 5
pred mean: 9.410685539245605
lead: 4
pred mean: 9.409875869750977
lead: 2
pred mean: 9.411565780639648
lead: 5
lead:pred mean:  09.402420043945312

pred mean: 9.407231330871582
lead: 3
pred mean: 9.407410621643066
lead: 3
pred mean: 9.406754493713379
lead: 0
pred mean: 9.403897285461426
 93%|█████████▎| 1716/1855 [34:23<02:45,  1.19s/it]lead: 5
pred mean: 9.403468132019043
lead: 5
pred mean: 9.395920753479004
lead: 1
pred mean: 9.393853187561035
lead:lead:  32

pred mean:pred mean:  9.4038534164428719.39643669128418

lead: 2
pred mean: 9.404988288879395
lead: 2
pred mean: 9.383652687072754
lead: 1
pred mean: 9.384725570678711
 93%|█████████▎| 1717/1855 [34:24<02:44,  1.19s/it]lead: 5
pred mean: 9.39954948425293
lead: 3
pred mean: 9.387142181396484
lead: 3
pred mean: 9.396875381469727
lead: 0
pred mean: 9.399089813232422
lead: 5
pred mean: 9.40814208984375
lead: 4
pred mean: 9.399889945983887
lead: 2
pred mean: 9.395742416381836
lead: 5
pred mean: 9.407904624938965
 93%|█████████▎| 1718/1855 [34:26<02:43,  1.19s/it]lead: 3
pred mean: 9.396098136901855
lead: 3
pred mean: 9.398269653320312
lead: 5
pred mean: 9.407448768615723
lead: 1
pred mean: 9.407149314880371
lead: 1
pred mean: 9.398737907409668
lead: 4
pred mean: 9.4010591506958
lead: 2
pred mean: 9.408306121826172
lead: 1
pred mean: 9.397549629211426
 93%|█████████▎| 1719/1855 [34:27<02:41,  1.19s/it]lead: 5
pred mean: 9.407933235168457
lead: 2
pred mean: 9.396465301513672
lead: 5
pred mean: 9.411137580871582
lead: 2
pred mean: 9.423006057739258
lead: 4
lead: 2
pred mean: 9.39147663116455
pred mean: 9.408280372619629
lead: 4
pred mean: 9.392589569091797
lead: 3
pred mean: 9.405731201171875
 93%|█████████▎| 1720/1855 [34:28<02:40,  1.19s/it]                                                   {'loss': 5.047, 'learning_rate': 3.2113405267754637e-06, 'epoch': 4.64}
 93%|█████████▎| 1720/1855 [34:28<02:40,  1.19s/it]lead: 0
pred mean: 9.399300575256348
lead: 2
pred mean: 9.410313606262207
lead: 2
pred mean: 9.414332389831543
lead: 2
pred mean: 9.407427787780762
lead: 1
pred mean: 9.386356353759766
lead: 2
pred mean: 9.396039962768555
lead: 1
pred mean: 9.4144287109375
lead: 2
pred mean: 9.399264335632324
 93%|█████████▎| 1721/1855 [34:29<02:39,  1.19s/it]lead: 1
pred mean: 9.40980339050293
lead: 2
lead: 5
pred mean: 9.40528678894043
pred mean: 9.408310890197754
lead: 0
pred mean: 9.398106575012207
lead: 0
pred mean: 9.399174690246582
lead: 0
pred mean: 9.406913757324219
lead: 1
pred mean: 9.402552604675293
lead: 2
pred mean: 9.39116382598877
 93%|█████████▎| 1722/1855 [34:30<02:38,  1.19s/it]lead: 3
pred mean: 9.416207313537598
lead: 5
pred mean: 9.407671928405762
lead: 4
lead: 3
pred mean: 9.404125213623047
pred mean: 9.393115043640137
lead: 3
pred mean: 9.403345108032227
lead: 2
pred mean: 9.398735046386719
lead: 1
pred mean: 9.398032188415527
lead: 4
pred mean: 9.40369987487793
 93%|█████████▎| 1723/1855 [34:32<02:39,  1.21s/it]lead: 5
pred mean: 9.392242431640625
lead: 2
pred mean: 9.393280982971191
lead: 3
pred mean: 9.408592224121094
lead: 2
pred mean: 9.39787483215332
lead: 2
pred mean: 9.396403312683105
lead: 1
pred mean: 9.411187171936035
lead: 2
pred mean: 9.410490036010742
lead: 0
pred mean: 9.399860382080078
 93%|█████████▎| 1724/1855 [34:33<02:37,  1.20s/it]lead: 1
pred mean: 9.417646408081055
lead: 4
lead: 1
pred mean: 9.4050931930542
pred mean: 9.39894962310791
lead: 0
pred mean: 9.395020484924316
lead: 4
pred mean: 9.419416427612305
lead: 3
pred mean: 9.399872779846191
lead: 2
pred mean: 9.398199081420898
lead: 0
pred mean: 9.412323951721191
 93%|█████████▎| 1725/1855 [34:34<02:36,  1.20s/it]                                                   {'loss': 5.0456, 'learning_rate': 2.9790350236743258e-06, 'epoch': 4.65}
 93%|█████████▎| 1725/1855 [34:34<02:36,  1.20s/it]lead: 4
pred mean: 9.421049118041992
lead: 4
pred mean: 9.397303581237793
lead: 4
pred mean: 9.406227111816406
lead: 2
lead: 5
pred mean: 9.400800704956055
pred mean: 9.39753532409668
lead: 0
pred mean: 9.397479057312012
lead: 5
pred mean: 9.417705535888672
lead: 3
pred mean: 9.416878700256348
 93%|█████████▎| 1726/1855 [34:35<02:38,  1.23s/it]lead: 2
pred mean: 9.40932559967041
lead: 4
pred mean: 9.407716751098633
lead: 1
pred mean: 9.425536155700684
lead: 1
pred mean: 9.401862144470215
lead: 5
pred mean: 9.408636093139648
lead: 4
pred mean: 9.411489486694336
lead: 5
pred mean: 9.394421577453613
lead: 3
pred mean: 9.404064178466797
 93%|█████████▎| 1727/1855 [34:36<02:36,  1.23s/it]lead: 3
pred mean: 9.39952278137207
lead: 3
pred mean: 9.410390853881836
lead: 3
pred mean: 9.398253440856934
lead: 1
pred mean: 9.413994789123535
lead: 4
pred mean: 9.393516540527344
lead: 5
pred mean: 9.405339241027832
lead: 5
pred mean: 9.404434204101562
lead: 2
pred mean: 9.392559051513672
 93%|█████████▎| 1728/1855 [34:38<02:35,  1.22s/it]lead: 4
pred mean: 9.410655975341797
lead: 2
pred mean: 9.404136657714844
lead: 1
pred mean: 9.396073341369629
lead: 4
pred mean: 9.40705680847168
lead: 5
lead: 0
pred mean: 9.402806282043457
pred mean: 9.399129867553711
lead: 1
pred mean: 9.40265941619873
lead: 1
pred mean: 9.406594276428223
 93%|█████████▎| 1729/1855 [34:39<02:32,  1.21s/it]lead: 5
pred mean: 9.408748626708984
lead: 5
pred mean: 9.395549774169922
lead: 2
pred mean: 9.402771949768066
lead: 4
pred mean: 9.415430068969727
lead: 0
pred mean: 9.396324157714844
lead: 1
pred mean: 9.377275466918945
lead: 4
pred mean: 9.399535179138184
lead: 5
pred mean: 9.40120792388916
 93%|█████████▎| 1730/1855 [34:40<02:30,  1.20s/it]                                                   {'loss': 5.0439, 'learning_rate': 2.75532340412763e-06, 'epoch': 4.66}
 93%|█████████▎| 1730/1855 [34:40<02:30,  1.20s/it]lead: 0
pred mean: 9.411038398742676
lead:lead:  14

pred mean: pred mean:9.407112121582031 
9.399699211120605
lead: 4
pred mean: 9.406206130981445
lead: 3
pred mean: 9.389823913574219
lead: 5
pred mean: 9.402923583984375
lead: 2
pred mean: 9.405134201049805
lead: 4
pred mean: 9.40577507019043
 93%|█████████▎| 1731/1855 [34:41<02:28,  1.20s/it]lead: 0
pred mean: 9.389086723327637
lead: 2
pred mean: 9.406489372253418
lead: 2
pred mean: 9.413140296936035
lead: 3
pred mean: 9.4050874710083
lead: 3
pred mean: 9.405448913574219
lead: 3
pred mean: 9.39145278930664
lead: 0
pred mean: 9.411659240722656
lead: 5
pred mean: 9.391789436340332
 93%|█████████▎| 1732/1855 [34:42<02:26,  1.19s/it]lead: 5
pred mean: 9.393617630004883
lead: 3
pred mean: 9.41127872467041
lead: 2
pred mean: 9.391819953918457
lead: 1
pred mean: 9.393296241760254
lead: 3
pred mean: 9.395483016967773
lead: 2
pred mean: 9.39475154876709
lead: 2
pred mean: 9.397554397583008
lead: 4
pred mean: 9.40317440032959
 93%|█████████▎| 1733/1855 [34:44<02:25,  1.19s/it]lead: 2
pred mean: 9.403325080871582
lead: 3
pred mean: 9.402473449707031
lead: 3
pred mean: 9.411418914794922
lead: 0
pred mean: 9.406376838684082
lead: 3
pred mean: 9.408209800720215
lead: 0
pred mean: 9.38999080657959
lead: 0
pred mean: 9.411230087280273
lead: 1
pred mean: 9.401010513305664
 93%|█████████▎| 1734/1855 [34:45<02:23,  1.19s/it]lead: 1
pred mean: 9.403708457946777
lead: 5
pred mean: 9.404912948608398
lead: 1
pred mean: 9.402199745178223
lead: 1
pred mean: 9.396795272827148
lead: lead:0 
4
pred mean:pred mean:  9.4077596664428719.412816047668457

lead: 0
pred mean: 9.409659385681152
lead: 4
pred mean: 9.387446403503418
 94%|█████████▎| 1735/1855 [34:46<02:23,  1.20s/it]                                                   {'loss': 5.043, 'learning_rate': 2.5402254839721694e-06, 'epoch': 4.68}
 94%|█████████▎| 1735/1855 [34:46<02:23,  1.20s/it]lead: 1
pred mean: 9.400557518005371
lead: 1
pred mean: 9.411340713500977
lead: 2
pred mean: 9.411700248718262
lead: 5
pred mean: 9.404638290405273
lead: 5
pred mean: 9.4066743850708
lead: 2
pred mean: 9.3953857421875
lead: 2
pred mean: 9.395329475402832
lead: 2
pred mean: 9.393020629882812
 94%|█████████▎| 1736/1855 [34:47<02:22,  1.20s/it]lead: 4
pred mean: 9.39876651763916
lead: 3
pred mean: 9.402995109558105
lead: 0
lead: 1
pred mean: 9.407549858093262
pred mean: 9.411148071289062
lead: 4
pred mean: 9.405366897583008
lead: 5
pred mean: 9.416943550109863
lead: 0
pred mean: 9.42612361907959
lead: 4
pred mean: 9.400120735168457
 94%|█████████▎| 1737/1855 [34:48<02:20,  1.19s/it]lead: 0
pred mean: 9.40231704711914
lead: 3
pred mean: 9.39908218383789
lead: 1
pred mean: 9.398252487182617
lead: 3
pred mean: 9.409454345703125
lead: 1
pred mean: 9.379903793334961
lead: 1
pred mean: 9.405580520629883
lead: 2
pred mean: lead:9.409960746765137 
3
pred mean: 9.420578002929688
 94%|█████████▎| 1738/1855 [34:50<02:19,  1.19s/it]lead: 4
pred mean: 9.411062240600586
lead: 1
pred mean: 9.403684616088867
lead: 2
pred mean: 9.408979415893555
lead: 1
pred mean: 9.407576560974121
lead: 4
pred mean: 9.401960372924805
lead: 4
pred mean: 9.3929443359375
lead: 0
pred mean: 9.399751663208008
lead: 1
pred mean: 9.394386291503906
 94%|█████████▎| 1739/1855 [34:51<02:18,  1.19s/it]lead: 3
pred mean: 9.406153678894043
lead: 0
pred mean: 9.416400909423828
lead: 0
pred mean: 9.413778305053711
lead: 4
pred mean: 9.411904335021973
lead: 3
pred mean: 9.398200988769531
lead: 1
pred mean: 9.409430503845215
lead: 2
pred mean: 9.406461715698242
lead: 1
pred mean: 9.41058349609375
 94%|█████████▍| 1740/1855 [34:52<02:17,  1.19s/it]                                                   {'loss': 5.0423, 'learning_rate': 2.333760316063982e-06, 'epoch': 4.69}
 94%|█████████▍| 1740/1855 [34:52<02:17,  1.19s/it]lead: 1
pred mean: 9.395843505859375
lead: 5
lead: 3
pred mean: 9.407442092895508
pred mean: 9.406088829040527
lead: 0
pred mean: 9.391839027404785
lead: 2
pred mean: 9.425161361694336
lead: 4
pred mean: 9.417302131652832
lead: 3
pred mean: 9.409211158752441
lead: 4
pred mean: 9.415365219116211
 94%|█████████▍| 1741/1855 [34:53<02:14,  1.18s/it]lead: 3
pred mean: 9.419032096862793
lead: 1
pred mean: 9.407303810119629
lead: 3
pred mean: 9.406320571899414
lead: 5
pred mean: 9.393831253051758
lead: 1
pred mean: 9.390079498291016
lead: 1
pred mean: 9.401655197143555
lead: 2
pred mean: 9.402029037475586
lead: 3
pred mean: 9.406013488769531
 94%|█████████▍| 1742/1855 [34:54<02:13,  1.19s/it]lead: 1
pred mean: 9.399901390075684
lead: 5
pred mean: 9.408879280090332
lead: 1
pred mean: 9.415912628173828
lead: 1
pred mean: 9.399194717407227
lead: 4
pred mean: 9.405426025390625
lead: 1
pred mean: 9.415155410766602
lead: 4
pred mean: 9.409133911132812
lead: 2
pred mean: 9.405856132507324
 94%|█████████▍| 1743/1855 [34:55<02:12,  1.18s/it]lead: 3
pred mean: 9.397697448730469
lead: 3
pred mean: 9.408198356628418
lead: 4
pred mean: 9.405818939208984
lead: 0
pred mean: 9.406766891479492
lead: 4
pred mean: 9.404411315917969
lead: 0
pred mean: 9.419781684875488
lead: 1
pred mean: 9.403759956359863
lead: 0
pred mean: 9.412772178649902
 94%|█████████▍| 1744/1855 [34:57<02:10,  1.18s/it]lead: 5
pred mean: 9.400009155273438
lead: 1
pred mean: 9.40286922454834
lead: 4
pred mean: 9.406525611877441
lead: 3
pred mean: 9.396854400634766
lead: 1
pred mean: 9.41196060180664
lead: 3
pred mean: 9.399909019470215
lead: 3
pred mean: 9.391202926635742
lead: 5
pred mean: 9.412848472595215
 94%|█████████▍| 1745/1855 [34:58<02:09,  1.18s/it]                                                   {'loss': 5.0411, 'learning_rate': 2.1359461885906983e-06, 'epoch': 4.7}
 94%|█████████▍| 1745/1855 [34:58<02:09,  1.18s/it]lead: 5
pred mean: 9.404173851013184
lead: 1
pred mean: 9.383889198303223
lead: 3
pred mean: 9.404766082763672
lead: 4
pred mean: 9.39836597442627
lead: 4
pred mean: 9.400104522705078
lead: 2
pred mean: 9.38185977935791
lead: 0
pred mean: 9.405851364135742
lead: 3
pred mean: 9.407856941223145
 94%|█████████▍| 1746/1855 [34:59<02:09,  1.19s/it]lead: 2
pred mean: 9.401812553405762
lead: 5
pred mean: 9.42306137084961
lead: 1
pred mean: 9.398127555847168
lead: 4
pred mean: 9.402472496032715
lead: 4
pred mean: 9.412332534790039
lead: 2
pred mean: 9.412336349487305
lead: 2
pred mean: 9.407061576843262
lead: 1
pred mean: 9.403627395629883
 94%|█████████▍| 1747/1855 [35:00<02:08,  1.19s/it]lead: 3
pred mean: 9.41293716430664
lead: 0
pred mean: 9.396103858947754
lead: 0
pred mean: 9.38745403289795
lead: 1
pred mean: 9.400360107421875
lead: 1
pred mean: 9.400437355041504
lead: 1
pred mean: 9.395015716552734
lead: 0
pred mean: 9.406522750854492
lead: 4
pred mean: 9.41169548034668
 94%|█████████▍| 1748/1855 [35:01<02:07,  1.19s/it]lead: 2
pred mean: 9.405498504638672
lead: 5
pred mean: 9.405943870544434
lead: 1
pred mean: 9.397761344909668
lead: 0
pred mean: 9.401467323303223
lead: 5
pred mean: 9.398924827575684
lead: 2
pred mean: 9.399331092834473
lead: 3
pred mean: 9.412792205810547
lead: 3
pred mean: 9.403888702392578
 94%|█████████▍| 1749/1855 [35:03<02:06,  1.19s/it]lead: 4
pred mean: 9.409360885620117
lead: 3
pred mean: 9.414582252502441
lead: 0
pred mean: 9.412681579589844
lead: 2
pred mean: 9.39416790008545
lead: 0
pred mean: 9.423100471496582
lead: 1
pred mean: 9.402661323547363
lead: 0
pred mean: 9.397876739501953
lead: 1
pred mean: 9.390756607055664
 94%|█████████▍| 1750/1855 [35:04<02:05,  1.19s/it]                                                   {'loss': 5.0398, 'learning_rate': 1.9468006234515947e-06, 'epoch': 4.72}
 94%|█████████▍| 1750/1855 [35:04<02:05,  1.19s/it]lead: 3
pred mean: 9.395015716552734
lead: 1
pred mean: 9.393291473388672
lead: 2
pred mean: 9.39490032196045
lead: 0
pred mean: 9.402756690979004
lead: 5
pred mean: 9.39126205444336
lead: 2
pred mean: 9.404871940612793
lead: 1
pred mean: 9.395622253417969
lead: 3
pred mean: 9.397846221923828
 94%|█████████▍| 1751/1855 [35:05<02:04,  1.20s/it]lead: 0
pred mean: 9.423072814941406
lead: 4
pred mean: 9.392159461975098
lead: 1
pred mean: 9.40036392211914
lead: 4
pred mean: 9.400396347045898
lead: 1
pred mean: 9.402975082397461
lead: 4
pred mean: 9.408259391784668
lead: 4
pred mean: 9.395337104797363
lead: 5
pred mean: 9.401116371154785
 94%|█████████▍| 1752/1855 [35:06<02:02,  1.19s/it]lead: 5
pred mean: 9.411956787109375
lead: 4
pred mean: 9.404132843017578
lead: 1
lead: 1
pred mean: 9.403315544128418
pred mean: 9.399993896484375
lead: 3
pred mean: 9.4083890914917
lead: 0
pred mean: 9.400753021240234
lead: 5
pred mean: 9.390576362609863
lead: 0
pred mean: 9.420562744140625
 95%|█████████▍| 1753/1855 [35:07<02:01,  1.19s/it]lead: 1
pred mean: 9.404751777648926
lead: 4
pred mean: 9.409427642822266
lead: 3
pred mean: 9.403940200805664
lead: 4
pred mean: 9.411700248718262
lead: 5
pred mean: 9.396620750427246
lead: 2
pred mean: 9.4013671875
lead: 2
pred mean: 9.411724090576172
lead: 2
pred mean: 9.400983810424805
 95%|█████████▍| 1754/1855 [35:09<01:59,  1.19s/it]lead: 5
pred mean: 9.412965774536133
lead: 0
pred mean: 9.414569854736328
lead: 1
pred mean: 9.413387298583984
lead: 3
pred mean: 9.406244277954102
lead: 4
pred mean: 9.406304359436035
lead: 3
pred mean: 9.407599449157715
lead: 4
pred mean: 9.392118453979492
lead: 4
pred mean: 9.406350135803223
 95%|█████████▍| 1755/1855 [35:10<01:59,  1.19s/it]                                                   {'loss': 5.04, 'learning_rate': 1.7663403747055885e-06, 'epoch': 4.73}
 95%|█████████▍| 1755/1855 [35:10<01:59,  1.19s/it]lead: 3
pred mean: 9.39964485168457
lead: 0
pred mean: 9.414994239807129
lead: 4
pred mean: 9.410783767700195
lead: 2
pred mean: 9.409489631652832
lead: 4
pred mean: 9.40599536895752
lead: 4
pred mean: 9.407567024230957
lead: 2
pred mean: 9.421456336975098
lead: 2
pred mean: 9.41544246673584
 95%|█████████▍| 1756/1855 [35:11<01:58,  1.19s/it]lead: 5
pred mean: 9.417284965515137
lead: 0
pred mean: 9.405570030212402
lead: 1
pred mean: 9.403261184692383
lead: 0
pred mean: 9.41046142578125
lead: 3
pred mean: 9.413832664489746
lead: 4
pred mean: 9.407305717468262
lead: 3
pred mean: 9.395302772521973
lead: 4
pred mean: 9.407286643981934
 95%|█████████▍| 1757/1855 [35:12<01:57,  1.20s/it]lead: 5
pred mean: 9.419065475463867
lead: 5
pred mean: 9.407255172729492
lead: 2
pred mean: 9.3963623046875
lead: 5
pred mean: 9.409435272216797
lead: 3
pred mean: 9.397893905639648
lead: 0
pred mean: 9.41615104675293
lead: 5
pred mean: 9.405671119689941
lead: 5
pred mean: 9.422358512878418
 95%|█████████▍| 1758/1855 [35:13<01:56,  1.20s/it]lead: 0
pred mean: 9.397501945495605
lead: 5
pred mean: 9.39055061340332
lead: 2
pred mean: 9.413928985595703
lead:lead:  10

pred mean:pred mean:  9.4078645706176769.402878761291504

lead: 3
pred mean: 9.41158676147461
lead: 3
pred mean: 9.409812927246094
lead: 3
pred mean: 9.404081344604492
 95%|█████████▍| 1759/1855 [35:15<01:55,  1.20s/it]lead: 5
pred mean: 9.39933967590332
lead: 5
pred mean: 9.4265718460083
lead: 0
pred mean: 9.408230781555176
lead: 5
pred mean: 9.404305458068848
lead: 1
pred mean: 9.40263843536377
lead: 5
pred mean: 9.393023490905762
lead: 5
pred mean: 9.410853385925293
lead: 4
pred mean: 9.407261848449707
 95%|█████████▍| 1760/1855 [35:16<01:54,  1.20s/it]                                                   {'loss': 5.0384, 'learning_rate': 1.5945814270871273e-06, 'epoch': 4.74}
 95%|█████████▍| 1760/1855 [35:16<01:54,  1.20s/it]lead: 1
pred mean: 9.411511421203613
lead: 1
pred mean: 9.421399116516113
lead: 3
pred mean: 9.40099811553955
lead: 1
pred mean: 9.398934364318848
lead: 5
pred mean: 9.4022798538208
lead: 1
pred mean: 9.417470932006836
lead: 2
pred mean: 9.403900146484375
lead: 0
pred mean: 9.400296211242676
 95%|█████████▍| 1761/1855 [35:17<01:52,  1.20s/it]lead: 0
pred mean: 9.396198272705078
lead: 5
pred mean: 9.399124145507812
lead: 1
pred mean: 9.411391258239746
lead: 1
pred mean: 9.420734405517578
lead: 5
pred mean: 9.415783882141113
lead: 5
pred mean: 9.40262222290039
lead: 2
pred mean: 9.420010566711426
lead: 3
pred mean: 9.428505897521973
 95%|█████████▍| 1762/1855 [35:18<01:51,  1.20s/it]lead: 3
pred mean: 9.393227577209473
lead: 3
pred mean: 9.40269660949707
lead: 2
pred mean: 9.39622688293457
lead: 4
pred mean: 9.4055814743042
lead: 0
pred mean: 9.415678977966309
lead: 0
pred mean: 9.39948844909668
lead: 2
pred mean: 9.400578498840332
lead: 2
pred mean: 9.406193733215332
 95%|█████████▌| 1763/1855 [35:19<01:49,  1.19s/it]lead: 2
lead:pred mean:  1
9.40877628326416
pred mean: 9.398798942565918
lead: 2
lead: 5
pred mean: 9.405397415161133
pred mean: 9.402728080749512
lead: 4
pred mean: 9.4010648727417
lead: 5
pred mean: 9.406005859375
lead: 5
pred mean: 9.413010597229004
lead: 5
pred mean: 9.405915260314941
 95%|█████████▌| 1764/1855 [35:21<01:48,  1.19s/it]lead: 5
pred mean: 9.416508674621582
lead: 2
pred mean: 9.406303405761719
lead: 1
pred mean: 9.400827407836914
lead: 1
pred mean: 9.397255897521973
lead: 2
pred mean: 9.401982307434082
lead: 4
pred mean: 9.406710624694824
lead: 2
pred mean: 9.402120590209961
lead: 2
pred mean: 9.391410827636719
 95%|█████████▌| 1765/1855 [35:22<01:47,  1.19s/it]                                                   {'loss': 5.038, 'learning_rate': 1.431538994590409e-06, 'epoch': 4.76}
 95%|█████████▌| 1765/1855 [35:22<01:47,  1.19s/it]lead: 1
pred mean: 9.393670082092285
lead: 3
pred mean: 9.416577339172363
lead: 4
pred mean: 9.397056579589844
lead: 0
pred mean: 9.413715362548828
lead: 4
pred mean: 9.411660194396973
lead: 1
pred mean: 9.395419120788574
lead: 0
pred mean: 9.416863441467285
lead: 2
pred mean: 9.417679786682129
 95%|█████████▌| 1766/1855 [35:23<01:45,  1.19s/it]lead: 3
pred mean: 9.398680686950684
lead: 2
lead: 2
pred mean: 9.404728889465332
pred mean: 9.4093656539917
lead: 0
pred mean: 9.405296325683594
lead: 3
pred mean: 9.410045623779297
lead: 4
pred mean: 9.412381172180176
lead: 1
pred mean: 9.400800704956055
lead: 4
pred mean: 9.400705337524414
 95%|█████████▌| 1767/1855 [35:24<01:44,  1.19s/it]lead: 5
pred mean: 9.409326553344727
lead:lead:  01

pred mean:pred mean:  9.4043788909912119.403589248657227

lead: 5
pred mean: 9.412039756774902
lead: 3
pred mean: 9.399983406066895
lead: 1
pred mean: 9.405652046203613
lead: 3
pred mean: 9.413167953491211
lead: 2
pred mean: 9.402167320251465
 95%|█████████▌| 1768/1855 [35:25<01:43,  1.19s/it]lead: 5
pred mean: 9.414518356323242
lead: 1
pred mean: 9.396442413330078
lead: 5
pred mean: 9.404003143310547
lead: 2
pred mean: 9.407453536987305
lead: 2
pred mean: 9.39702033996582
lead: 5
pred mean: 9.40489673614502
lead: 5
pred mean: 9.401968955993652
lead: 2
pred mean: 9.408203125
 95%|█████████▌| 1769/1855 [35:26<01:42,  1.19s/it]lead: 4
pred mean: 9.409554481506348
lead: 1
pred mean: 9.41025447845459
lead: 0
pred mean: 9.4185152053833
lead: 4
pred mean: 9.405136108398438
lead: 0
pred mean: 9.404808044433594
lead: 3
pred mean: 9.393464088439941
lead: 0
pred mean: 9.3997802734375
lead: 2
pred mean: 9.420628547668457
 95%|█████████▌| 1770/1855 [35:28<01:41,  1.19s/it]                                                   {'loss': 5.0372, 'learning_rate': 1.2772275191216598e-06, 'epoch': 4.77}
 95%|█████████▌| 1770/1855 [35:28<01:41,  1.19s/it]lead: 5
pred mean: 9.398995399475098
lead: 1
pred mean: 9.41995906829834
lead: 3
pred mean: 9.411654472351074
lead: 2
pred mean: 9.415940284729004
lead: 4
pred mean: 9.404300689697266
lead: 1
pred mean: 9.402366638183594
lead: 3
pred mean: 9.398612976074219
lead: 5
pred mean: 9.408745765686035
 95%|█████████▌| 1771/1855 [35:29<01:40,  1.20s/it]lead: 4
pred mean: 9.401444435119629
lead: 4
pred mean: 9.412904739379883
lead: 0
pred mean: 9.418344497680664
lead: 0
pred mean: 9.406319618225098
lead: 5
lead:pred mean:  19.416136741638184

pred mean: 9.393941879272461
lead: 2
pred mean: 9.390488624572754
lead: 5
pred mean: 9.401227951049805
 96%|█████████▌| 1772/1855 [35:30<01:38,  1.19s/it]lead: 5
pred mean: 9.411651611328125
lead: 5
lead: 3
pred mean: 9.408982276916504
pred mean: 9.402388572692871
lead: 2
pred mean: 9.396685600280762
lead: 1
pred mean: 9.418910026550293
lead:lead:  22

pred mean:pred mean:  9.397341728210459.405022621154785

lead: 4
pred mean: 9.406937599182129
 96%|█████████▌| 1773/1855 [35:31<01:37,  1.19s/it]lead: 4
pred mean: 9.423686981201172
lead: 5
pred mean: 9.415283203125
lead: 1
pred mean: 9.426262855529785
lead: 0
pred mean: 9.413053512573242
lead: 5
pred mean: 9.410858154296875
lead: 1
pred mean: 9.393255233764648
lead: 3
pred mean: 9.403996467590332
lead: 4
pred mean: 9.393821716308594
 96%|█████████▌| 1774/1855 [35:32<01:36,  1.19s/it]lead: 2
pred mean: 9.418169021606445
lead: 2
pred mean: 9.41685676574707
lead: 0
pred mean: 9.411056518554688
lead: 2
pred mean: 9.401041984558105
lead: 2
pred mean: 9.421097755432129
lead: 0
pred mean: 9.405610084533691
lead: 1
pred mean: 9.395626068115234
lead: 0
pred mean: 9.392840385437012
 96%|█████████▌| 1775/1855 [35:34<01:35,  1.19s/it]                                                   {'loss': 5.0368, 'learning_rate': 1.1316606692199694e-06, 'epoch': 4.78}
 96%|█████████▌| 1775/1855 [35:34<01:35,  1.19s/it]lead: 4
pred mean: 9.403743743896484
lead: 1
pred mean: 9.400670051574707
lead: 5
pred mean: 9.41037654876709
lead: 0
pred mean: 9.405373573303223
lead: 0
pred mean: 9.402291297912598
lead: 4
pred mean: 9.418770790100098
lead: 4
pred mean: 9.412840843200684
lead: 4
pred mean: 9.407876968383789
 96%|█████████▌| 1776/1855 [35:35<01:33,  1.18s/it]lead: 3
pred mean: 9.395416259765625
lead: 3
pred mean: 9.390172004699707
lead: 5
pred mean: 9.407933235168457
lead: 1
pred mean: 9.384883880615234
lead: 1
pred mean: 9.413294792175293
lead: 2
pred mean: 9.394125938415527
lead: 3
pred mean: 9.403854370117188
lead: 0
pred mean: 9.403136253356934
 96%|█████████▌| 1777/1855 [35:36<01:32,  1.19s/it]lead: 5
pred mean: 9.394193649291992lead:
 3
pred mean: 9.414775848388672
lead: 1
pred mean: 9.412566184997559
lead: 3
pred mean: 9.414344787597656
lead: 2
pred mean: 9.408227920532227
lead: 0
pred mean: 9.403435707092285
lead: 4
pred mean: 9.395782470703125
lead: 4
pred mean: 9.41318130493164
 96%|█████████▌| 1778/1855 [35:37<01:31,  1.19s/it]lead: 1
pred mean: 9.410045623779297
lead: 0
pred mean: 9.407691955566406
lead: 5
pred mean: 9.407282829284668
lead: 0
pred mean: 9.40307903289795
lead: 0
pred mean: 9.395930290222168
lead: 2
pred mean: 9.404932975769043
lead: 4
pred mean: 9.412678718566895
lead: 4
pred mean: 9.401552200317383
 96%|█████████▌| 1779/1855 [35:38<01:29,  1.18s/it]lead: 4
pred mean: 9.401144981384277
lead: 2
pred mean: 9.39572525024414
lead: 4
pred mean: 9.406862258911133
lead: 5
pred mean: 9.405466079711914
lead: 1
pred mean: 9.398612976074219
lead: 1
pred mean: 9.412543296813965
lead: 5
pred mean: 9.4105806350708
lead: 3
pred mean: 9.401153564453125
 96%|█████████▌| 1780/1855 [35:40<01:28,  1.19s/it]                                                   {'loss': 5.0363, 'learning_rate': 9.94851338846503e-07, 'epoch': 4.8}
 96%|█████████▌| 1780/1855 [35:40<01:28,  1.19s/it]lead: 4
pred mean: 9.404899597167969
lead: 0
pred mean: 9.402595520019531
lead: 1
pred mean: 9.409343719482422
lead: 3
pred mean: 9.396565437316895
lead: 5
pred mean: 9.399163246154785
lead: 3
pred mean: 9.40404987335205
lead: 0
pred mean: 9.406824111938477
lead: 0
pred mean: 9.40963363647461
 96%|█████████▌| 1781/1855 [35:41<01:27,  1.18s/it]lead: 3
pred mean: 9.407771110534668
lead: 1
pred mean: 9.405244827270508
lead: 0
pred mean: 9.407013893127441
lead: 1
pred mean: 9.398422241210938
lead: 0
pred mean: 9.395301818847656
lead: 2
pred mean: 9.413667678833008
lead: 2
pred mean: 9.39578628540039
lead: 2
pred mean: 9.396063804626465
 96%|█████████▌| 1782/1855 [35:42<01:26,  1.18s/it]lead: 2
pred mean: 9.39732837677002
lead: 2
lead: 2
pred mean: 9.398932456970215
pred mean: 9.410021781921387
lead: 1
pred mean: 9.399211883544922
lead: 4
pred mean: 9.391097068786621
lead: 1
pred mean: 9.411150932312012
lead: 2
pred mean: 9.404716491699219
lead: 3
pred mean: 9.405692100524902
 96%|█████████▌| 1783/1855 [35:43<01:25,  1.18s/it]lead: 2
pred mean: 9.400336265563965
lead: 4
pred mean: 9.40806770324707
lead: 4
pred mean: 9.407151222229004
lead: 5
pred mean: 9.411413192749023
lead: 1
pred mean: 9.40514850616455
lead: 1
pred mean: 9.406855583190918
lead: 1
pred mean: 9.404006958007812
lead: 3
pred mean: 9.408066749572754
 96%|█████████▌| 1784/1855 [35:44<01:24,  1.19s/it]lead: 2
lead:pred mean:  3
9.402497291564941
pred mean: 9.394813537597656
lead: lead:2 
1
pred mean: pred mean:9.417181015014648 
9.404146194458008
lead: 3
pred mean: 9.411284446716309
lead: 5
pred mean: 9.403800964355469
lead: 1
pred mean: 9.411547660827637
lead: 5
pred mean: 9.39682674407959
 96%|█████████▌| 1785/1855 [35:46<01:23,  1.19s/it]                                                   {'loss': 5.0359, 'learning_rate': 8.668116462424825e-07, 'epoch': 4.81}
 96%|█████████▌| 1785/1855 [35:46<01:23,  1.19s/it]lead: 4
pred mean: 9.408021926879883
lead: 2
pred mean: 9.407064437866211
lead: 3
lead: 0
pred mean: 9.416560173034668
pred mean: 9.394983291625977
lead: 2
pred mean: 9.420495986938477
lead: 0
pred mean: 9.414777755737305
lead: 5
pred mean: 9.416658401489258
lead: 2
pred mean: 9.409433364868164
 96%|█████████▋| 1786/1855 [35:47<01:22,  1.20s/it]lead: 1
pred mean: 9.402960777282715
lead: 0
pred mean: 9.411664962768555
lead: 5
pred mean: 9.409584999084473
lead: 5
pred mean: 9.40631103515625
lead: 4
pred mean: 9.399462699890137
lead: 5
pred mean: 9.40149211883545
lead: 2
pred mean: 9.394279479980469
lead: 4
pred mean: 9.399949073791504
 96%|█████████▋| 1787/1855 [35:48<01:21,  1.20s/it]lead: 1
pred mean: 9.402688026428223
lead: 1
pred mean: 9.411519050598145
lead: 1
pred mean: 9.404717445373535
lead: 3
pred mean: 9.392173767089844
lead: 0
pred mean: 9.410445213317871
lead: 2
pred mean: 9.417154312133789
lead: 3
pred mean: 9.4237699508667
lead: 5
pred mean: 9.406987190246582
 96%|█████████▋| 1788/1855 [35:49<01:20,  1.20s/it]lead: 4
pred mean: 9.414522171020508
lead: 5
pred mean: 9.406498908996582
lead: 0
pred mean: 9.397255897521973
lead: 2
pred mean: 9.41810417175293
lead: 2
pred mean: 9.396723747253418
lead: 0
pred mean: 9.39830207824707
lead: 1
pred mean: 9.426539421081543
lead: 2
pred mean: 9.398679733276367
 96%|█████████▋| 1789/1855 [35:50<01:19,  1.20s/it]lead: 4
pred mean: 9.415505409240723
lead: 0
pred mean: 9.397880554199219
lead: 0
pred mean: 9.405033111572266
lead: 4
pred mean: 9.413886070251465
lead: 5
pred mean: 9.416091918945312
lead: 3
pred mean: 9.402728080749512
lead: 2
pred mean: 9.398406982421875
lead: 4
pred mean: 9.398090362548828
 96%|█████████▋| 1790/1855 [35:52<01:17,  1.20s/it]                                                   {'loss': 5.0352, 'learning_rate': 7.475529328556886e-07, 'epoch': 4.82}
 96%|█████████▋| 1790/1855 [35:52<01:17,  1.20s/it]lead: 2
pred mean: 9.40864372253418
lead: 5
pred mean: 9.405539512634277
lead: 1
pred mean: 9.405680656433105
lead: 1
pred mean: 9.418068885803223
lead: 4
pred mean: 9.408682823181152
lead: 2
lead: 4
pred mean: 9.399165153503418
pred mean: 9.4048490524292
lead: 0
pred mean: 9.405012130737305
 97%|█████████▋| 1791/1855 [35:53<01:16,  1.19s/it]lead: 1
pred mean: 9.399420738220215
lead: 4
pred mean: 9.40045166015625
lead: 2
pred mean: 9.39818286895752
lead: 1
pred mean: 9.405029296875
lead: 1
pred mean: 9.408951759338379
lead: 0
pred mean: 9.401566505432129
lead: 0
pred mean: 9.411408424377441
lead: 0
pred mean: 9.399760246276855
 97%|█████████▋| 1792/1855 [35:54<01:15,  1.19s/it]lead: 0
pred mean: 9.412703514099121
lead: 4
pred mean: 9.411267280578613
lead: 3
pred mean: 9.403103828430176
lead: 1
pred mean: 9.405759811401367
lead:lead:  11

pred mean:pred mean:  9.3934869766235359.399133682250977

lead: 1
pred mean: 9.402287483215332
lead: 4
pred mean: 9.413124084472656
 97%|█████████▋| 1793/1855 [35:55<01:13,  1.19s/it]lead: 0
pred mean: 9.391529083251953
lead: 5
pred mean: 9.419137954711914
lead: 0
pred mean: 9.389334678649902
lead: 5
pred mean: 9.40341854095459
lead: 1
pred mean: 9.40293025970459
lead: 1
lead: 4
pred mean: 9.405120849609375
pred mean: 9.405258178710938
lead: 0
pred mean: 9.410360336303711
 97%|█████████▋| 1794/1855 [35:56<01:12,  1.19s/it]lead: 2
pred mean: 9.416131973266602
lead: 1
pred mean: 9.408915519714355
lead: 5
pred mean: 9.415266990661621
lead: 5
pred mean: 9.421113967895508
lead: 5
pred mean: 9.415881156921387
lead: 2
pred mean: 9.405866622924805
lead: 3
pred mean: 9.417586326599121
lead: 0
pred mean: 9.402804374694824
 97%|█████████▋| 1795/1855 [35:57<01:11,  1.19s/it]                                                   {'loss': 5.0343, 'learning_rate': 6.370857623358984e-07, 'epoch': 4.84}
 97%|█████████▋| 1795/1855 [35:57<01:11,  1.19s/it]lead: 2
pred mean: 9.41235637664795
lead: 1
pred mean:lead:  9.399769783020020

pred mean: 9.410778999328613
lead: 1
pred mean: 9.408597946166992
lead: 0
pred mean: 9.399056434631348
lead: 0
pred mean: 9.405658721923828
lead: 2
pred mean: 9.428861618041992
lead: 5
pred mean: 9.399860382080078
 97%|█████████▋| 1796/1855 [35:59<01:10,  1.20s/it]lead: 4
pred mean: 9.41443157196045
lead: 0
pred mean: 9.403900146484375
lead: 1
pred mean: 9.415241241455078
lead: 1
pred mean: 9.393158912658691
lead: 0
pred mean: 9.411382675170898
lead: 0
pred mean: 9.408432960510254
lead: 3
pred mean: 9.407337188720703
lead: 5
pred mean: 9.42130184173584
 97%|█████████▋| 1797/1855 [36:00<01:09,  1.20s/it]lead: 4
lead:lead: pred mean: 0 3

9.390690803527832
pred mean:pred mean:  9.4014568328857429.400823593139648

lead: 4
pred mean: 9.420466423034668
lead: 2
pred mean: 9.407491683959961
lead: 2
pred mean: 9.403993606567383
lead: 2
pred mean: 9.40388298034668
lead: 1
pred mean: 9.403290748596191
 97%|█████████▋| 1798/1855 [36:01<01:07,  1.19s/it]lead: 5
pred mean: 9.408844947814941
lead: 3
pred mean: 9.3961820602417
lead: 0
pred mean: 9.387321472167969
lead: 5
pred mean: 9.41146183013916
lead: 0
pred mean: 9.393898963928223
lead: 1
pred mean: 9.42143440246582
lead: 1
pred mean: 9.411913871765137
lead: 4
pred mean: 9.405284881591797
 97%|█████████▋| 1799/1855 [36:02<01:06,  1.18s/it]lead: 4
pred mean: 9.407751083374023
lead: 3
pred mean: 9.395866394042969
lead: 4
pred mean: 9.409585952758789
lead: 3
pred mean: 9.416630744934082
lead: 0
pred mean: 9.413869857788086
lead: 1
pred mean: 9.411401748657227
lead: 5
pred mean: 9.410299301147461
lead: 4
pred mean: 9.397660255432129
 97%|█████████▋| 1800/1855 [36:03<01:05,  1.19s/it]                                                   {'loss': 5.0346, 'learning_rate': 5.354199195991893e-07, 'epoch': 4.85}
 97%|█████████▋| 1800/1855 [36:03<01:05,  1.19s/it]lead: 5
pred mean: 9.40747356414795
lead: 5
pred mean: 9.41242790222168
lead: 3
pred mean: 9.406904220581055
lead: 1
pred mean: 9.391627311706543
lead: 1
pred mean: 9.418008804321289
lead: 5
pred mean: 9.416085243225098
lead: 1
pred mean: 9.419411659240723
lead: 4
pred mean: 9.412677764892578
 97%|█████████▋| 1801/1855 [36:05<01:04,  1.19s/it]lead: 4
pred mean: 9.412527084350586
lead: 2
lead: 5
pred mean: 9.402044296264648
pred mean: 9.405282974243164
lead: 1
pred mean: 9.412819862365723
lead: 3
pred mean: 9.417630195617676
lead: 4
pred mean: 9.398629188537598
lead: 0
pred mean: 9.404074668884277
lead: 5
pred mean: 9.415319442749023
 97%|█████████▋| 1802/1855 [36:06<01:02,  1.19s/it]lead: 5
pred mean: 9.40125846862793
lead: 3
pred mean: 9.404565811157227
lead: 3
pred mean: 9.415072441101074
lead: 5
lead: 1
pred mean: 9.410079956054688
pred mean: 9.418997764587402
lead: 1
pred mean: 9.40412712097168
lead: 5
pred mean: 9.405974388122559
lead: 4
pred mean: 9.402230262756348
 97%|█████████▋| 1803/1855 [36:07<01:01,  1.18s/it]lead: 5
pred mean: 9.403432846069336
lead: 4
pred mean: 9.414984703063965
lead: 3
pred mean: 9.396010398864746
lead: 3
pred mean: 9.39497184753418
lead: 2
pred mean: 9.403059959411621
lead: 1
pred mean: 9.411955833435059
lead: 4
pred mean: 9.407157897949219
lead: 2
pred mean: 9.402288436889648
 97%|█████████▋| 1804/1855 [36:08<00:59,  1.17s/it]lead: 5
pred mean: 9.40134334564209
lead: 0
pred mean: 9.408482551574707
lead: 4
pred mean: 9.412895202636719
lead: 2
pred mean: 9.405579566955566
lead: 1
pred mean: 9.40598201751709
lead: 3
pred mean: 9.411316871643066
lead: 1
pred mean: 9.408839225769043
lead: 4
pred mean: 9.398293495178223
 97%|█████████▋| 1805/1855 [36:09<00:58,  1.18s/it]                                                   {'loss': 5.0346, 'learning_rate': 4.4256440996122137e-07, 'epoch': 4.87}
 97%|█████████▋| 1805/1855 [36:09<00:58,  1.18s/it]lead: 1
pred mean: 9.40069580078125
lead: 1
pred mean: 9.402533531188965
lead: 2
pred mean: 9.40849781036377
lead: 0
pred mean: 9.40077018737793
lead: 4
pred mean: 9.415481567382812
lead: 2
pred mean: 9.408180236816406
lead: 0
pred mean: 9.414106369018555
lead: 1
pred mean: 9.401164054870605
 97%|█████████▋| 1806/1855 [36:10<00:57,  1.18s/it]lead: 2
pred mean: 9.400864601135254
lead: 1
pred mean: 9.392363548278809
lead: 5
pred mean: 9.409093856811523
lead: 0
pred mean: 9.417973518371582
lead: 1
pred mean: 9.40902328491211
lead: 1
pred mean: 9.401127815246582
lead: 2
pred mean: 9.402514457702637
lead: 4
pred mean: 9.396002769470215
 97%|█████████▋| 1807/1855 [36:12<00:56,  1.19s/it]lead: 3
pred mean: 9.408736228942871
lead: 1
pred mean: 9.410262107849121
lead: 4
pred mean: 9.404200553894043
lead: 5
pred mean: 9.407569885253906
lead: 4
pred mean: 9.409321784973145
lead: 4
pred mean: 9.41693115234375
lead: 1
pred mean: 9.419870376586914
lead: 5
pred mean: 9.41137981414795
 97%|█████████▋| 1808/1855 [36:13<00:55,  1.18s/it]lead: 0
pred mean: 9.414711952209473
lead: 3
pred mean: 9.413494110107422
lead: 0
pred mean: 9.424344062805176
lead: 5
pred mean: 9.415179252624512
lead: 3
pred mean: 9.40220832824707
lead: 5
pred mean: 9.4098482131958
lead: 5
pred mean: 9.404932975769043
lead: 0
pred mean: 9.415385246276855
 98%|█████████▊| 1809/1855 [36:14<00:54,  1.19s/it]lead: 2
pred mean: 9.39465045928955
lead: 4
pred mean: 9.410850524902344
lead: 2
pred mean: 9.39989185333252
lead: 4
pred mean: 9.41536808013916
lead: 2
pred mean: 9.417283058166504
lead: 2
pred mean: 9.404471397399902
lead: 0
pred mean: 9.398296356201172
lead: 1
pred mean: 9.413104057312012
 98%|█████████▊| 1810/1855 [36:15<00:53,  1.19s/it]                                                   {'loss': 5.0342, 'learning_rate': 3.585274583395193e-07, 'epoch': 4.88}
 98%|█████████▊| 1810/1855 [36:15<00:53,  1.19s/it]lead: 2
pred mean: 9.388951301574707
lead: 4
pred mean: 9.40980339050293
lead: 2
pred mean: 9.40733814239502
lead: 3
pred mean: 9.39013671875
lead: 2
pred mean: 9.411242485046387
lead: 2
pred mean: 9.409435272216797
lead: 1
pred mean: 9.410792350769043
lead: 3
pred mean: 9.413663864135742
 98%|█████████▊| 1811/1855 [36:16<00:52,  1.19s/it]lead: 0
pred mean: 9.41676139831543
lead: 2
pred mean: 9.410531997680664
lead: 0
pred mean: 9.40771484375
lead: 2
pred mean: 9.400522232055664
lead: 3
pred mean: 9.40539264678955
lead: 4
pred mean: 9.401653289794922
lead: 1
pred mean: 9.406702041625977
lead: 1
pred mean: 9.414398193359375
 98%|█████████▊| 1812/1855 [36:18<00:51,  1.19s/it]lead: 5
pred mean: 9.405324935913086
lead: 2
pred mean: 9.41888427734375
lead: 5
pred mean: 9.414588928222656
lead: 4
pred mean: 9.390878677368164
lead: 1
pred mean: 9.40903091430664
lead: 0
pred mean: 9.399846076965332
lead: 2
pred mean: 9.411417961120605
lead: 3
pred mean: 9.407472610473633
 98%|█████████▊| 1813/1855 [36:19<00:49,  1.19s/it]lead: 2
pred mean: 9.411770820617676
lead: 2
pred mean: 9.400994300842285
lead: 5
pred mean: 9.399978637695312
lead: 3
pred mean: 9.401266098022461
lead: 5
pred mean: 9.41711711883545
lead: 0
pred mean: 9.414958953857422
lead: 2
pred mean: 9.401881217956543
lead: 1
pred mean: 9.409255981445312
 98%|█████████▊| 1814/1855 [36:20<00:48,  1.19s/it]lead: 0
pred mean: 9.409774780273438
lead: 5
pred mean: 9.395268440246582
lead: 0
pred mean: 9.424954414367676
lead: 1
pred mean: 9.409133911132812
lead: 4
pred mean: 9.411993980407715
lead: 4
pred mean: 9.407814025878906
lead: 5
pred mean: 9.40987491607666
lead: 3
pred mean: 9.408568382263184
 98%|█████████▊| 1815/1855 [36:21<00:47,  1.19s/it]                                                   {'loss': 5.0336, 'learning_rate': 2.8331650852501115e-07, 'epoch': 4.89}
 98%|█████████▊| 1815/1855 [36:21<00:47,  1.19s/it]lead: 2
pred mean: 9.415651321411133
lead: 3
pred mean: 9.394979476928711
lead: 0
pred mean: 9.403691291809082
lead: 2
pred mean: 9.40691089630127
lead: 0
pred mean: 9.408894538879395
lead: 4
pred mean: 9.411224365234375
lead: 4
pred mean: 9.39304256439209
lead: 2
pred mean: 9.408806800842285
 98%|█████████▊| 1816/1855 [36:22<00:46,  1.19s/it]lead: 3
pred mean: 9.412500381469727
lead: 0
pred mean: 9.396080017089844
lead: 0
pred mean: 9.413029670715332
lead: 3
pred mean: 9.385394096374512
lead: 1
pred mean: 9.400176048278809
lead: 5
pred mean: 9.411519050598145
lead: 1
pred mean: 9.398480415344238
lead: 3
pred mean: 9.408343315124512
 98%|█████████▊| 1817/1855 [36:24<00:46,  1.22s/it]lead: 2
pred mean: 9.410311698913574
lead: 3
pred mean: 9.418722152709961
lead: 5
pred mean: 9.4083833694458
lead: 2
pred mean: 9.407758712768555
lead: 2
pred mean: 9.399913787841797
lead: 3
pred mean: 9.412930488586426
lead: 3
pred mean: 9.406291961669922
lead: 0
pred mean: 9.40217399597168
 98%|█████████▊| 1818/1855 [36:25<00:44,  1.22s/it]lead: 1
pred mean: 9.422653198242188
lead: 5
pred mean: 9.417038917541504
lead: 1
pred mean: 9.417515754699707
lead: 2
pred mean: 9.410431861877441
lead: 1
pred mean: 9.410323143005371
lead: 0
pred mean: 9.416154861450195
lead: 2
pred mean: 9.401996612548828
lead: 4
pred mean: 9.418205261230469
 98%|█████████▊| 1819/1855 [36:26<00:43,  1.21s/it]lead: 2
pred mean: 9.413875579833984
lead: 5
pred mean: 9.417986869812012
lead: 2
pred mean: 9.409506797790527
lead: 0
pred mean: 9.422454833984375
lead: 5
pred mean: 9.418920516967773
lead: 0
pred mean: 9.417611122131348
lead: 2
pred mean: 9.417046546936035
lead: 1
pred mean: 9.39406967163086
 98%|█████████▊| 1820/1855 [36:27<00:42,  1.21s/it]                                                   {'loss': 5.0343, 'learning_rate': 2.16938222522578e-07, 'epoch': 4.91}
 98%|█████████▊| 1820/1855 [36:27<00:42,  1.21s/it]lead: 5
pred mean: 9.397869110107422
lead: 1
lead: 0
pred mean: 9.392822265625
pred mean: 9.409878730773926
lead: 2
pred mean: 9.399548530578613
lead: 4
pred mean: 9.395237922668457
lead: 3
pred mean: 9.399452209472656
lead: 3
pred mean: 9.413593292236328
lead: 2
pred mean: 9.40782642364502
 98%|█████████▊| 1821/1855 [36:28<00:40,  1.19s/it]lead: 5
pred mean: 9.402535438537598
lead: 2
pred mean: 9.397907257080078
lead: 1
pred mean: 9.398294448852539
lead: 2
pred mean: 9.390634536743164
lead: 0
pred mean: 9.414636611938477
lead: 3
pred mean: 9.395585060119629
lead: 4
pred mean: 9.40919303894043
lead: 3
pred mean: 9.393317222595215
 98%|█████████▊| 1822/1855 [36:30<00:39,  1.19s/it]lead: 5
pred mean: 9.427777290344238
lead: 4
pred mean: 9.414597511291504
lead: 4
pred mean: 9.408045768737793
lead: 4
pred mean: 9.404960632324219
lead: 0
pred mean: 9.405577659606934
lead: 2
pred mean: 9.401692390441895
lead: 0
pred mean: 9.399504661560059
lead: 0
pred mean: 9.400655746459961
 98%|█████████▊| 1823/1855 [36:31<00:38,  1.19s/it]lead: 1
pred mean: 9.410090446472168
lead: 2
pred mean: 9.411186218261719
lead: 5
pred mean: 9.40378189086914
lead: 3
pred mean: 9.414043426513672
lead: 3
pred mean: 9.401710510253906
lead: 2
pred mean: 9.39824390411377
lead: 2
pred mean: 9.411280632019043
lead: 3
pred mean: 9.392463684082031
 98%|█████████▊| 1824/1855 [36:32<00:36,  1.19s/it]lead: 4
pred mean: 9.40195083618164
lead: 5
pred mean: 9.393210411071777
lead: 4
pred mean: 9.406913757324219
lead: 1
pred mean: 9.409745216369629
lead: 4
pred mean: 9.387977600097656
lead: 3
pred mean: 9.408539772033691
lead: 5
pred mean: 9.40643310546875
lead: 3
pred mean: 9.406786918640137
 98%|█████████▊| 1825/1855 [36:33<00:35,  1.19s/it]                                                   {'loss': 5.0335, 'learning_rate': 1.593984799610482e-07, 'epoch': 4.92}
 98%|█████████▊| 1825/1855 [36:33<00:35,  1.19s/it]lead: 5
pred mean: 9.401930809020996
lead: 4
pred mean: 9.397692680358887
lead: 3
lead: 5
pred mean: 9.39602279663086
pred mean: 9.40756607055664
lead: 1
pred mean: 9.40369987487793
lead: 3
pred mean: 9.405667304992676
lead: 5
pred mean: 9.40852165222168
lead: 3
pred mean: 9.410381317138672
 98%|█████████▊| 1826/1855 [36:34<00:34,  1.19s/it]lead: 5
pred mean: 9.409529685974121
lead: 5
pred mean: 9.403518676757812
lead: 2
pred mean: 9.404313087463379
lead: 5
pred mean: 9.420601844787598
lead: 5
pred mean: 9.405806541442871
lead: 5
pred mean: 9.407549858093262
lead: 5
lead: 1
pred mean: 9.395652770996094
pred mean: 9.417508125305176
 98%|█████████▊| 1827/1855 [36:36<00:33,  1.19s/it]lead: 5
pred mean: 9.4226655960083
lead: 5
pred mean: 9.40959358215332
lead: 5
lead: 5
pred mean: 9.414210319519043
pred mean: 9.405359268188477
lead: 0
pred mean: 9.406688690185547
lead: 0
pred mean: 9.406810760498047
lead: 2
pred mean: 9.40752124786377
lead: 1
pred mean: 9.400423049926758
 99%|█████████▊| 1828/1855 [36:37<00:32,  1.19s/it]lead: 0
pred mean: 9.394147872924805
lead: 2
pred mean: 9.402385711669922
lead: 2
pred mean: 9.419184684753418
lead: 5
pred mean: 9.411745071411133
lead: 3
pred mean: 9.42833423614502
lead: 5
pred mean: 9.413630485534668
lead: 3
lead: 2
pred mean: 9.419285774230957
pred mean: 9.402965545654297
 99%|█████████▊| 1829/1855 [36:38<00:30,  1.19s/it]lead: 3
pred mean: 9.401311874389648
lead: 4
pred mean: 9.40084457397461
lead: 2
pred mean: 9.413399696350098
lead: 4
pred mean: 9.398645401000977
lead: 0
pred mean: 9.415029525756836
lead: 4
pred mean: 9.404814720153809
lead: 4
pred mean: 9.402379035949707
lead: 4
pred mean: 9.404824256896973
 99%|█████████▊| 1830/1855 [36:39<00:29,  1.19s/it]                                                   {'loss': 5.0341, 'learning_rate': 1.1070237757230261e-07, 'epoch': 4.93}
 99%|█████████▊| 1830/1855 [36:39<00:29,  1.19s/it]lead: 1
pred mean: 9.409997940063477
lead: 0
pred mean: 9.408127784729004
lead: 1
pred mean: 9.407674789428711
lead: 4
pred mean: 9.409738540649414
lead: 4
pred mean: 9.387995719909668
lead: 2
pred mean: 9.412043571472168
lead: 1
pred mean: 9.404939651489258
lead: 5
pred mean: 9.407559394836426
 99%|█████████▊| 1831/1855 [36:40<00:28,  1.19s/it]lead: 5
pred mean: 9.4142427444458
lead: 3
pred mean: 9.415562629699707
lead: 3
pred mean: 9.404187202453613
lead: 3
pred mean: 9.42752456665039
lead: 4
pred mean: 9.410566329956055
lead: 3
pred mean: 9.393826484680176
lead: 4
pred mean: 9.414348602294922
lead: 0
pred mean: 9.3992919921875
 99%|█████████▉| 1832/1855 [36:42<00:27,  1.19s/it]lead: 5
pred mean: 9.391758918762207
lead: 0
pred mean: 9.405364990234375
lead: 3
pred mean: 9.41702938079834
lead: 4
pred mean: 9.40811824798584
lead: 0
pred mean: 9.407981872558594
lead: 2
pred mean: 9.403573036193848
lead: 3
pred mean: 9.40794849395752
lead: 2
pred mean: 9.402494430541992
 99%|█████████▉| 1833/1855 [36:43<00:26,  1.19s/it]lead: 0
pred mean: 9.405973434448242
lead: 2
pred mean: 9.400156021118164
lead: 4
pred mean: 9.411479949951172
lead: 5
pred mean: 9.39799976348877
lead: 3
pred mean: 9.4057035446167
lead: 2
pred mean: 9.422369956970215
lead: 5
pred mean: 9.402267456054688
lead: 0
pred mean: 9.415620803833008
 99%|█████████▉| 1834/1855 [36:44<00:24,  1.19s/it]lead: 2
pred mean: 9.408323287963867
lead: 4
pred mean: 9.405077934265137
lead: 5
pred mean: 9.403674125671387
lead: 3
pred mean: 9.413224220275879
lead: 5
pred mean: 9.403782844543457
lead: 5
pred mean: 9.420127868652344
lead: 3
pred mean: 9.40313720703125
lead: 5
pred mean: 9.420284271240234
 99%|█████████▉| 1835/1855 [36:45<00:23,  1.19s/it]                                                   {'loss': 5.0344, 'learning_rate': 7.085422873990277e-08, 'epoch': 4.95}
 99%|█████████▉| 1835/1855 [36:45<00:23,  1.19s/it]lead: 3
pred mean: 9.391557693481445
lead: 5
pred mean: 9.414446830749512
lead: 1
pred mean: 9.406204223632812
lead: 0
pred mean: 9.412493705749512
lead: 4
pred mean: 9.410274505615234
lead: 1
pred mean: 9.396401405334473
lead: 4
pred mean: 9.390798568725586
lead: 0
pred mean: 9.42412281036377
 99%|█████████▉| 1836/1855 [36:46<00:22,  1.19s/it]lead: 1
pred mean: 9.39417839050293
lead: 0
lead: 3
pred mean: 9.420085906982422
pred mean: 9.406944274902344
lead: 2
pred mean: 9.413806915283203
lead: 2
pred mean: 9.407090187072754
lead: 2
pred mean: 9.408323287963867
lead: 4
pred mean: 9.389050483703613
lead: 0
pred mean: 9.389491081237793
 99%|█████████▉| 1837/1855 [36:47<00:21,  1.19s/it]lead: 0
pred mean: 9.408109664916992
lead: 1
pred mean: 9.425762176513672
lead: 5
pred mean: 9.3931245803833
lead: 2
pred mean: 9.39750862121582
lead: 2
pred mean: 9.41981315612793
lead: 5
pred mean: 9.401196479797363
lead: 1
pred mean: 9.417622566223145
lead: 3
pred mean: 9.409692764282227
 99%|█████████▉| 1838/1855 [36:49<00:20,  1.18s/it]lead: 2
pred mean: 9.419637680053711
lead: 5
pred mean: 9.409818649291992
lead: 0
pred mean: 9.411615371704102
lead: 0
pred mean: 9.40515422821045
lead: 1
pred mean: 9.403486251831055
lead: 2
pred mean: 9.399495124816895
lead: 5
pred mean: 9.428065299987793
lead: 4
pred mean: 9.403450965881348
 99%|█████████▉| 1839/1855 [36:50<00:18,  1.18s/it]lead: 3
pred mean: 9.407788276672363
lead: 0
pred mean: 9.411412239074707
lead: 1
pred mean: 9.415127754211426
lead: 5
pred mean: 9.40808391571045
lead: 5
pred mean: 9.403985977172852
lead: 1
pred mean: 9.407111167907715
lead: 3
pred mean: 9.405754089355469
lead: 1
pred mean: 9.403840065002441
 99%|█████████▉| 1840/1855 [36:51<00:17,  1.18s/it]                                                   {'loss': 5.0337, 'learning_rate': 3.9857563116951766e-08, 'epoch': 4.96}
 99%|█████████▉| 1840/1855 [36:51<00:17,  1.18s/it]lead: 5
pred mean: 9.404244422912598
lead: 3
pred mean: 9.402297019958496
lead: 1
pred mean: 9.413991928100586
lead: 2
pred mean: 9.411215782165527
lead: 2
pred mean: 9.404864311218262
lead: 1
pred mean: 9.413235664367676
lead: 4
pred mean: 9.398378372192383
lead: 4
pred mean: 9.421892166137695
 99%|█████████▉| 1841/1855 [36:52<00:16,  1.18s/it]lead: 5
pred mean: 9.414636611938477
lead: 2
pred mean: 9.397051811218262
lead: 0
pred mean: 9.409256935119629
lead: 2
pred mean: 9.401687622070312
lead: 3
pred mean: 9.41000747680664
lead: 3
pred mean: 9.40268325805664
lead: 4
pred mean: 9.398122787475586
lead: 5
pred mean: 9.409475326538086
 99%|█████████▉| 1842/1855 [36:53<00:15,  1.18s/it]lead: 3
pred mean: 9.408583641052246
lead: 3
pred mean: 9.409735679626465
lead: 3
pred mean: 9.413317680358887
lead: 4
pred mean: 9.400145530700684
lead: 0
pred mean: 9.426025390625
lead: 5
pred mean: 9.407955169677734
lead: 5
pred mean: 9.399311065673828
lead: 2
pred mean: 9.409191131591797
 99%|█████████▉| 1843/1855 [36:55<00:14,  1.21s/it]lead: 2
pred mean: 9.408439636230469
lead:lead:  10

pred mean:pred mean:  9.4014482498168959.418182373046875

lead: 3
pred mean: 9.39818000793457
lead: 0
pred mean: 9.408308982849121
lead: 4
pred mean: 9.402252197265625
lead: 1
pred mean: 9.414109230041504
lead: 3
pred mean: 9.400217056274414
 99%|█████████▉| 1844/1855 [36:56<00:13,  1.20s/it]lead: 4
pred mean: 9.410894393920898
lead: 1
pred mean: 9.41465950012207
lead: 2
pred mean: 9.404836654663086
lead: 4
pred mean: 9.406262397766113
lead: 1
pred mean: 9.417320251464844
lead: 3
pred mean: 9.407021522521973
lead: 3
pred mean: 9.406702995300293
lead: 4
pred mean: 9.410223960876465
 99%|█████████▉| 1845/1855 [36:57<00:11,  1.19s/it]                                                   {'loss': 5.0338, 'learning_rate': 1.7715126313477825e-08, 'epoch': 4.97}
 99%|█████████▉| 1845/1855 [36:57<00:11,  1.19s/it]lead: 4
pred mean: 9.413535118103027
lead: 4
pred mean: 9.41663646697998
lead: 0
pred mean: 9.421319007873535
lead: 2
pred mean: 9.402099609375
lead: 0
pred mean: 9.418173789978027
lead: 5
lead: 0
pred mean: 9.413837432861328
pred mean: 9.408231735229492
lead: 0
pred mean: 9.413992881774902
100%|█████████▉| 1846/1855 [36:58<00:10,  1.21s/it]lead: 5
pred mean: 9.423260688781738
lead: 3
pred mean: 9.408655166625977
lead: 1
pred mean: 9.399478912353516
lead: 0
pred mean: 9.404476165771484
lead: 3
pred mean: 9.412240028381348
lead: 1
pred mean: 9.408345222473145
lead: 3
pred mean: 9.40619945526123
lead: 2
pred mean: 9.410237312316895
100%|█████████▉| 1847/1855 [37:00<00:09,  1.24s/it]lead: 3
pred mean: 9.405997276306152
lead: 4
pred mean: 9.424981117248535
lead: 1
pred mean: 9.399785041809082
lead: 0
pred mean: 9.416756629943848
lead: 0
pred mean: 9.409234046936035
lead: 5
pred mean: 9.412933349609375
lead: 5
pred mean: 9.397125244140625
lead: 1
pred mean: 9.410286903381348
100%|█████████▉| 1848/1855 [37:01<00:08,  1.23s/it]lead: 5
pred mean: 9.41584587097168
lead: 2
pred mean: 9.400212287902832
lead: 1
pred mean: 9.394062042236328
lead: 2
pred mean: 9.410305976867676
lead: 3
pred mean: 9.417726516723633
lead: 2
pred mean: 9.401164054870605
lead: 4
pred mean: 9.395828247070312
lead: 2
pred mean: 9.415327072143555
100%|█████████▉| 1849/1855 [37:02<00:07,  1.22s/it]lead: 0
lead: 3
pred mean: 9.38919734954834
pred mean: 9.403769493103027
lead: 3
pred mean: 9.411998748779297
lead: 5
pred mean: 9.40471363067627
lead: 1
pred mean: 9.411608695983887
lead: 5
pred mean: 9.399065971374512
lead: 0
pred mean: 9.407751083374023
lead: 4
pred mean: 9.3985013961792
100%|█████████▉| 1850/1855 [37:03<00:06,  1.21s/it]                                                   {'loss': 5.0339, 'learning_rate': 4.4288796532399035e-09, 'epoch': 4.99}
100%|█████████▉| 1850/1855 [37:03<00:06,  1.21s/it]lead: 2
pred mean: 9.401689529418945
lead: 0
pred mean: 9.41299057006836
lead: 4
pred mean: 9.40085506439209
lead: 0
pred mean: 9.4111328125
lead: 3
pred mean: 9.402587890625
lead: 5
pred mean: 9.410030364990234
lead: 4
pred mean: 9.419602394104004
lead: 3
pred mean: 9.392777442932129
100%|█████████▉| 1851/1855 [37:04<00:04,  1.20s/it]lead: 5
lead: 2
pred mean: 9.399822235107422
pred mean: 9.39169979095459
lead: 2
pred mean: 9.398581504821777
lead: 1
pred mean: 9.401426315307617
lead: 2
pred mean: 9.412365913391113
lead: 3
pred mean: 9.40561294555664
lead: 3
pred mean: 9.414918899536133
lead: 5
pred mean: 9.40758991241455
100%|█████████▉| 1852/1855 [37:05<00:03,  1.19s/it]lead: 0
pred mean: 9.416679382324219
lead: 0
pred mean: 9.394984245300293
lead: 1
pred mean: 9.405609130859375
lead: 1
pred mean: 9.404024124145508
lead: 2
pred mean: 9.410517692565918
lead: 4
lead: 5
pred mean: 9.409992218017578
pred mean: 9.404374122619629
lead: 4
pred mean: 9.41085147857666
100%|█████████▉| 1853/1855 [37:07<00:02,  1.19s/it]lead: 2
pred mean: 9.399818420410156
lead: 3
pred mean: 9.402946472167969
lead: 1
pred mean: 9.406392097473145
lead: 5
pred mean: 9.419692993164062
lead: 2
pred mean: 9.40449333190918
lead: 4
lead: 1
pred mean: 9.404979705810547
pred mean: 9.42818832397461
lead: 4
pred mean: 9.404313087463379
100%|█████████▉| 1854/1855 [37:08<00:01,  1.19s/it]lead: 2
pred mean: 9.390864372253418
lead: 5
pred mean: 9.43122673034668
lead: 3
pred mean: 9.394852638244629
lead: 3
pred mean: 9.406850814819336
lead: 5
pred mean: 9.40018367767334
lead: 0
pred mean: 9.409870147705078
lead: 5
pred mean: 9.410703659057617
lead: 4
pred mean: 9.441845893859863
100%|██████████| 1855/1855 [37:09<00:00,  1.14s/it]                                                   {'loss': 5.034, 'learning_rate': 0.0, 'epoch': 5.0}
100%|██████████| 1855/1855 [37:09<00:00,  1.14s/it]                                                   {'train_runtime': 2229.556, 'train_samples_per_second': 26.561, 'train_steps_per_second': 0.832, 'train_loss': 9.82141396350295, 'epoch': 5.0}
100%|██████████| 1855/1855 [37:09<00:00,  1.14s/it]100%|██████████| 1855/1855 [37:09<00:00,  1.20s/it]
[INFO|configuration_utils.py:457] 2026-03-21 11:55:43,927 >> Configuration saved in ./output/train_stage1/exp4/config.json
[INFO|modeling_utils.py:1847] 2026-03-21 11:55:45,881 >> Model weights saved in ./output/train_stage1/exp4/pytorch_model.bin
***** train metrics *****
  epoch                    =        5.0
  params                   =   56012024
  train_loss               =     9.8214
  train_runtime            = 0:37:09.55
  train_samples            =      11844
  train_samples_per_second =     26.561
  train_steps_per_second   =      0.832
[rank0]:[W321 11:55:46.633643870 ProcessGroupNCCL.cpp:1250] Warning: WARNING: process group has NOT been destroyed before we destruct ProcessGroupNCCL. On normal program exit, the application should call destroy_process_group to ensure that any pending NCCL operations have finished in this process. In rare cases this process can exit before this point and block the progress of another member of the process group. This constraint has always been present,  but this warning has only been added since PyTorch 2.4 (function operator())
